{
  "type": "FeatureCollection",
  "name": "PhysicalSegment proposed passenger-use year envelopes",
  "bbox": [
    -77.40241364775456,
    38.711429653763936,
    -76.73809437731632,
    39.10623030956103
  ],
  "features": [
    {
      "type": "Feature",
      "id": "segment-7462a55b2aba7be5",
      "properties": {
        "segment_id": "segment-7462a55b2aba7be5",
        "fid": 1,
        "name": "M Street and old Twenty-sixth bridge approach; through the Pennsylvania junction (DC portion)",
        "estimate_label": "M Street Georgetown to Pennsylvania Avenue",
        "atlas_area_id": "DC",
        "geometry_hash": "b6d9eaab6193f046ba6f387b6886c41cb768a9250d3a68a1f362432ad33f2890",
        "estimate_id": "PSL-20261008-segment-7462a55b2aba7be5",
        "start_year": 1862,
        "end_year": 1960,
        "start_earliest_year": 1862,
        "start_latest_year": 1863,
        "end_earliest_year": 1958,
        "end_latest_year": 1960,
        "start_confidence": "medium",
        "end_confidence": "medium",
        "confidence_group": "medium_high",
        "estimate_status": "provisional_not_verified_not_admitted",
        "mixed_subextent": true,
        "has_known_periods": true,
        "citation_review_warning": "Embedded basis claim DC-TIME-DCLV-C10 explicitly concerns Georgia Avenue–Seventh Street, route 72, rather than this M/Pennsylvania carrier. Confirm the appropriate geographically scoped closing witness; this warning does not establish that the proposed year is wrong.",
        "continuous_operation_asserted": false,
        "whole_segment_uniform_lifespan_asserted": false,
        "source_ids": [
          "AUDIT-DC-NPS2005-DUPONT",
          "AUDIT-NPS2005-MET-EARLY",
          "AUDIT-WILDWOOD-TERMINAL-NPS2005",
          "BR-S006",
          "DC-RECON-NPS2005-E19",
          "G7-S-1955-INHERITED",
          "GAP-CONV-S08",
          "INF-SRC-MD-NPS-STREETCAR",
          "LATE-CONV-S04",
          "LATE-PH-S08",
          "LOOP-S07",
          "MD-EAST-S18",
          "MD-MONT-S02",
          "WB-S01",
          "date-source-9d66f86d24fa03bc",
          "date-source-c556bf8f53aa9934",
          "date-source-d8569aec0d752768"
        ],
        "context_source_ids": [
          "CORE-S05",
          "CORE-S06",
          "DC-LATE-MAP-S01",
          "DC-LATE-MAP-S03",
          "LATE-CONV-S04"
        ],
        "basis_claim_ids": [
          "DC-TIME-ROCKCREEK-EASTBOUND",
          "DC-TIME-ROCKCREEK-WESTBOUND",
          "DC-TIME-DCLV-C10"
        ],
        "evidence_id": "segment-7462a55b2aba7be5",
        "start_estimated_date": null,
        "end_estimated_date": null,
        "start_precision": "year",
        "end_precision": "year",
        "verified_start_date": null,
        "verified_end_date": null,
        "passenger_use_existence": "supported_at_named_corridor_scope",
        "geometry_correspondence": "source_scoped_not_full_segment_proof",
        "uncertainty_reason_group": "ordinary_date_and_scope_uncertainty"
      },
      "geometry": {
        "coordinates": [
          [
            -77.070228,
            38.90503
          ],
          [
            -77.06896,
            38.905052
          ],
          [
            -77.06895999998508,
            38.905052000000296
          ],
          [
            -77.06290235466881,
            38.905174886437
          ],
          [
            -77.06281100000162,
            38.905177
          ],
          [
            -77.062811,
            38.905177
          ],
          [
            -77.06281099999715,
            38.905177
          ],
          [
            -77.05904340950751,
            38.90520537242762
          ],
          [
            -77.054749,
            38.905251
          ],
          [
            -77.05433977476335,
            38.9031011505718
          ]
        ],
        "type": "LineString"
      }
    },
    {
      "type": "Feature",
      "id": "segment-1e7135cecb7e48aa",
      "properties": {
        "segment_id": "segment-1e7135cecb7e48aa",
        "fid": 2,
        "name": "Pennsylvania Avenue east of the old bridge junction (DC portion)",
        "estimate_label": "M Street Georgetown to Pennsylvania Avenue",
        "atlas_area_id": "DC",
        "geometry_hash": "7d97538240a669a433115294c655713d4d55f193ce4b731e105a07d09a527aa0",
        "estimate_id": "PSL-20261008-segment-1e7135cecb7e48aa",
        "start_year": 1862,
        "end_year": 1960,
        "start_earliest_year": 1862,
        "start_latest_year": 1863,
        "end_earliest_year": 1960,
        "end_latest_year": 1960,
        "start_confidence": "medium",
        "end_confidence": "medium",
        "confidence_group": "medium_high",
        "estimate_status": "provisional_not_verified_not_admitted",
        "mixed_subextent": false,
        "has_known_periods": true,
        "citation_review_warning": "Embedded basis claim DC-TIME-DCLV-C10 explicitly concerns Georgia Avenue–Seventh Street, route 72, rather than this M/Pennsylvania carrier. Confirm the appropriate geographically scoped closing witness; this warning does not establish that the proposed year is wrong.",
        "continuous_operation_asserted": false,
        "whole_segment_uniform_lifespan_asserted": false,
        "source_ids": [
          "AUDIT-DC-NPS2005-DUPONT",
          "AUDIT-NPS2005-MET-EARLY",
          "AUDIT-WILDWOOD-TERMINAL-NPS2005",
          "DC-RECON-NPS2005-E19",
          "G7-S-1955-INHERITED",
          "GAP-CONV-S08",
          "INF-SRC-MD-NPS-STREETCAR",
          "LATE-CONV-S04",
          "LATE-PH-S08",
          "LOOP-S07",
          "MD-EAST-S18",
          "MD-MONT-S02",
          "WB-S01",
          "date-source-9d66f86d24fa03bc",
          "date-source-d8569aec0d752768"
        ],
        "context_source_ids": [
          "CORE-S05",
          "CORE-S06",
          "DC-LATE-MAP-S01",
          "DC-LATE-MAP-S03",
          "LATE-CONV-S04"
        ],
        "basis_claim_ids": [
          "DC-TIME-DCLV-C09",
          "DC-TIME-DCLV-C10"
        ],
        "evidence_id": "segment-1e7135cecb7e48aa",
        "start_estimated_date": null,
        "end_estimated_date": null,
        "start_precision": "year",
        "end_precision": "year",
        "verified_start_date": null,
        "verified_end_date": null,
        "passenger_use_existence": "supported_at_named_corridor_scope",
        "geometry_correspondence": "source_scoped_not_full_segment_proof",
        "uncertainty_reason_group": "ordinary_date_and_scope_uncertainty"
      },
      "geometry": {
        "coordinates": [
          [
            -77.05433977476335,
            38.9031011505718
          ],
          [
            -77.05235543539052,
            38.9025549042411
          ],
          [
            -77.05039472903677,
            38.90201512169586
          ],
          [
            -77.04975060912379,
            38.90183778637103
          ],
          [
            -77.03879241147727,
            38.89840885310251
          ]
        ],
        "type": "LineString"
      }
    },
    {
      "type": "Feature",
      "id": "segment-5d5b16f6c0154ab2",
      "properties": {
        "segment_id": "segment-5d5b16f6c0154ab2",
        "fid": 3,
        "name": "Whole retained carrier; geographic association only, not proof of complete service traversal. (DC portion)",
        "estimate_label": "Pennsylvania Avenue north of White House",
        "atlas_area_id": "DC",
        "geometry_hash": "bac8f83803c12d7997cd24a4e1b8d7e1d4c4755d3afc8d43bd33dd974cb826e1",
        "estimate_id": "PSL-20261008-segment-5d5b16f6c0154ab2",
        "start_year": 1862,
        "end_year": 1960,
        "start_earliest_year": 1862,
        "start_latest_year": 1863,
        "end_earliest_year": 1960,
        "end_latest_year": 1960,
        "start_confidence": "medium",
        "end_confidence": "medium",
        "confidence_group": "medium_high",
        "estimate_status": "provisional_not_verified_not_admitted",
        "mixed_subextent": false,
        "has_known_periods": true,
        "citation_review_warning": "Embedded basis claim DC-TIME-DCLV-C10 explicitly concerns Georgia Avenue–Seventh Street, route 72, rather than this M/Pennsylvania carrier. Confirm the appropriate geographically scoped closing witness; this warning does not establish that the proposed year is wrong.",
        "continuous_operation_asserted": false,
        "whole_segment_uniform_lifespan_asserted": false,
        "source_ids": [
          "AUDIT-DC-NPS2005-DUPONT",
          "AUDIT-NPS2005-MET-EARLY",
          "AUDIT-WILDWOOD-TERMINAL-NPS2005",
          "DC-RECON-NPS2005-E19",
          "G7-S-1955-INHERITED",
          "GAP-CONV-S08",
          "INF-SRC-MD-NPS-STREETCAR",
          "LATE-CONV-S04",
          "LATE-PH-S08",
          "LOOP-S07",
          "MD-EAST-S18",
          "MD-MONT-S02",
          "WB-S01",
          "date-source-9d66f86d24fa03bc",
          "date-source-d8569aec0d752768"
        ],
        "context_source_ids": [
          "CORE-S05",
          "CORE-S06",
          "DC-LATE-MAP-S01",
          "DC-LATE-MAP-S03",
          "LATE-CONV-S04"
        ],
        "basis_claim_ids": [
          "DC-TIME-DCLV-C09",
          "DC-TIME-DCLV-C10"
        ],
        "evidence_id": "segment-5d5b16f6c0154ab2",
        "start_estimated_date": null,
        "end_estimated_date": null,
        "start_precision": "year",
        "end_precision": "year",
        "verified_start_date": null,
        "verified_end_date": null,
        "passenger_use_existence": "supported_at_named_corridor_scope",
        "geometry_correspondence": "source_scoped_not_full_segment_proof",
        "uncertainty_reason_group": "ordinary_date_and_scope_uncertainty"
      },
      "geometry": {
        "coordinates": [
          [
            -77.03879241147727,
            38.89840885310251
          ],
          [
            -77.03314655357472,
            38.89843575107452
          ]
        ],
        "type": "LineString"
      }
    },
    {
      "type": "Feature",
      "id": "segment-e3a48b461a432cc5",
      "properties": {
        "segment_id": "segment-e3a48b461a432cc5",
        "fid": 4,
        "name": "Whole retained carrier; geographic association only, not proof of complete service traversal. (DC portion)",
        "estimate_label": "Fifteenth and Pennsylvania Avenue to Capitol",
        "atlas_area_id": "DC",
        "geometry_hash": "f5619318d62f84bdd31f9ef9d30794599e757c25143ea0d53e818f7164b5c247",
        "estimate_id": "PSL-20261008-segment-e3a48b461a432cc5",
        "start_year": 1862,
        "end_year": 1962,
        "start_earliest_year": 1862,
        "start_latest_year": 1863,
        "end_earliest_year": 1962,
        "end_latest_year": 1962,
        "start_confidence": "medium",
        "end_confidence": "medium",
        "confidence_group": "medium_high",
        "estimate_status": "provisional_not_verified_not_admitted",
        "mixed_subextent": false,
        "has_known_periods": true,
        "citation_review_warning": null,
        "continuous_operation_asserted": false,
        "whole_segment_uniform_lifespan_asserted": false,
        "source_ids": [
          "AUDIT-DC-NPS2005-DUPONT",
          "AUDIT-NPS2005-MET-EARLY",
          "AUDIT-WILDWOOD-TERMINAL-NPS2005",
          "DC-RECON-NPS2005-E19",
          "GAP-CONV-S08",
          "INF-SRC-MD-NPS-STREETCAR",
          "LATE-CONV-S07",
          "LATE-CONV-S08",
          "LATE-PH-S08",
          "LOOP-S07",
          "MD-EAST-S18",
          "MD-MONT-S02",
          "WB-S01",
          "date-source-aa82a23988ba1f53"
        ],
        "context_source_ids": [
          "CORE-S05",
          "CORE-S06",
          "CT-1947-GUIDE-BNF",
          "DC-LATE-MAP-S01",
          "DC-LATE-MAP-S03",
          "LATE-CONV-S04"
        ],
        "basis_claim_ids": [
          "DC-TIME-DCLV-C14",
          "DC-TIME-DCLV-C15"
        ],
        "evidence_id": "segment-e3a48b461a432cc5",
        "start_estimated_date": null,
        "end_estimated_date": null,
        "start_precision": "year",
        "end_precision": "year",
        "verified_start_date": null,
        "verified_end_date": null,
        "passenger_use_existence": "supported_at_named_corridor_scope",
        "geometry_correspondence": "source_scoped_not_full_segment_proof",
        "uncertainty_reason_group": "ordinary_date_and_scope_uncertainty"
      },
      "geometry": {
        "coordinates": [
          [
            -77.03314655357472,
            38.89843575107452
          ],
          [
            -77.03325726821816,
            38.89567278407572
          ],
          [
            -77.02336855213433,
            38.89323551075952
          ],
          [
            -77.0119436516253,
            38.89027137806933
          ]
        ],
        "type": "LineString"
      }
    },
    {
      "type": "Feature",
      "id": "segment-8df99b5e479719cf",
      "properties": {
        "segment_id": "segment-8df99b5e479719cf",
        "fid": 5,
        "name": "Whole retained carrier; geographic association only, not proof of complete service traversal. (DC portion)",
        "estimate_label": "South-side Capitol Pennsylvania approach",
        "atlas_area_id": "DC",
        "geometry_hash": "67a365d25266ed27d5c63bb9b9f909082f13c49b09eab215e9cf7f218bc6c6c9",
        "estimate_id": "PSL-20261008-segment-8df99b5e479719cf",
        "start_year": 1862,
        "end_year": 1962,
        "start_earliest_year": 1862,
        "start_latest_year": 1863,
        "end_earliest_year": 1962,
        "end_latest_year": 1962,
        "start_confidence": "medium",
        "end_confidence": "medium",
        "confidence_group": "medium_high",
        "estimate_status": "provisional_not_verified_not_admitted",
        "mixed_subextent": false,
        "has_known_periods": true,
        "citation_review_warning": null,
        "continuous_operation_asserted": false,
        "whole_segment_uniform_lifespan_asserted": false,
        "source_ids": [
          "AUDIT-DC-NPS2005-DUPONT",
          "AUDIT-NPS2005-MET-EARLY",
          "AUDIT-WILDWOOD-TERMINAL-NPS2005",
          "DC-RECON-NPS2005-E19",
          "GAP-CONV-S08",
          "INF-SRC-MD-NPS-STREETCAR",
          "LATE-CONV-S07",
          "LATE-CONV-S08",
          "LATE-PH-S08",
          "LOOP-S07",
          "MD-EAST-S18",
          "MD-MONT-S02",
          "WB-S01",
          "date-source-aa82a23988ba1f53"
        ],
        "context_source_ids": [
          "CORE-S05",
          "CORE-S06",
          "DC-LATE-MAP-S03"
        ],
        "basis_claim_ids": [
          "DC-TIME-DCLV-C14",
          "DC-TIME-DCLV-C15"
        ],
        "evidence_id": "segment-8df99b5e479719cf",
        "start_estimated_date": null,
        "end_estimated_date": null,
        "start_precision": "year",
        "end_precision": "year",
        "verified_start_date": null,
        "verified_end_date": null,
        "passenger_use_existence": "supported_at_named_corridor_scope",
        "geometry_correspondence": "source_scoped_not_full_segment_proof",
        "uncertainty_reason_group": "ordinary_date_and_scope_uncertainty"
      },
      "geometry": {
        "coordinates": [
          [
            -77.0119436516253,
            38.89027137806933
          ],
          [
            -77.01199403879893,
            38.88998057466637
          ],
          [
            -77.01227560848338,
            38.88965352530766
          ],
          [
            -77.01233263290761,
            38.888926890028394
          ],
          [
            -77.01224303999902,
            38.88874521100272
          ],
          [
            -77.01206001053961,
            38.88863613693265
          ],
          [
            -77.01201597255407,
            38.88849081246903
          ],
          [
            -77.01206480126322,
            38.88830922519808
          ],
          [
            -77.01215981897523,
            38.88812768349465
          ],
          [
            -77.01216565318698,
            38.8877282034991
          ],
          [
            -77.0121730141654,
            38.887219830884234
          ],
          [
            -77.0055519220068,
            38.88722270750148
          ],
          [
            -77.00332474789136,
            38.88719034911228
          ],
          [
            -76.99480120412949,
            38.8835244360259
          ]
        ],
        "type": "LineString"
      }
    },
    {
      "type": "Feature",
      "id": "segment-095ca9d016893a2b",
      "properties": {
        "segment_id": "segment-095ca9d016893a2b",
        "fid": 6,
        "name": "Whole retained carrier; geographic association only, not proof of complete service traversal. (DC portion)",
        "estimate_label": "Pennsylvania Avenue SE from Eighth",
        "atlas_area_id": "DC",
        "geometry_hash": "cb5c1d677f761be50fb92c90954d7081f06f6e32702cf11f4a6f307fe280664b",
        "estimate_id": "PSL-20261008-segment-095ca9d016893a2b",
        "start_year": 1903,
        "end_year": 1962,
        "start_earliest_year": 1890,
        "start_latest_year": 1912,
        "end_earliest_year": 1960,
        "end_latest_year": 1962,
        "start_confidence": "low",
        "end_confidence": "low",
        "confidence_group": "low",
        "estimate_status": "provisional_not_verified_not_admitted",
        "mixed_subextent": false,
        "has_known_periods": true,
        "citation_review_warning": "Embedded basis claim DC-TIME-DCLV-C10 explicitly concerns Georgia Avenue–Seventh Street, route 72, rather than this M/Pennsylvania carrier. Confirm the appropriate geographically scoped closing witness; this warning does not establish that the proposed year is wrong.",
        "continuous_operation_asserted": false,
        "whole_segment_uniform_lifespan_asserted": false,
        "source_ids": [
          "AUDIT-DC-NPS2005-DUPONT",
          "AUDIT-NPS2005-MET-EARLY",
          "AUDIT-WILDWOOD-TERMINAL-NPS2005",
          "CT-1947-GUIDE-BNF",
          "CT-1947-OWL1942-INSET",
          "DC-RECON-NPS2005-E19",
          "DCC-S-CT1947",
          "G7-S-1947",
          "G7-S-1955-INHERITED",
          "GAP-CONV-S08",
          "INF-SRC-MD-NPS-STREETCAR",
          "LATE-CONV-S04",
          "LATE-CONV-S07",
          "LATE-PH-S08",
          "LOOP-S07",
          "MD-EAST-S18",
          "MD-MONT-S02",
          "WB-S01",
          "date-source-9d66f86d24fa03bc",
          "date-source-aa82a23988ba1f53",
          "date-source-d8569aec0d752768"
        ],
        "context_source_ids": [
          "DC-LATE-MAP-S03"
        ],
        "basis_claim_ids": [
          "DC-TIME-DCLV-C10",
          "DC-TIME-DCLV-C15",
          "DC-TIME-OBS-cc4448200d55"
        ],
        "evidence_id": "segment-095ca9d016893a2b",
        "start_estimated_date": null,
        "end_estimated_date": null,
        "start_precision": "year",
        "end_precision": "year",
        "verified_start_date": null,
        "verified_end_date": null,
        "passenger_use_existence": "supported_at_named_corridor_scope",
        "geometry_correspondence": "source_scoped_not_full_segment_proof",
        "uncertainty_reason_group": "ordinary_date_and_scope_uncertainty"
      },
      "geometry": {
        "coordinates": [
          [
            -76.99480120412949,
            38.8835244360259
          ],
          [
            -76.98620653055573,
            38.880246784266355
          ],
          [
            -76.9836029265577,
            38.87911534343117
          ]
        ],
        "type": "LineString"
      }
    },
    {
      "type": "Feature",
      "id": "segment-1f70bcb3f820fa02",
      "properties": {
        "segment_id": "segment-1f70bcb3f820fa02",
        "fid": 7,
        "name": "Whole retained carrier; geographic association only, not proof of complete service traversal. (DC portion)",
        "estimate_label": "Pennsylvania Anacostia approach",
        "atlas_area_id": "DC",
        "geometry_hash": "cc60d51274078fc4541314f7f8072e914390a5359eb0216fab2055d0057b6caf",
        "estimate_id": "PSL-20261008-segment-1f70bcb3f820fa02",
        "start_year": 1903,
        "end_year": 1923,
        "start_earliest_year": 1890,
        "start_latest_year": 1912,
        "end_earliest_year": 1923,
        "end_latest_year": 1962,
        "start_confidence": "low",
        "end_confidence": "low",
        "confidence_group": "low",
        "estimate_status": "provisional_not_verified_not_admitted",
        "mixed_subextent": false,
        "has_known_periods": false,
        "citation_review_warning": null,
        "continuous_operation_asserted": false,
        "whole_segment_uniform_lifespan_asserted": false,
        "source_ids": [
          "CT-1947-GUIDE-BNF",
          "CT-1947-OWL1942-INSET",
          "DCC-S-CT1947",
          "EAR-S04",
          "EAR-S07",
          "G7-S-1947",
          "GAP-CONV-S07"
        ],
        "context_source_ids": [],
        "basis_claim_ids": [
          "DC-TIME-OBS-cc4448200d55"
        ],
        "evidence_id": "segment-1f70bcb3f820fa02",
        "start_estimated_date": null,
        "end_estimated_date": null,
        "start_precision": "year",
        "end_precision": "year",
        "verified_start_date": null,
        "verified_end_date": null,
        "passenger_use_existence": "inferred_from_corridor_history",
        "geometry_correspondence": "corridor_correspondence_requires_review",
        "uncertainty_reason_group": "date_or_course_attribution_only"
      },
      "geometry": {
        "coordinates": [
          [
            -76.9836029265577,
            38.87911534343117
          ],
          [
            -76.98151031777041,
            38.878129215595905
          ],
          [
            -76.9798802368445,
            38.87779962248927
          ]
        ],
        "type": "LineString"
      }
    },
    {
      "type": "Feature",
      "id": "segment-8278c159a086b11e",
      "properties": {
        "segment_id": "segment-8278c159a086b11e",
        "fid": 8,
        "name": "Whole retained carrier; geographic association only, not proof of complete service traversal. (DC portion)",
        "estimate_label": "East Washington Heights Pennsylvania bridge band",
        "atlas_area_id": "DC",
        "geometry_hash": "0d420204e683ee22ea5c9fd5abf7fae598663b8d95fe71a88db069db1c7e808f",
        "estimate_id": "PSL-20261008-segment-8278c159a086b11e",
        "start_year": 1905,
        "end_year": 1923,
        "start_earliest_year": 1905,
        "start_latest_year": 1906,
        "end_earliest_year": 1923,
        "end_latest_year": 1923,
        "start_confidence": "medium",
        "end_confidence": "medium",
        "confidence_group": "medium_high",
        "estimate_status": "provisional_not_verified_not_admitted",
        "mixed_subextent": false,
        "has_known_periods": false,
        "citation_review_warning": null,
        "continuous_operation_asserted": false,
        "whole_segment_uniform_lifespan_asserted": false,
        "source_ids": [
          "EAR-S04",
          "EAR-S07",
          "GAP-CONV-S07"
        ],
        "context_source_ids": [
          "DC-REVIEW-STAR19180420-S01"
        ],
        "basis_claim_ids": [],
        "evidence_id": "segment-8278c159a086b11e",
        "start_estimated_date": null,
        "end_estimated_date": null,
        "start_precision": "year",
        "end_precision": "year",
        "verified_start_date": null,
        "verified_end_date": null,
        "passenger_use_existence": "supported_at_named_corridor_scope",
        "geometry_correspondence": "source_scoped_not_full_segment_proof",
        "uncertainty_reason_group": "ordinary_date_and_scope_uncertainty"
      },
      "geometry": {
        "coordinates": [
          [
            -76.9798802368445,
            38.87779962248927
          ],
          [
            -76.97494732854511,
            38.875531837420766
          ],
          [
            -76.97038435211236,
            38.87337138579597
          ]
        ],
        "type": "LineString"
      }
    },
    {
      "type": "Feature",
      "id": "segment-0b0265b72fdbc56c",
      "properties": {
        "segment_id": "segment-0b0265b72fdbc56c",
        "fid": 9,
        "name": "Whole retained carrier; geographic association only, not proof of complete service traversal. (DC portion)",
        "estimate_label": "Eighth Street city trunk",
        "atlas_area_id": "DC",
        "geometry_hash": "48c5d5cad6c64140e5140ee329cf89177fa04044fbd0e473814393c471df3ba5",
        "estimate_id": "PSL-20261008-segment-0b0265b72fdbc56c",
        "start_year": 1908,
        "end_year": 1962,
        "start_earliest_year": 1908,
        "start_latest_year": 1912,
        "end_earliest_year": 1962,
        "end_latest_year": 1962,
        "start_confidence": "medium",
        "end_confidence": "medium",
        "confidence_group": "medium_high",
        "estimate_status": "provisional_not_verified_not_admitted",
        "mixed_subextent": false,
        "has_known_periods": true,
        "citation_review_warning": null,
        "continuous_operation_asserted": false,
        "whole_segment_uniform_lifespan_asserted": false,
        "source_ids": [
          "AUDIT-DC-NPS2005-DUPONT",
          "AUDIT-NPS2005-MET-EARLY",
          "AUDIT-WILDWOOD-TERMINAL-NPS2005",
          "DC-RECON-NPS2005-E19",
          "GAP-CONV-S07",
          "GAP-CONV-S08",
          "INF-SRC-MD-NPS-STREETCAR",
          "LATE-CONV-S07",
          "LATE-PH-S08",
          "LOOP-S07",
          "MD-EAST-S18",
          "MD-MONT-S02",
          "WB-S01",
          "date-source-aa82a23988ba1f53"
        ],
        "context_source_ids": [
          "DC-LATE-MAP-S03"
        ],
        "basis_claim_ids": [
          "DC-TIME-DCLV-C15"
        ],
        "evidence_id": "segment-0b0265b72fdbc56c",
        "start_estimated_date": null,
        "end_estimated_date": null,
        "start_precision": "year",
        "end_precision": "year",
        "verified_start_date": null,
        "verified_end_date": null,
        "passenger_use_existence": "supported_at_named_corridor_scope",
        "geometry_correspondence": "source_scoped_not_full_segment_proof",
        "uncertainty_reason_group": "ordinary_date_and_scope_uncertainty"
      },
      "geometry": {
        "coordinates": [
          [
            -76.9947197920762,
            38.90418518859614
          ],
          [
            -76.99471080332508,
            38.89980338009136
          ],
          [
            -76.99471622424487,
            38.89695383091784
          ],
          [
            -76.99475808446233,
            38.88943158406146
          ],
          [
            -76.99480120412949,
            38.8835244360259
          ]
        ],
        "type": "LineString"
      }
    },
    {
      "type": "Feature",
      "id": "segment-388df013950a2ed4",
      "properties": {
        "segment_id": "segment-388df013950a2ed4",
        "fid": 10,
        "name": "Whole retained carrier; geographic association only, not proof of complete service traversal. (DC portion)",
        "estimate_label": "Eighth Street SE to Navy Yard",
        "atlas_area_id": "DC",
        "geometry_hash": "da1b2cbe7010c1b7c4b532e25c8cb693402bfd02dd6369cb456f1d2a33f6b991",
        "estimate_id": "PSL-20261008-segment-388df013950a2ed4",
        "start_year": 1862,
        "end_year": 1962,
        "start_earliest_year": 1862,
        "start_latest_year": 1863,
        "end_earliest_year": 1962,
        "end_latest_year": 1962,
        "start_confidence": "medium",
        "end_confidence": "medium",
        "confidence_group": "medium_high",
        "estimate_status": "provisional_not_verified_not_admitted",
        "mixed_subextent": false,
        "has_known_periods": true,
        "citation_review_warning": null,
        "continuous_operation_asserted": false,
        "whole_segment_uniform_lifespan_asserted": false,
        "source_ids": [
          "AUDIT-DC-NPS2005-DUPONT",
          "AUDIT-NPS2005-MET-EARLY",
          "AUDIT-WILDWOOD-TERMINAL-NPS2005",
          "DC-RECON-NPS2005-E19",
          "GAP-CONV-S08",
          "INF-SRC-MD-NPS-STREETCAR",
          "LATE-CONV-S07",
          "LATE-CONV-S08",
          "LATE-PH-S08",
          "LOOP-S07",
          "MD-EAST-S18",
          "MD-MONT-S02",
          "WB-S01",
          "date-source-aa82a23988ba1f53"
        ],
        "context_source_ids": [
          "CORE-S05",
          "CORE-S06",
          "DC-LATE-MAP-S03"
        ],
        "basis_claim_ids": [
          "DC-TIME-DCLV-C14",
          "DC-TIME-DCLV-C15"
        ],
        "evidence_id": "segment-388df013950a2ed4",
        "start_estimated_date": null,
        "end_estimated_date": null,
        "start_precision": "year",
        "end_precision": "year",
        "verified_start_date": null,
        "verified_end_date": null,
        "passenger_use_existence": "supported_at_named_corridor_scope",
        "geometry_correspondence": "source_scoped_not_full_segment_proof",
        "uncertainty_reason_group": "ordinary_date_and_scope_uncertainty"
      },
      "geometry": {
        "coordinates": [
          [
            -76.99480120412949,
            38.8835244360259
          ],
          [
            -76.99484263324806,
            38.87747641529711
          ],
          [
            -76.99485077356118,
            38.876164930171115
          ]
        ],
        "type": "LineString"
      }
    },
    {
      "type": "Feature",
      "id": "segment-90d35f9fda25b985",
      "properties": {
        "segment_id": "segment-90d35f9fda25b985",
        "fid": 11,
        "name": "Whole retained carrier; geographic association only, not proof of complete service traversal. (DC portion)",
        "estimate_label": "Seventh Street central trunk",
        "atlas_area_id": "DC",
        "geometry_hash": "2f0db430ea21bcb96431172b5ec0035e7c7927c5ff8d8e22dd56777eb5101c6a",
        "estimate_id": "PSL-20261008-segment-90d35f9fda25b985",
        "start_year": 1862,
        "end_year": 1960,
        "start_earliest_year": 1862,
        "start_latest_year": 1863,
        "end_earliest_year": 1960,
        "end_latest_year": 1960,
        "start_confidence": "medium",
        "end_confidence": "medium",
        "confidence_group": "medium_high",
        "estimate_status": "provisional_not_verified_not_admitted",
        "mixed_subextent": false,
        "has_known_periods": true,
        "citation_review_warning": null,
        "continuous_operation_asserted": false,
        "whole_segment_uniform_lifespan_asserted": false,
        "source_ids": [
          "AUDIT-DC-NPS2005-DUPONT",
          "AUDIT-NPS2005-MET-EARLY",
          "AUDIT-WILDWOOD-TERMINAL-NPS2005",
          "DC-RECON-NPS2005-E19",
          "G7-S-1955-INHERITED",
          "GAP-CONV-S08",
          "INF-SRC-MD-NPS-STREETCAR",
          "LATE-CONV-S04",
          "LATE-CONV-S07",
          "LATE-CONV-S08",
          "LATE-PH-S08",
          "LOOP-S07",
          "MD-EAST-S18",
          "MD-MONT-S02",
          "WB-S01",
          "date-source-9d66f86d24fa03bc",
          "date-source-aa82a23988ba1f53",
          "date-source-d8569aec0d752768"
        ],
        "context_source_ids": [
          "CORE-S03",
          "CORE-S05",
          "DC-LATE-MAP-S01",
          "DC-LATE-MAP-S03",
          "G7-S-1947",
          "GAR1892-LOC",
          "KEIM1876-LOC"
        ],
        "basis_claim_ids": [
          "DC-TIME-DCLV-C09",
          "DC-TIME-DCLV-C14"
        ],
        "evidence_id": "segment-90d35f9fda25b985",
        "start_estimated_date": null,
        "end_estimated_date": null,
        "start_precision": "year",
        "end_precision": "year",
        "verified_start_date": null,
        "verified_end_date": null,
        "passenger_use_existence": "supported_at_named_corridor_scope",
        "geometry_correspondence": "source_scoped_not_full_segment_proof",
        "uncertainty_reason_group": "ordinary_date_and_scope_uncertainty"
      },
      "geometry": {
        "coordinates": [
          [
            -77.02207807272423,
            38.91283402304839
          ],
          [
            -77.02149575090257,
            38.90141835300855
          ],
          [
            -77.02147139765748,
            38.8969194871664
          ],
          [
            -77.02154957248412,
            38.892732609920536
          ],
          [
            -77.02168609726078,
            38.887376000179565
          ],
          [
            -77.02186076433897,
            38.87738553373129
          ]
        ],
        "type": "LineString"
      }
    },
    {
      "type": "Feature",
      "id": "segment-c8b97c5707a7e09d",
      "properties": {
        "segment_id": "segment-c8b97c5707a7e09d",
        "fid": 12,
        "name": "Whole retained carrier; geographic association only, not proof of complete service traversal. (DC portion)",
        "estimate_label": "Seventh Florida to central seam",
        "atlas_area_id": "DC",
        "geometry_hash": "9b5859264e5fcc17ecb7679a7a45ba357ac282131de0fb65876264849ea08767",
        "estimate_id": "PSL-20261008-segment-c8b97c5707a7e09d",
        "start_year": 1862,
        "end_year": 1960,
        "start_earliest_year": 1862,
        "start_latest_year": 1863,
        "end_earliest_year": 1960,
        "end_latest_year": 1960,
        "start_confidence": "medium",
        "end_confidence": "medium",
        "confidence_group": "medium_high",
        "estimate_status": "provisional_not_verified_not_admitted",
        "mixed_subextent": false,
        "has_known_periods": true,
        "citation_review_warning": null,
        "continuous_operation_asserted": false,
        "whole_segment_uniform_lifespan_asserted": false,
        "source_ids": [
          "AUDIT-DC-NPS2005-DUPONT",
          "AUDIT-NPS2005-MET-EARLY",
          "AUDIT-WILDWOOD-TERMINAL-NPS2005",
          "DC-RECON-NPS2005-E19",
          "G7-S-1955-INHERITED",
          "GAP-CONV-S08",
          "INF-SRC-MD-NPS-STREETCAR",
          "LATE-CONV-S04",
          "LATE-CONV-S07",
          "LATE-CONV-S08",
          "LATE-PH-S08",
          "LOOP-S07",
          "MD-EAST-S18",
          "MD-MONT-S02",
          "WB-S01",
          "date-source-9d66f86d24fa03bc",
          "date-source-aa82a23988ba1f53",
          "date-source-d8569aec0d752768"
        ],
        "context_source_ids": [
          "CORE-S03",
          "CORE-S05",
          "DC-LATE-MAP-S03",
          "G7-S-1947",
          "GAR1892-LOC",
          "KEIM1876-LOC"
        ],
        "basis_claim_ids": [
          "DC-TIME-DCLV-C09",
          "DC-TIME-DCLV-C14"
        ],
        "evidence_id": "segment-c8b97c5707a7e09d",
        "start_estimated_date": null,
        "end_estimated_date": null,
        "start_precision": "year",
        "end_precision": "year",
        "verified_start_date": null,
        "verified_end_date": null,
        "passenger_use_existence": "supported_at_named_corridor_scope",
        "geometry_correspondence": "source_scoped_not_full_segment_proof",
        "uncertainty_reason_group": "ordinary_date_and_scope_uncertainty"
      },
      "geometry": {
        "coordinates": [
          [
            -77.02208582904463,
            38.9158584562784
          ],
          [
            -77.02207807272423,
            38.91283402304839
          ]
        ],
        "type": "LineString"
      }
    },
    {
      "type": "Feature",
      "id": "segment-1ca2b045c174f69f",
      "properties": {
        "segment_id": "segment-1ca2b045c174f69f",
        "fid": 13,
        "name": "Whole retained carrier; geographic association only, not proof of complete service traversal. (DC portion)",
        "estimate_label": "O Street SW waterfront return",
        "atlas_area_id": "DC",
        "geometry_hash": "3f701bb87263387d042a10c2bf97ee5855b19ee04a2cc8fac251d74d721eafc7",
        "estimate_id": "PSL-20261008-segment-1ca2b045c174f69f",
        "start_year": 1872,
        "end_year": 1934,
        "start_earliest_year": 1865,
        "start_latest_year": 1876,
        "end_earliest_year": 1930,
        "end_latest_year": 1935,
        "start_confidence": "low",
        "end_confidence": "medium",
        "confidence_group": "low",
        "estimate_status": "provisional_not_verified_not_admitted",
        "mixed_subextent": false,
        "has_known_periods": false,
        "citation_review_warning": null,
        "continuous_operation_asserted": false,
        "whole_segment_uniform_lifespan_asserted": false,
        "source_ids": [
          "AUDIT-DC-NPS2005-DUPONT",
          "AUDIT-NPS2005-MET-EARLY",
          "AUDIT-PUC1935-P35",
          "AUDIT-WILDWOOD-TERMINAL-NPS2005",
          "DC-RECON-NPS2005-E19",
          "GAP-CONV-S08",
          "GDR-SRC-PUC1935",
          "INF-SRC-MD-NPS-STREETCAR",
          "LATE-CONV-S01",
          "LATE-PH-S08",
          "LATE-PH-S11",
          "LOOP-S07",
          "MD-EAST-S18",
          "MD-MONT-S02",
          "WB-S01"
        ],
        "context_source_ids": [
          "GAR1892-LOC"
        ],
        "basis_claim_ids": [
          "DC-TIME-DCLV-C01",
          "DC-TIME-INH-LATE-PH-E20"
        ],
        "evidence_id": "segment-1ca2b045c174f69f",
        "start_estimated_date": null,
        "end_estimated_date": null,
        "start_precision": "year",
        "end_precision": "year",
        "verified_start_date": null,
        "verified_end_date": null,
        "passenger_use_existence": "supported_at_named_corridor_scope",
        "geometry_correspondence": "source_scoped_not_full_segment_proof",
        "uncertainty_reason_group": "ordinary_date_and_scope_uncertainty"
      },
      "geometry": {
        "coordinates": [
          [
            -77.01954661699345,
            38.87243273623924
          ],
          [
            -77.01763270297567,
            38.87243104109021
          ]
        ],
        "type": "LineString"
      }
    },
    {
      "type": "Feature",
      "id": "segment-f75cc7972376dcdf",
      "properties": {
        "segment_id": "segment-f75cc7972376dcdf",
        "fid": 14,
        "name": "Fourteenth Street trunk north of New York Avenue turn (DC portion)",
        "estimate_label": "Fourteenth and New York Avenue approach",
        "atlas_area_id": "DC",
        "geometry_hash": "29aa716e8cc8aac4832f5e9b2c7920f68cda550938a1d1faf19904994b6c424e",
        "estimate_id": "PSL-20261008-segment-f75cc7972376dcdf",
        "start_year": 1862,
        "end_year": 1962,
        "start_earliest_year": 1862,
        "start_latest_year": 1863,
        "end_earliest_year": 1962,
        "end_latest_year": 1962,
        "start_confidence": "medium",
        "end_confidence": "medium",
        "confidence_group": "medium_high",
        "estimate_status": "provisional_not_verified_not_admitted",
        "mixed_subextent": false,
        "has_known_periods": true,
        "citation_review_warning": null,
        "continuous_operation_asserted": false,
        "whole_segment_uniform_lifespan_asserted": false,
        "source_ids": [
          "AUDIT-DC-NPS2005-DUPONT",
          "AUDIT-NPS2005-MET-EARLY",
          "AUDIT-WILDWOOD-TERMINAL-NPS2005",
          "DC-RECON-NPS2005-E19",
          "G7-S-1955-INHERITED",
          "GAP-CONV-S08",
          "INF-SRC-MD-NPS-STREETCAR",
          "LATE-CONV-S04",
          "LATE-CONV-S07",
          "LATE-CONV-S08",
          "LATE-PH-S08",
          "LOOP-S07",
          "MD-EAST-S18",
          "MD-MONT-S02",
          "WB-S01",
          "date-source-9d66f86d24fa03bc",
          "date-source-aa82a23988ba1f53",
          "date-source-d8569aec0d752768"
        ],
        "context_source_ids": [
          "CORE-S05",
          "CORE-S06",
          "DC-LATE-MAP-S01",
          "DC-LATE-MAP-S03",
          "KEIM1876-LOC"
        ],
        "basis_claim_ids": [
          "DC-TIME-DCLV-C09",
          "DC-TIME-DCLV-C14"
        ],
        "evidence_id": "segment-f75cc7972376dcdf",
        "start_estimated_date": null,
        "end_estimated_date": null,
        "start_precision": "year",
        "end_precision": "year",
        "verified_start_date": null,
        "verified_end_date": null,
        "passenger_use_existence": "supported_at_named_corridor_scope",
        "geometry_correspondence": "source_scoped_not_full_segment_proof",
        "uncertainty_reason_group": "ordinary_date_and_scope_uncertainty"
      },
      "geometry": {
        "coordinates": [
          [
            -77.03195225642486,
            38.912723535506636
          ],
          [
            -77.0319545226808,
            38.905107210745705
          ],
          [
            -77.03195608887447,
            38.89991162381866
          ],
          [
            -77.03195613122068,
            38.899771898911204
          ],
          [
            -77.03195623025866,
            38.89944526754361
          ]
        ],
        "type": "LineString"
      }
    },
    {
      "type": "Feature",
      "id": "segment-b3f4006ae1a61eeb",
      "properties": {
        "segment_id": "segment-b3f4006ae1a61eeb",
        "fid": 15,
        "name": "Whole retained carrier; geographic association only, not proof of complete service traversal. (DC portion)",
        "estimate_label": "Fourteenth Street northern city trunk",
        "atlas_area_id": "DC",
        "geometry_hash": "d6598defc438d103753c862ad8c716774757970da3a462443c44879686e55581",
        "estimate_id": "PSL-20261008-segment-b3f4006ae1a61eeb",
        "start_year": 1862,
        "end_year": 1962,
        "start_earliest_year": 1862,
        "start_latest_year": 1863,
        "end_earliest_year": 1962,
        "end_latest_year": 1962,
        "start_confidence": "low",
        "end_confidence": "medium",
        "confidence_group": "low",
        "estimate_status": "provisional_not_verified_not_admitted",
        "mixed_subextent": true,
        "has_known_periods": true,
        "citation_review_warning": null,
        "continuous_operation_asserted": false,
        "whole_segment_uniform_lifespan_asserted": false,
        "source_ids": [
          "AUDIT-DC-NPS2005-DUPONT",
          "AUDIT-NPS2005-MET-EARLY",
          "AUDIT-WILDWOOD-TERMINAL-NPS2005",
          "DC-RECON-NPS2005-E19",
          "GAP-CONV-S08",
          "INF-SRC-MD-NPS-STREETCAR",
          "LATE-CONV-S07",
          "LATE-CONV-S08",
          "LATE-PH-S08",
          "LOOP-S07",
          "MD-EAST-S18",
          "MD-MONT-S02",
          "WB-S01",
          "date-source-aa82a23988ba1f53"
        ],
        "context_source_ids": [
          "CORE-S05",
          "CORE-S06",
          "CT-1947-GUIDE-BNF",
          "DC-LATE-MAP-S03",
          "KEIM1876-LOC"
        ],
        "basis_claim_ids": [
          "DC-TIME-DCLV-C14"
        ],
        "evidence_id": "segment-b3f4006ae1a61eeb",
        "start_estimated_date": null,
        "end_estimated_date": null,
        "start_precision": "year",
        "end_precision": "year",
        "verified_start_date": null,
        "verified_end_date": null,
        "passenger_use_existence": "supported_at_named_corridor_scope",
        "geometry_correspondence": "source_scoped_not_full_segment_proof",
        "uncertainty_reason_group": "ordinary_date_and_scope_uncertainty"
      },
      "geometry": {
        "coordinates": [
          [
            -77.03311967346689,
            38.936658857762005
          ],
          [
            -77.0329046107016,
            38.92705222219535
          ],
          [
            -77.03195775888145,
            38.91641541642894
          ],
          [
            -77.03195119220862,
            38.916341633371204
          ],
          [
            -77.03195225642486,
            38.912723535506636
          ]
        ],
        "type": "LineString"
      }
    },
    {
      "type": "Feature",
      "id": "segment-eb8417e8014a6b6e",
      "properties": {
        "segment_id": "segment-eb8417e8014a6b6e",
        "fid": 16,
        "name": "Whole retained carrier; geographic association only, not proof of complete service traversal. (DC portion)",
        "estimate_label": "Fourteenth Kennedy terminus approach",
        "atlas_area_id": "DC",
        "geometry_hash": "f7a526adf6e6f3b4d0441ce2c39a1414bb239997609225fc9e1f5110de964ae0",
        "estimate_id": "PSL-20261008-segment-eb8417e8014a6b6e",
        "start_year": 1908,
        "end_year": 1962,
        "start_earliest_year": 1906,
        "start_latest_year": 1910,
        "end_earliest_year": 1962,
        "end_latest_year": 1962,
        "start_confidence": "medium",
        "end_confidence": "medium",
        "confidence_group": "medium_high",
        "estimate_status": "provisional_not_verified_not_admitted",
        "mixed_subextent": false,
        "has_known_periods": true,
        "citation_review_warning": null,
        "continuous_operation_asserted": false,
        "whole_segment_uniform_lifespan_asserted": false,
        "source_ids": [
          "AUDIT-DC-NPS2005-DUPONT",
          "AUDIT-NPS2005-MET-EARLY",
          "AUDIT-WILDWOOD-TERMINAL-NPS2005",
          "DC-RECON-NPS2005-E19",
          "GAP-CONV-S07",
          "GAP-CONV-S08",
          "INF-SRC-MD-NPS-STREETCAR",
          "LATE-CONV-S07",
          "LATE-CONV-S08",
          "LATE-PH-S08",
          "LOOP-S07",
          "MD-EAST-S18",
          "MD-MONT-S02",
          "WB-S01",
          "date-source-aa82a23988ba1f53"
        ],
        "context_source_ids": [
          "DC-LATE-MAP-S03"
        ],
        "basis_claim_ids": [
          "DC-TIME-DCLV-C14"
        ],
        "evidence_id": "segment-eb8417e8014a6b6e",
        "start_estimated_date": null,
        "end_estimated_date": null,
        "start_precision": "year",
        "end_precision": "year",
        "verified_start_date": null,
        "verified_end_date": null,
        "passenger_use_existence": "supported_at_named_corridor_scope",
        "geometry_correspondence": "source_scoped_not_full_segment_proof",
        "uncertainty_reason_group": "ordinary_date_and_scope_uncertainty"
      },
      "geometry": {
        "coordinates": [
          [
            -77.03261905677915,
            38.94412325620153
          ],
          [
            -77.03280737694455,
            38.94804013340288
          ],
          [
            -77.0336597489657,
            38.948895253918735
          ],
          [
            -77.03373316516567,
            38.955725348331406
          ]
        ],
        "type": "LineString"
      }
    },
    {
      "type": "Feature",
      "id": "segment-398b63b5d6060fd2",
      "properties": {
        "segment_id": "segment-398b63b5d6060fd2",
        "fid": 17,
        "name": "Whole retained carrier; geographic association only, not proof of complete service traversal. (DC portion)",
        "estimate_label": "Fourteenth upper city connecting span",
        "atlas_area_id": "DC",
        "geometry_hash": "0d74fd1cb24edaa1c4530e5b1041994ef2f8ab0fdf3b9a9a042450a252d797e1",
        "estimate_id": "PSL-20261008-segment-398b63b5d6060fd2",
        "start_year": 1906,
        "end_year": 1962,
        "start_earliest_year": 1906,
        "start_latest_year": 1910,
        "end_earliest_year": 1962,
        "end_latest_year": 1962,
        "start_confidence": "medium",
        "end_confidence": "medium",
        "confidence_group": "medium_high",
        "estimate_status": "provisional_not_verified_not_admitted",
        "mixed_subextent": false,
        "has_known_periods": true,
        "citation_review_warning": null,
        "continuous_operation_asserted": false,
        "whole_segment_uniform_lifespan_asserted": false,
        "source_ids": [
          "AUDIT-DC-NPS2005-DUPONT",
          "AUDIT-NPS2005-MET-EARLY",
          "AUDIT-WILDWOOD-TERMINAL-NPS2005",
          "DC-RECON-NPS2005-E19",
          "GAP-CONV-S07",
          "GAP-CONV-S08",
          "INF-SRC-MD-NPS-STREETCAR",
          "LATE-CONV-S07",
          "LATE-CONV-S08",
          "LATE-PH-S08",
          "LOOP-S07",
          "MD-EAST-S18",
          "MD-MONT-S02",
          "WB-S01",
          "date-source-aa82a23988ba1f53"
        ],
        "context_source_ids": [
          "CT-1947-GUIDE-BNF",
          "DC-LATE-MAP-S03"
        ],
        "basis_claim_ids": [
          "DC-TIME-DCLV-C14"
        ],
        "evidence_id": "segment-398b63b5d6060fd2",
        "start_estimated_date": null,
        "end_estimated_date": null,
        "start_precision": "year",
        "end_precision": "year",
        "verified_start_date": null,
        "verified_end_date": null,
        "passenger_use_existence": "supported_at_named_corridor_scope",
        "geometry_correspondence": "source_scoped_not_full_segment_proof",
        "uncertainty_reason_group": "ordinary_date_and_scope_uncertainty"
      },
      "geometry": {
        "coordinates": [
          [
            -77.03261905677915,
            38.94412325620153
          ],
          [
            -77.03315056118763,
            38.93869214754454
          ],
          [
            -77.03311967346689,
            38.936658857762005
          ]
        ],
        "type": "LineString"
      }
    },
    {
      "type": "Feature",
      "id": "segment-0c8fdb43b0667dd5",
      "properties": {
        "segment_id": "segment-0c8fdb43b0667dd5",
        "fid": 18,
        "name": "New York Avenue connector from the Fourteenth turn to Fifteenth (DC portion)",
        "estimate_label": "Fourteenth and New York Avenue approach",
        "atlas_area_id": "DC",
        "geometry_hash": "9c7a68e752ba16fa1c2f2389f78363e2e9602d95e808b002b8a3bd9c725569d6",
        "estimate_id": "PSL-20261008-segment-0c8fdb43b0667dd5",
        "start_year": 1862,
        "end_year": 1962,
        "start_earliest_year": 1862,
        "start_latest_year": 1863,
        "end_earliest_year": 1962,
        "end_latest_year": 1962,
        "start_confidence": "medium",
        "end_confidence": "medium",
        "confidence_group": "medium_high",
        "estimate_status": "provisional_not_verified_not_admitted",
        "mixed_subextent": false,
        "has_known_periods": true,
        "citation_review_warning": null,
        "continuous_operation_asserted": false,
        "whole_segment_uniform_lifespan_asserted": false,
        "source_ids": [
          "AUDIT-DC-NPS2005-DUPONT",
          "AUDIT-NPS2005-MET-EARLY",
          "AUDIT-WILDWOOD-TERMINAL-NPS2005",
          "DC-RECON-NPS2005-E19",
          "G7-S-1955-INHERITED",
          "GAP-CONV-S08",
          "INF-SRC-MD-NPS-STREETCAR",
          "LATE-CONV-S04",
          "LATE-CONV-S07",
          "LATE-CONV-S08",
          "LATE-PH-S08",
          "LOOP-S07",
          "MD-EAST-S18",
          "MD-MONT-S02",
          "WB-S01",
          "date-source-9d66f86d24fa03bc",
          "date-source-aa82a23988ba1f53",
          "date-source-d8569aec0d752768"
        ],
        "context_source_ids": [
          "CORE-S05",
          "CORE-S06",
          "DC-LATE-MAP-S01",
          "DC-LATE-MAP-S03",
          "KEIM1876-LOC"
        ],
        "basis_claim_ids": [
          "DC-TIME-DCLV-C09",
          "DC-TIME-DCLV-C14"
        ],
        "evidence_id": "segment-0c8fdb43b0667dd5",
        "start_estimated_date": null,
        "end_estimated_date": null,
        "start_precision": "year",
        "end_precision": "year",
        "verified_start_date": null,
        "verified_end_date": null,
        "passenger_use_existence": "supported_at_named_corridor_scope",
        "geometry_correspondence": "source_scoped_not_full_segment_proof",
        "uncertainty_reason_group": "ordinary_date_and_scope_uncertainty"
      },
      "geometry": {
        "coordinates": [
          [
            -77.03195623025866,
            38.89944526754361
          ],
          [
            -77.03314655357472,
            38.89843575107452
          ]
        ],
        "type": "LineString"
      }
    },
    {
      "type": "Feature",
      "id": "segment-19bbefb1b641439c",
      "properties": {
        "segment_id": "segment-19bbefb1b641439c",
        "fid": 19,
        "name": "Whole retained carrier; geographic association only, not proof of complete service traversal. (DC portion)",
        "estimate_label": "Connecticut Avenue south of Dupont Circle",
        "atlas_area_id": "DC",
        "geometry_hash": "c68b7ca833576812d63eb0ebad70ea8cf73536abfeacb8171ff4551225cf89fc",
        "estimate_id": "PSL-20261008-segment-19bbefb1b641439c",
        "start_year": 1873,
        "end_year": 1961,
        "start_earliest_year": 1873,
        "start_latest_year": 1874,
        "end_earliest_year": 1961,
        "end_latest_year": 1961,
        "start_confidence": "medium",
        "end_confidence": "medium",
        "confidence_group": "medium_high",
        "estimate_status": "provisional_not_verified_not_admitted",
        "mixed_subextent": false,
        "has_known_periods": true,
        "citation_review_warning": null,
        "continuous_operation_asserted": false,
        "whole_segment_uniform_lifespan_asserted": false,
        "source_ids": [
          "AUDIT-DC-NPS2005-DUPONT",
          "AUDIT-NPS2005-MET-EARLY",
          "AUDIT-WILDWOOD-TERMINAL-NPS2005",
          "DC-RECON-NPS2005-E19",
          "GAP-CONV-S08",
          "INF-SRC-MD-NPS-STREETCAR",
          "LATE-CONV-S07",
          "LATE-PH-S08",
          "LOOP-S07",
          "MD-EAST-S18",
          "MD-MONT-S02",
          "WB-S01",
          "date-source-aa82a23988ba1f53"
        ],
        "context_source_ids": [
          "CORE-S05",
          "DC-LATE-MAP-S01",
          "DC-LATE-MAP-S03",
          "KEIM1876-LOC"
        ],
        "basis_claim_ids": [
          "DC-TIME-DCLV-C12"
        ],
        "evidence_id": "segment-19bbefb1b641439c",
        "start_estimated_date": null,
        "end_estimated_date": null,
        "start_precision": "year",
        "end_precision": "year",
        "verified_start_date": null,
        "verified_end_date": null,
        "passenger_use_existence": "supported_at_named_corridor_scope",
        "geometry_correspondence": "source_scoped_not_full_segment_proof",
        "uncertainty_reason_group": "ordinary_date_and_scope_uncertainty"
      },
      "geometry": {
        "coordinates": [
          [
            -77.044236,
            38.909644
          ],
          [
            -77.04422988539956,
            38.909457231554555
          ],
          [
            -77.04417062917528,
            38.909289106271856
          ],
          [
            -77.04402873843307,
            38.90917695847442
          ],
          [
            -77.04383370651647,
            38.909083453505275
          ],
          [
            -77.04358163669728,
            38.909045941571044
          ],
          [
            -77.0433256702165,
            38.90904577955365
          ],
          [
            -77.043117,
            38.909083
          ],
          [
            -77.04294544242713,
            38.90879251711837
          ],
          [
            -77.0420377041358,
            38.907255480529855
          ],
          [
            -77.04192261496952,
            38.907060599207334
          ],
          [
            -77.04069043686826,
            38.90471832241421
          ],
          [
            -77.0388935133282,
            38.90225127159613
          ],
          [
            -77.03856115271111,
            38.901320318029306
          ],
          [
            -77.03875167848551,
            38.900599185881774
          ],
          [
            -77.03876327082264,
            38.89970112706678
          ]
        ],
        "type": "LineString"
      }
    },
    {
      "type": "Feature",
      "id": "segment-d6e194ed359c775e",
      "properties": {
        "segment_id": "segment-d6e194ed359c775e",
        "fid": 20,
        "name": "Western H Street section and diagonal to K Street (DC portion)",
        "estimate_label": "K Street–Massachusetts–H Street Columbia corridor",
        "atlas_area_id": "DC",
        "geometry_hash": "01ef71c4c4ec9ccfa25e5e20c4fe23c59e2497fd45ef07f47d571c868147cdc3",
        "estimate_id": "PSL-20261008-segment-d6e194ed359c775e",
        "start_year": 1865,
        "end_year": 1961,
        "start_earliest_year": 1864,
        "start_latest_year": 1871,
        "end_earliest_year": 1949,
        "end_latest_year": 1962,
        "start_confidence": "medium",
        "end_confidence": "low",
        "confidence_group": "low",
        "estimate_status": "provisional_not_verified_not_admitted",
        "mixed_subextent": true,
        "has_known_periods": true,
        "citation_review_warning": null,
        "continuous_operation_asserted": false,
        "whole_segment_uniform_lifespan_asserted": false,
        "source_ids": [
          "AUDIT-DC-NPS2005-DUPONT",
          "AUDIT-NPS2005-MET-EARLY",
          "AUDIT-WILDWOOD-TERMINAL-NPS2005",
          "DC-RECON-NPS2005-E19",
          "GAP-CONV-S08",
          "INF-SRC-MD-NPS-STREETCAR",
          "LATE-CONV-S07",
          "LATE-PH-S08",
          "LOOP-S07",
          "MD-EAST-S18",
          "MD-MONT-S02",
          "WB-S01",
          "date-source-aa82a23988ba1f53"
        ],
        "context_source_ids": [
          "DC-LATE-MAP-S01",
          "DC-LATE-MAP-S03",
          "KEIM1876-LOC"
        ],
        "basis_claim_ids": [
          "DC-TIME-DCLV-C12"
        ],
        "evidence_id": "segment-d6e194ed359c775e",
        "start_estimated_date": null,
        "end_estimated_date": null,
        "start_precision": "year",
        "end_precision": "year",
        "verified_start_date": null,
        "verified_end_date": null,
        "passenger_use_existence": "supported_at_named_corridor_scope",
        "geometry_correspondence": "source_scoped_not_full_segment_proof",
        "uncertainty_reason_group": "ordinary_date_and_scope_uncertainty"
      },
      "geometry": {
        "coordinates": [
          [
            -77.03876327082264,
            38.89970112706678
          ],
          [
            -77.03195613122068,
            38.899771898911204
          ],
          [
            -77.03142083251511,
            38.89977744741368
          ],
          [
            -77.02749641661319,
            38.90073363780653
          ],
          [
            -77.0259436771667,
            38.90149452734009
          ]
        ],
        "type": "LineString"
      }
    },
    {
      "type": "Feature",
      "id": "segment-d2f35aceba0d0d2a",
      "properties": {
        "segment_id": "segment-d2f35aceba0d0d2a",
        "fid": 21,
        "name": "K Street and Massachusetts connector toward H Street (DC portion)",
        "estimate_label": "K Street–Massachusetts–H Street Columbia corridor",
        "atlas_area_id": "DC",
        "geometry_hash": "eac10845b9f49a10fe78a542f326f6579dae1907196bd70b0590e756be810b80",
        "estimate_id": "PSL-20261008-segment-d2f35aceba0d0d2a",
        "start_year": 1871,
        "end_year": 1949,
        "start_earliest_year": 1870,
        "start_latest_year": 1872,
        "end_earliest_year": 1949,
        "end_latest_year": 1949,
        "start_confidence": "medium",
        "end_confidence": "medium",
        "confidence_group": "medium_high",
        "estimate_status": "provisional_not_verified_not_admitted",
        "mixed_subextent": false,
        "has_known_periods": false,
        "citation_review_warning": null,
        "continuous_operation_asserted": false,
        "whole_segment_uniform_lifespan_asserted": false,
        "source_ids": [
          "AUDIT-DC-NPS2005-DUPONT",
          "AUDIT-NPS2005-MET-EARLY",
          "AUDIT-WILDWOOD-TERMINAL-NPS2005",
          "DC-RECON-NPS2005-E19",
          "GAP-CONV-S07",
          "GAP-CONV-S08",
          "INF-SRC-MD-NPS-STREETCAR",
          "LATE-PH-S08",
          "LOOP-S07",
          "MD-EAST-S18",
          "MD-MONT-S02",
          "WB-S01"
        ],
        "context_source_ids": [
          "CORE-S03",
          "DC-LATE-MAP-S01",
          "DC-LATE-MAP-S03",
          "GAR1892-LOC"
        ],
        "basis_claim_ids": [],
        "evidence_id": "segment-d2f35aceba0d0d2a",
        "start_estimated_date": null,
        "end_estimated_date": null,
        "start_precision": "year",
        "end_precision": "year",
        "verified_start_date": null,
        "verified_end_date": null,
        "passenger_use_existence": "supported_at_named_corridor_scope",
        "geometry_correspondence": "source_scoped_not_full_segment_proof",
        "uncertainty_reason_group": "ordinary_date_and_scope_uncertainty"
      },
      "geometry": {
        "coordinates": [
          [
            -77.0259436771667,
            38.90149452734009
          ],
          [
            -77.0219502456382,
            38.901522439838075
          ],
          [
            -77.0163721565462,
            38.89972844632101
          ]
        ],
        "type": "LineString"
      }
    },
    {
      "type": "Feature",
      "id": "segment-20bfb6c7d9b1d146",
      "properties": {
        "segment_id": "segment-20bfb6c7d9b1d146",
        "fid": 22,
        "name": "H Street eastern section (DC portion)",
        "estimate_label": "K Street–Massachusetts–H Street Columbia corridor",
        "atlas_area_id": "DC",
        "geometry_hash": "c677f7fe108ba7bd29026db30291e3549efaa04d6d50a9b4d406c474c4b34439",
        "estimate_id": "PSL-20261008-segment-20bfb6c7d9b1d146",
        "start_year": 1871,
        "end_year": 1949,
        "start_earliest_year": 1870,
        "start_latest_year": 1872,
        "end_earliest_year": 1949,
        "end_latest_year": 1949,
        "start_confidence": "medium",
        "end_confidence": "medium",
        "confidence_group": "medium_high",
        "estimate_status": "provisional_not_verified_not_admitted",
        "mixed_subextent": false,
        "has_known_periods": false,
        "citation_review_warning": null,
        "continuous_operation_asserted": false,
        "whole_segment_uniform_lifespan_asserted": false,
        "source_ids": [
          "AUDIT-DC-NPS2005-DUPONT",
          "AUDIT-NPS2005-MET-EARLY",
          "AUDIT-WILDWOOD-TERMINAL-NPS2005",
          "DC-RECON-NPS2005-E19",
          "GAP-CONV-S07",
          "GAP-CONV-S08",
          "INF-SRC-MD-NPS-STREETCAR",
          "LATE-PH-S08",
          "LOOP-S07",
          "MD-EAST-S18",
          "MD-MONT-S02",
          "WB-S01"
        ],
        "context_source_ids": [
          "DC-LATE-MAP-S01",
          "DC-LATE-MAP-S03"
        ],
        "basis_claim_ids": [],
        "evidence_id": "segment-20bfb6c7d9b1d146",
        "start_estimated_date": null,
        "end_estimated_date": null,
        "start_precision": "year",
        "end_precision": "year",
        "verified_start_date": null,
        "verified_end_date": null,
        "passenger_use_existence": "supported_at_named_corridor_scope",
        "geometry_correspondence": "source_scoped_not_full_segment_proof",
        "uncertainty_reason_group": "ordinary_date_and_scope_uncertainty"
      },
      "geometry": {
        "coordinates": [
          [
            -77.0163721565462,
            38.89972844632101
          ],
          [
            -77.00859988869175,
            38.89978366493545
          ],
          [
            -76.99471080332508,
            38.89980338009136
          ],
          [
            -76.98347718983631,
            38.899738126323264
          ]
        ],
        "type": "LineString"
      }
    },
    {
      "type": "Feature",
      "id": "segment-c5d4746c8e86180e",
      "properties": {
        "segment_id": "segment-c5d4746c8e86180e",
        "fid": 23,
        "name": "Whole retained carrier; geographic association only, not proof of complete service traversal. (DC portion)",
        "estimate_label": "Eleventh Street NW trunk",
        "atlas_area_id": "DC",
        "geometry_hash": "1f605a2389d8f06025d4a0f414fef5d5624110cb81d6c6166d897d52bc73cba8",
        "estimate_id": "PSL-20261008-segment-c5d4746c8e86180e",
        "start_year": 1875,
        "end_year": 1962,
        "start_earliest_year": 1875,
        "start_latest_year": 1876,
        "end_earliest_year": 1961,
        "end_latest_year": 1962,
        "start_confidence": "medium",
        "end_confidence": "medium",
        "confidence_group": "medium_high",
        "estimate_status": "provisional_not_verified_not_admitted",
        "mixed_subextent": false,
        "has_known_periods": true,
        "citation_review_warning": null,
        "continuous_operation_asserted": false,
        "whole_segment_uniform_lifespan_asserted": false,
        "source_ids": [
          "AUDIT-DC-NPS2005-DUPONT",
          "AUDIT-NPS2005-MET-EARLY",
          "AUDIT-WILDWOOD-TERMINAL-NPS2005",
          "DC-RECON-NPS2005-E19",
          "GAP-CONV-S07",
          "GAP-CONV-S08",
          "INF-SRC-MD-NPS-STREETCAR",
          "LATE-CONV-S07",
          "LATE-CONV-S08",
          "LATE-PH-S08",
          "LOOP-S07",
          "MD-EAST-S18",
          "MD-MONT-S02",
          "WB-S01",
          "date-source-aa82a23988ba1f53"
        ],
        "context_source_ids": [
          "CORE-S05",
          "CT-1947-GUIDE-BNF",
          "DC-LATE-MAP-S03"
        ],
        "basis_claim_ids": [
          "DC-TIME-DCLV-C13",
          "DC-TIME-DCLV-C14"
        ],
        "evidence_id": "segment-c5d4746c8e86180e",
        "start_estimated_date": null,
        "end_estimated_date": null,
        "start_precision": "year",
        "end_precision": "year",
        "verified_start_date": null,
        "verified_end_date": null,
        "passenger_use_existence": "supported_at_named_corridor_scope",
        "geometry_correspondence": "source_scoped_not_full_segment_proof",
        "uncertainty_reason_group": "ordinary_date_and_scope_uncertainty"
      },
      "geometry": {
        "coordinates": [
          [
            -77.0271612874821,
            38.912754036926536
          ],
          [
            -77.02638974056258,
            38.90149195396695
          ],
          [
            -77.02639634213183,
            38.89776138298029
          ],
          [
            -77.02644975914369,
            38.89560457297783
          ]
        ],
        "type": "LineString"
      }
    },
    {
      "type": "Feature",
      "id": "segment-2355ac26bd3bc295",
      "properties": {
        "segment_id": "segment-2355ac26bd3bc295",
        "fid": 24,
        "name": "Whole retained carrier; geographic association only, not proof of complete service traversal. (DC portion)",
        "estimate_label": "Eleventh Street northern extension",
        "atlas_area_id": "DC",
        "geometry_hash": "794cac92d998ed696e9cbd31ed8082ba9d8380dc96c4364f192807296819fa9d",
        "estimate_id": "PSL-20261008-segment-2355ac26bd3bc295",
        "start_year": 1892,
        "end_year": 1961,
        "start_earliest_year": 1880,
        "start_latest_year": 1900,
        "end_earliest_year": 1961,
        "end_latest_year": 1961,
        "start_confidence": "low",
        "end_confidence": "medium",
        "confidence_group": "low",
        "estimate_status": "provisional_not_verified_not_admitted",
        "mixed_subextent": false,
        "has_known_periods": true,
        "citation_review_warning": null,
        "continuous_operation_asserted": false,
        "whole_segment_uniform_lifespan_asserted": false,
        "source_ids": [
          "AUDIT-DC-NPS2005-DUPONT",
          "AUDIT-NPS2005-MET-EARLY",
          "AUDIT-WILDWOOD-TERMINAL-NPS2005",
          "DC-RECON-NPS2005-E19",
          "GAP-CONV-S08",
          "INF-SRC-MD-NPS-STREETCAR",
          "LATE-CONV-S07",
          "LATE-PH-S08",
          "LOOP-S07",
          "MD-EAST-S18",
          "MD-MONT-S02",
          "WB-S01",
          "date-source-aa82a23988ba1f53"
        ],
        "context_source_ids": [
          "DC-LATE-MAP-S03"
        ],
        "basis_claim_ids": [
          "DC-TIME-DCLV-C13"
        ],
        "evidence_id": "segment-2355ac26bd3bc295",
        "start_estimated_date": null,
        "end_estimated_date": null,
        "start_precision": "year",
        "end_precision": "year",
        "verified_start_date": null,
        "verified_end_date": null,
        "passenger_use_existence": "supported_at_named_corridor_scope",
        "geometry_correspondence": "source_scoped_not_full_segment_proof",
        "uncertainty_reason_group": "ordinary_date_and_scope_uncertainty"
      },
      "geometry": {
        "coordinates": [
          [
            -77.02847778341635,
            38.931231755557725
          ],
          [
            -77.02757727861038,
            38.92710691585507
          ],
          [
            -77.02736347267077,
            38.92026373245363
          ],
          [
            -77.02727555551441,
            38.91637353256978
          ],
          [
            -77.0271612874821,
            38.912754036926536
          ]
        ],
        "type": "LineString"
      }
    },
    {
      "type": "Feature",
      "id": "segment-016870cb7654ced4",
      "properties": {
        "segment_id": "segment-016870cb7654ced4",
        "fid": 25,
        "name": "Whole retained carrier; geographic association only, not proof of complete service traversal. (DC portion)",
        "estimate_label": "Ninth Street NW trunk",
        "atlas_area_id": "DC",
        "geometry_hash": "f66a41c40a3e8d101e11d3efb474d3c5e2f183ec5ae2faa4c2f27639c55c5a33",
        "estimate_id": "PSL-20261008-segment-016870cb7654ced4",
        "start_year": 1872,
        "end_year": 1962,
        "start_earliest_year": 1865,
        "start_latest_year": 1873,
        "end_earliest_year": 1961,
        "end_latest_year": 1962,
        "start_confidence": "medium",
        "end_confidence": "low",
        "confidence_group": "low",
        "estimate_status": "provisional_not_verified_not_admitted",
        "mixed_subextent": false,
        "has_known_periods": true,
        "citation_review_warning": null,
        "continuous_operation_asserted": false,
        "whole_segment_uniform_lifespan_asserted": false,
        "source_ids": [
          "AUDIT-DC-NPS2005-DUPONT",
          "AUDIT-NPS2005-MET-EARLY",
          "AUDIT-WILDWOOD-TERMINAL-NPS2005",
          "DC-RECON-NPS2005-E19",
          "GAP-CONV-S07",
          "GAP-CONV-S08",
          "INF-SRC-MD-NPS-STREETCAR",
          "LATE-PH-S08",
          "LOOP-S07",
          "MD-EAST-S18",
          "MD-MONT-S02",
          "WB-S01"
        ],
        "context_source_ids": [
          "CORE-S05",
          "DC-LATE-MAP-S03",
          "GAR1892-LOC",
          "KEIM1876-LOC"
        ],
        "basis_claim_ids": [],
        "evidence_id": "segment-016870cb7654ced4",
        "start_estimated_date": null,
        "end_estimated_date": null,
        "start_precision": "year",
        "end_precision": "year",
        "verified_start_date": null,
        "verified_end_date": null,
        "passenger_use_existence": "supported_at_named_corridor_scope",
        "geometry_correspondence": "source_scoped_not_full_segment_proof",
        "uncertainty_reason_group": "ordinary_date_and_scope_uncertainty"
      },
      "geometry": {
        "coordinates": [
          [
            -77.02409358494926,
            38.91279918603026
          ],
          [
            -77.02342243924396,
            38.89694751816876
          ],
          [
            -77.02351446493753,
            38.89317623229891
          ],
          [
            -77.02355090714772,
            38.89168280163867
          ],
          [
            -77.02157591139654,
            38.89168428511519
          ]
        ],
        "type": "LineString"
      }
    },
    {
      "type": "Feature",
      "id": "segment-95b4d877d9edda59",
      "properties": {
        "segment_id": "segment-95b4d877d9edda59",
        "fid": 26,
        "name": "Whole retained carrier; geographic association only, not proof of complete service traversal. (DC portion)",
        "estimate_label": "Ninth Street Florida connection",
        "atlas_area_id": "DC",
        "geometry_hash": "fcf9598337339f8826f6406500de04da49ea6015ab1ecbb6e4e3ed236029a26a",
        "estimate_id": "PSL-20261008-segment-95b4d877d9edda59",
        "start_year": 1872,
        "end_year": 1936,
        "start_earliest_year": 1865,
        "start_latest_year": 1873,
        "end_earliest_year": 1934,
        "end_latest_year": 1962,
        "start_confidence": "medium",
        "end_confidence": "low",
        "confidence_group": "low",
        "estimate_status": "provisional_not_verified_not_admitted",
        "mixed_subextent": false,
        "has_known_periods": false,
        "citation_review_warning": null,
        "continuous_operation_asserted": false,
        "whole_segment_uniform_lifespan_asserted": false,
        "source_ids": [
          "AUDIT-DC-NPS2005-DUPONT",
          "AUDIT-NPS2005-MET-EARLY",
          "AUDIT-WILDWOOD-TERMINAL-NPS2005",
          "DC-RECON-NPS2005-E19",
          "GAP-CONV-S07",
          "GAP-CONV-S08",
          "INF-SRC-MD-NPS-STREETCAR",
          "LATE-PH-S08",
          "LOOP-S07",
          "MD-EAST-S18",
          "MD-MONT-S02",
          "WB-S01"
        ],
        "context_source_ids": [
          "CORE-S05",
          "GAR1892-LOC"
        ],
        "basis_claim_ids": [],
        "evidence_id": "segment-95b4d877d9edda59",
        "start_estimated_date": null,
        "end_estimated_date": null,
        "start_precision": "year",
        "end_precision": "year",
        "verified_start_date": null,
        "verified_end_date": null,
        "passenger_use_existence": "supported_at_named_corridor_scope",
        "geometry_correspondence": "source_scoped_not_full_segment_proof",
        "uncertainty_reason_group": "ordinary_date_and_scope_uncertainty"
      },
      "geometry": {
        "coordinates": [
          [
            -77.02736347267077,
            38.92026373245363
          ],
          [
            -77.02643170079554,
            38.9200517022723
          ],
          [
            -77.02548675052766,
            38.91929035726039
          ],
          [
            -77.02490952232542,
            38.9184166550327
          ],
          [
            -77.02427837681522,
            38.917325422503716
          ],
          [
            -77.02409358494926,
            38.91279918603026
          ]
        ],
        "type": "LineString"
      }
    },
    {
      "type": "Feature",
      "id": "segment-15614f10ea6c82de",
      "properties": {
        "segment_id": "segment-15614f10ea6c82de",
        "fid": 27,
        "name": "Whole retained carrier; geographic association only, not proof of complete service traversal. (DC portion)",
        "estimate_label": "G Street east-west Metropolitan corridor",
        "atlas_area_id": "DC",
        "geometry_hash": "dac276c118f57421688feebed775c49875875395792916e968a3942e669b2ee5",
        "estimate_id": "PSL-20261008-segment-15614f10ea6c82de",
        "start_year": 1891,
        "end_year": 1962,
        "start_earliest_year": 1888,
        "start_latest_year": 1892,
        "end_earliest_year": 1961,
        "end_latest_year": 1962,
        "start_confidence": "medium",
        "end_confidence": "low",
        "confidence_group": "low",
        "estimate_status": "provisional_not_verified_not_admitted",
        "mixed_subextent": false,
        "has_known_periods": true,
        "citation_review_warning": null,
        "continuous_operation_asserted": false,
        "whole_segment_uniform_lifespan_asserted": false,
        "source_ids": [
          "AUDIT-DC-NPS2005-DUPONT",
          "AUDIT-NPS2005-MET-EARLY",
          "AUDIT-WILDWOOD-TERMINAL-NPS2005",
          "DC-RECON-NPS2005-E19",
          "GAP-CONV-S07",
          "GAP-CONV-S08",
          "INF-SRC-MD-NPS-STREETCAR",
          "LATE-PH-S08",
          "LOOP-S07",
          "MD-EAST-S18",
          "MD-MONT-S02",
          "WB-S01"
        ],
        "context_source_ids": [
          "CORE-S05",
          "DC-LATE-MAP-S01",
          "DC-LATE-MAP-S03"
        ],
        "basis_claim_ids": [],
        "evidence_id": "segment-15614f10ea6c82de",
        "start_estimated_date": null,
        "end_estimated_date": null,
        "start_precision": "year",
        "end_precision": "year",
        "verified_start_date": null,
        "verified_end_date": null,
        "passenger_use_existence": "supported_at_named_corridor_scope",
        "geometry_correspondence": "source_scoped_not_full_segment_proof",
        "uncertainty_reason_group": "date_or_course_attribution_only"
      },
      "geometry": {
        "coordinates": [
          [
            -77.03317159710156,
            38.89771800931503
          ],
          [
            -77.02639634213183,
            38.89776138298029
          ],
          [
            -77.02110181639163,
            38.897786136117126
          ],
          [
            -77.01618047640272,
            38.89781217581942
          ],
          [
            -77.01306514139105,
            38.89782865962189
          ],
          [
            -77.01131818020447,
            38.897838180451764
          ]
        ],
        "type": "LineString"
      }
    },
    {
      "type": "Feature",
      "id": "segment-61ffa3a1b10167f0",
      "properties": {
        "segment_id": "segment-61ffa3a1b10167f0",
        "fid": 28,
        "name": "Whole retained carrier; geographic association only, not proof of complete service traversal. (DC portion)",
        "estimate_label": "G Street and Fifteenth source-seam continuity",
        "atlas_area_id": "DC",
        "geometry_hash": "08585e69bfc6fc7c30568d36e136337065a7f18a2d3acbeeb86883f6f01abc94",
        "estimate_id": "PSL-20261008-segment-61ffa3a1b10167f0",
        "start_year": 1891,
        "end_year": 1962,
        "start_earliest_year": 1888,
        "start_latest_year": 1892,
        "end_earliest_year": 1961,
        "end_latest_year": 1962,
        "start_confidence": "medium",
        "end_confidence": "low",
        "confidence_group": "low",
        "estimate_status": "provisional_not_verified_not_admitted",
        "mixed_subextent": false,
        "has_known_periods": true,
        "citation_review_warning": null,
        "continuous_operation_asserted": false,
        "whole_segment_uniform_lifespan_asserted": false,
        "source_ids": [
          "AUDIT-DC-NPS2005-DUPONT",
          "AUDIT-NPS2005-MET-EARLY",
          "AUDIT-WILDWOOD-TERMINAL-NPS2005",
          "DC-RECON-NPS2005-E19",
          "GAP-CONV-S07",
          "GAP-CONV-S08",
          "INF-SRC-MD-NPS-STREETCAR",
          "LATE-PH-S08",
          "LOOP-S07",
          "MD-EAST-S18",
          "MD-MONT-S02",
          "WB-S01"
        ],
        "context_source_ids": [
          "DC-LATE-MAP-S03"
        ],
        "basis_claim_ids": [],
        "evidence_id": "segment-61ffa3a1b10167f0",
        "start_estimated_date": null,
        "end_estimated_date": null,
        "start_precision": "year",
        "end_precision": "year",
        "verified_start_date": null,
        "verified_end_date": null,
        "passenger_use_existence": "corridor_passenger_use_supported_specific_drawing_unresolved",
        "geometry_correspondence": "hypothetical_or_unregistered_specific_geometry",
        "uncertainty_reason_group": "specific_geometry_correspondence"
      },
      "geometry": {
        "coordinates": [
          [
            -77.03317159710156,
            38.89771800931503
          ],
          [
            -77.03317531088702,
            38.897718100190595
          ]
        ],
        "type": "LineString"
      }
    },
    {
      "type": "Feature",
      "id": "segment-031d5afe01a6859c",
      "properties": {
        "segment_id": "segment-031d5afe01a6859c",
        "fid": 29,
        "name": "Whole retained carrier; geographic association only, not proof of complete service traversal. (DC portion)",
        "estimate_label": "E Street Metropolitan connector",
        "atlas_area_id": "DC",
        "geometry_hash": "b16ff4c61502da99c53cf6f57dcad479346f1e33029258a9073e905da6ff26e2",
        "estimate_id": "PSL-20261008-segment-031d5afe01a6859c",
        "start_year": 1875,
        "end_year": 1961,
        "start_earliest_year": 1875,
        "start_latest_year": 1880,
        "end_earliest_year": 1936,
        "end_latest_year": 1962,
        "start_confidence": "medium",
        "end_confidence": "low",
        "confidence_group": "low",
        "estimate_status": "provisional_not_verified_not_admitted",
        "mixed_subextent": false,
        "has_known_periods": true,
        "citation_review_warning": null,
        "continuous_operation_asserted": false,
        "whole_segment_uniform_lifespan_asserted": false,
        "source_ids": [
          "AUDIT-DC-NPS2005-DUPONT",
          "AUDIT-NPS2005-MET-EARLY",
          "AUDIT-WILDWOOD-TERMINAL-NPS2005",
          "DC-RECON-NPS2005-E19",
          "GAP-CONV-S03",
          "GAP-CONV-S08",
          "INF-SRC-MD-NPS-STREETCAR",
          "LATE-CONV-S03",
          "LATE-CONV-S07",
          "LATE-PH-S02",
          "LATE-PH-S08",
          "LOOP-S07",
          "MD-EAST-S18",
          "MD-MONT-S02",
          "VA4-S02",
          "WB-S01",
          "date-source-aa82a23988ba1f53"
        ],
        "context_source_ids": [
          "DC-LATE-MAP-S03",
          "GAR1892-LOC"
        ],
        "basis_claim_ids": [
          "DC-TIME-E-STREET-DISCONNECTED-BY1936",
          "DC-TIME-DCLV-C13"
        ],
        "evidence_id": "segment-031d5afe01a6859c",
        "start_estimated_date": null,
        "end_estimated_date": null,
        "start_precision": "year",
        "end_precision": "year",
        "verified_start_date": null,
        "verified_end_date": null,
        "passenger_use_existence": "supported_at_named_corridor_scope",
        "geometry_correspondence": "source_scoped_not_full_segment_proof",
        "uncertainty_reason_group": "ordinary_date_and_scope_uncertainty"
      },
      "geometry": {
        "coordinates": [
          [
            -77.03128542992053,
            38.89518686587494
          ],
          [
            -77.02644975914369,
            38.89560457297783
          ],
          [
            -77.0234549512248,
            38.895615159463276
          ]
        ],
        "type": "LineString"
      }
    },
    {
      "type": "Feature",
      "id": "segment-4ab01070652f6b4a",
      "properties": {
        "segment_id": "segment-4ab01070652f6b4a",
        "fid": 30,
        "name": "F Street from Fourteenth to Seventh (DC portion)",
        "estimate_label": "F Street and Fourteenth G-to-F connection",
        "atlas_area_id": "DC",
        "geometry_hash": "74be159f174ba61846288bf0884b3bdf43501d90755a7123b517eee913089f10",
        "estimate_id": "PSL-20261008-segment-4ab01070652f6b4a",
        "start_year": 1865,
        "end_year": 1962,
        "start_earliest_year": 1864,
        "start_latest_year": 1865,
        "end_earliest_year": 1961,
        "end_latest_year": 1962,
        "start_confidence": "medium",
        "end_confidence": "low",
        "confidence_group": "low",
        "estimate_status": "provisional_not_verified_not_admitted",
        "mixed_subextent": false,
        "has_known_periods": true,
        "citation_review_warning": null,
        "continuous_operation_asserted": false,
        "whole_segment_uniform_lifespan_asserted": false,
        "source_ids": [
          "AUDIT-DC-NPS2005-DUPONT",
          "AUDIT-NPS2005-MET-EARLY",
          "AUDIT-WILDWOOD-TERMINAL-NPS2005",
          "DC-RECON-NPS2005-E19",
          "GAP-CONV-S07",
          "GAP-CONV-S08",
          "INF-SRC-MD-NPS-STREETCAR",
          "LATE-PH-S08",
          "LOOP-S07",
          "MD-EAST-S18",
          "MD-MONT-S02",
          "WB-S01"
        ],
        "context_source_ids": [
          "CORE-S05",
          "CORE-S06",
          "DC-LATE-MAP-S01",
          "DC-LATE-MAP-S03",
          "KEIM1876-LOC"
        ],
        "basis_claim_ids": [],
        "evidence_id": "segment-4ab01070652f6b4a",
        "start_estimated_date": null,
        "end_estimated_date": null,
        "start_precision": "year",
        "end_precision": "year",
        "verified_start_date": null,
        "verified_end_date": null,
        "passenger_use_existence": "supported_at_named_corridor_scope",
        "geometry_correspondence": "source_scoped_not_full_segment_proof",
        "uncertainty_reason_group": "ordinary_date_and_scope_uncertainty"
      },
      "geometry": {
        "coordinates": [
          [
            -77.03118982374218,
            38.896872643897105
          ],
          [
            -77.02641469175686,
            38.89689899242559
          ],
          [
            -77.02342296334851,
            38.89691152079854
          ],
          [
            -77.02147139765748,
            38.8969194871664
          ]
        ],
        "type": "LineString"
      }
    },
    {
      "type": "Feature",
      "id": "segment-8a35311837cdc0ea",
      "properties": {
        "segment_id": "segment-8a35311837cdc0ea",
        "fid": 31,
        "name": "F Street from Seventh to Fifth (DC portion)",
        "estimate_label": "F Street-Fifth Street downtown connector",
        "atlas_area_id": "DC",
        "geometry_hash": "ef9aa1535da3e0bf37898cdac5e62430cc3063caaebf3bdc81270a23ca6beafd",
        "estimate_id": "PSL-20261008-segment-8a35311837cdc0ea",
        "start_year": 1865,
        "end_year": 1962,
        "start_earliest_year": 1864,
        "start_latest_year": 1865,
        "end_earliest_year": 1961,
        "end_latest_year": 1962,
        "start_confidence": "medium",
        "end_confidence": "low",
        "confidence_group": "low",
        "estimate_status": "provisional_not_verified_not_admitted",
        "mixed_subextent": false,
        "has_known_periods": true,
        "citation_review_warning": null,
        "continuous_operation_asserted": false,
        "whole_segment_uniform_lifespan_asserted": false,
        "source_ids": [
          "AUDIT-DC-NPS2005-DUPONT",
          "AUDIT-NPS2005-MET-EARLY",
          "AUDIT-WILDWOOD-TERMINAL-NPS2005",
          "DC-RECON-NPS2005-E19",
          "GAP-CONV-S07",
          "GAP-CONV-S08",
          "INF-SRC-MD-NPS-STREETCAR",
          "LATE-PH-S08",
          "LOOP-S07",
          "MD-EAST-S18",
          "MD-MONT-S02",
          "WB-S01"
        ],
        "context_source_ids": [
          "CORE-S05",
          "CORE-S06",
          "DC-LATE-MAP-S01",
          "DC-LATE-MAP-S03",
          "KEIM1876-LOC"
        ],
        "basis_claim_ids": [],
        "evidence_id": "segment-8a35311837cdc0ea",
        "start_estimated_date": null,
        "end_estimated_date": null,
        "start_precision": "year",
        "end_precision": "year",
        "verified_start_date": null,
        "verified_end_date": null,
        "passenger_use_existence": "supported_at_named_corridor_scope",
        "geometry_correspondence": "source_scoped_not_full_segment_proof",
        "uncertainty_reason_group": "ordinary_date_and_scope_uncertainty"
      },
      "geometry": {
        "coordinates": [
          [
            -77.02147139765748,
            38.8969194871664
          ],
          [
            -77.01837637229058,
            38.89693267133364
          ]
        ],
        "type": "LineString"
      }
    },
    {
      "type": "Feature",
      "id": "segment-d587a73e5d43d244",
      "properties": {
        "segment_id": "segment-d587a73e5d43d244",
        "fid": 32,
        "name": "Fourteenth Street G-to-F block (DC portion)",
        "estimate_label": "F Street and Fourteenth G-to-F connection",
        "atlas_area_id": "DC",
        "geometry_hash": "c89907c2c8fda574350a147174f2cb7bfb54879e99ef901374bc9c876f41d285",
        "estimate_id": "PSL-20261008-segment-d587a73e5d43d244",
        "start_year": 1865,
        "end_year": 1962,
        "start_earliest_year": 1864,
        "start_latest_year": 1865,
        "end_earliest_year": 1961,
        "end_latest_year": 1962,
        "start_confidence": "medium",
        "end_confidence": "low",
        "confidence_group": "low",
        "estimate_status": "provisional_not_verified_not_admitted",
        "mixed_subextent": false,
        "has_known_periods": true,
        "citation_review_warning": null,
        "continuous_operation_asserted": false,
        "whole_segment_uniform_lifespan_asserted": false,
        "source_ids": [
          "AUDIT-DC-NPS2005-DUPONT",
          "AUDIT-NPS2005-MET-EARLY",
          "AUDIT-WILDWOOD-TERMINAL-NPS2005",
          "DC-RECON-NPS2005-E19",
          "GAP-CONV-S07",
          "GAP-CONV-S08",
          "INF-SRC-MD-NPS-STREETCAR",
          "LATE-PH-S08",
          "LOOP-S07",
          "MD-EAST-S18",
          "MD-MONT-S02",
          "WB-S01"
        ],
        "context_source_ids": [
          "DC-LATE-MAP-S01",
          "DC-LATE-MAP-S03",
          "KEIM1876-LOC"
        ],
        "basis_claim_ids": [],
        "evidence_id": "segment-d587a73e5d43d244",
        "start_estimated_date": null,
        "end_estimated_date": null,
        "start_precision": "year",
        "end_precision": "year",
        "verified_start_date": null,
        "verified_end_date": null,
        "passenger_use_existence": "supported_at_named_corridor_scope",
        "geometry_correspondence": "source_scoped_not_full_segment_proof",
        "uncertainty_reason_group": "ordinary_date_and_scope_uncertainty"
      },
      "geometry": {
        "coordinates": [
          [
            -77.03115857959249,
            38.897730937278375
          ],
          [
            -77.03118982374218,
            38.896872643897105
          ]
        ],
        "type": "LineString"
      }
    },
    {
      "type": "Feature",
      "id": "segment-b9e3e998521b5d05",
      "properties": {
        "segment_id": "segment-b9e3e998521b5d05",
        "fid": 33,
        "name": "Fifth Street F-to-G block (DC portion)",
        "estimate_label": "F Street-Fifth Street downtown connector",
        "atlas_area_id": "DC",
        "geometry_hash": "d3d5c1da91e1f832c9568788ce71f52d573238e80c6cd06eed7061bb09074d81",
        "estimate_id": "PSL-20261008-segment-b9e3e998521b5d05",
        "start_year": 1891,
        "end_year": 1961,
        "start_earliest_year": 1865,
        "start_latest_year": 1902,
        "end_earliest_year": 1958,
        "end_latest_year": 1962,
        "start_confidence": "low",
        "end_confidence": "low",
        "confidence_group": "low",
        "estimate_status": "provisional_not_verified_not_admitted",
        "mixed_subextent": false,
        "has_known_periods": true,
        "citation_review_warning": null,
        "continuous_operation_asserted": false,
        "whole_segment_uniform_lifespan_asserted": false,
        "source_ids": [
          "AUDIT-DC-NPS2005-DUPONT",
          "AUDIT-NPS2005-MET-EARLY",
          "AUDIT-WILDWOOD-TERMINAL-NPS2005",
          "DC-RECON-NPS2005-E19",
          "GAP-CONV-S07",
          "GAP-CONV-S08",
          "INF-SRC-MD-NPS-STREETCAR",
          "LATE-PH-S08",
          "LOOP-S07",
          "MD-EAST-S18",
          "MD-MONT-S02",
          "WB-S01"
        ],
        "context_source_ids": [
          "DC-LATE-MAP-S03"
        ],
        "basis_claim_ids": [],
        "evidence_id": "segment-b9e3e998521b5d05",
        "start_estimated_date": null,
        "end_estimated_date": null,
        "start_precision": "year",
        "end_precision": "year",
        "verified_start_date": null,
        "verified_end_date": null,
        "passenger_use_existence": "supported_at_named_corridor_scope",
        "geometry_correspondence": "source_scoped_not_full_segment_proof",
        "uncertainty_reason_group": "ordinary_date_and_scope_uncertainty"
      },
      "geometry": {
        "coordinates": [
          [
            -77.01837637229058,
            38.89693267133364
          ],
          [
            -77.01837322571504,
            38.89779991155835
          ]
        ],
        "type": "LineString"
      }
    },
    {
      "type": "Feature",
      "id": "segment-b659461a8a9fb66b",
      "properties": {
        "segment_id": "segment-b659461a8a9fb66b",
        "fid": 34,
        "name": "Fifth Street G to New York Avenue (DC portion)",
        "estimate_label": "Fifth Street–New York Avenue corridor",
        "atlas_area_id": "DC",
        "geometry_hash": "ed2d855b4a9d382625aa3edf96f66eed7c08e74a3da0feeac2b6d5e253301538",
        "estimate_id": "PSL-20261008-segment-b659461a8a9fb66b",
        "start_year": 1888,
        "end_year": 1958,
        "start_earliest_year": 1888,
        "start_latest_year": 1891,
        "end_earliest_year": 1958,
        "end_latest_year": 1958,
        "start_confidence": "medium",
        "end_confidence": "medium",
        "confidence_group": "medium_high",
        "estimate_status": "provisional_not_verified_not_admitted",
        "mixed_subextent": false,
        "has_known_periods": true,
        "citation_review_warning": null,
        "continuous_operation_asserted": false,
        "whole_segment_uniform_lifespan_asserted": false,
        "source_ids": [
          "AUDIT-DC-NPS2005-DUPONT",
          "AUDIT-NPS2005-MET-EARLY",
          "AUDIT-WILDWOOD-TERMINAL-NPS2005",
          "DC-RECON-NPS2005-E19",
          "G7-S-1955-INHERITED",
          "GAP-CONV-S08",
          "INF-SRC-MD-NPS-STREETCAR",
          "LATE-CONV-S04",
          "LATE-PH-S08",
          "LOOP-S07",
          "MD-EAST-S18",
          "MD-MONT-S02",
          "WB-S01",
          "date-source-9d66f86d24fa03bc",
          "date-source-d8569aec0d752768"
        ],
        "context_source_ids": [
          "CORE-S05",
          "DC-LATE-MAP-S03"
        ],
        "basis_claim_ids": [
          "DC-TIME-DCLV-C08"
        ],
        "evidence_id": "segment-b659461a8a9fb66b",
        "start_estimated_date": null,
        "end_estimated_date": null,
        "start_precision": "year",
        "end_precision": "year",
        "verified_start_date": null,
        "verified_end_date": null,
        "passenger_use_existence": "supported_at_named_corridor_scope",
        "geometry_correspondence": "source_scoped_not_full_segment_proof",
        "uncertainty_reason_group": "ordinary_date_and_scope_uncertainty"
      },
      "geometry": {
        "coordinates": [
          [
            -77.01837322571504,
            38.89779991155835
          ],
          [
            -77.018928,
            38.903916
          ]
        ],
        "type": "LineString"
      }
    },
    {
      "type": "Feature",
      "id": "segment-a2b05a814b2c17e7",
      "properties": {
        "segment_id": "segment-a2b05a814b2c17e7",
        "fid": 35,
        "name": "New York Avenue east of Fifth (DC portion)",
        "estimate_label": "Fifth Street–New York Avenue corridor",
        "atlas_area_id": "DC",
        "geometry_hash": "690f4368d8c6eab8f8b1268228bdc9f902b62ce6bc1924a023e9aeed661093ac",
        "estimate_id": "PSL-20261008-segment-a2b05a814b2c17e7",
        "start_year": 1888,
        "end_year": 1958,
        "start_earliest_year": 1888,
        "start_latest_year": 1891,
        "end_earliest_year": 1958,
        "end_latest_year": 1958,
        "start_confidence": "medium",
        "end_confidence": "medium",
        "confidence_group": "medium_high",
        "estimate_status": "provisional_not_verified_not_admitted",
        "mixed_subextent": false,
        "has_known_periods": true,
        "citation_review_warning": null,
        "continuous_operation_asserted": false,
        "whole_segment_uniform_lifespan_asserted": false,
        "source_ids": [
          "AUDIT-DC-NPS2005-DUPONT",
          "AUDIT-NPS2005-MET-EARLY",
          "AUDIT-WILDWOOD-TERMINAL-NPS2005",
          "DC-RECON-NPS2005-E19",
          "G7-S-1955-INHERITED",
          "GAP-CONV-S08",
          "INF-SRC-MD-NPS-STREETCAR",
          "LATE-CONV-S04",
          "LATE-PH-S08",
          "LOOP-S07",
          "MD-EAST-S18",
          "MD-MONT-S02",
          "WB-S01",
          "date-source-9d66f86d24fa03bc",
          "date-source-d8569aec0d752768"
        ],
        "context_source_ids": [
          "CORE-S03",
          "CORE-S05",
          "DC-LATE-MAP-S03",
          "GAR1892-LOC"
        ],
        "basis_claim_ids": [
          "DC-TIME-DCLV-C08"
        ],
        "evidence_id": "segment-a2b05a814b2c17e7",
        "start_estimated_date": null,
        "end_estimated_date": null,
        "start_precision": "year",
        "end_precision": "year",
        "verified_start_date": null,
        "verified_end_date": null,
        "passenger_use_existence": "supported_at_named_corridor_scope",
        "geometry_correspondence": "source_scoped_not_full_segment_proof",
        "uncertainty_reason_group": "ordinary_date_and_scope_uncertainty"
      },
      "geometry": {
        "coordinates": [
          [
            -77.018928,
            38.903916
          ],
          [
            -77.016179,
            38.9048915
          ],
          [
            -77.014786,
            38.905370500000004
          ],
          [
            -77.00867437097537,
            38.90692452388723
          ]
        ],
        "type": "LineString"
      }
    },
    {
      "type": "Feature",
      "id": "segment-451c3f27cc30bd26",
      "properties": {
        "segment_id": "segment-451c3f27cc30bd26",
        "fid": 36,
        "name": "Whole retained carrier; geographic association only, not proof of complete service traversal. (DC portion)",
        "estimate_label": "North Capitol Street central approach",
        "atlas_area_id": "DC",
        "geometry_hash": "e7a116bc63a4d723f11eabc350041b9a6d2a22f25f3850f9c13bcfeb35c7960c",
        "estimate_id": "PSL-20261008-segment-451c3f27cc30bd26",
        "start_year": 1890,
        "end_year": 1958,
        "start_earliest_year": 1888,
        "start_latest_year": 1893,
        "end_earliest_year": 1958,
        "end_latest_year": 1958,
        "start_confidence": "medium",
        "end_confidence": "medium",
        "confidence_group": "medium_high",
        "estimate_status": "provisional_not_verified_not_admitted",
        "mixed_subextent": false,
        "has_known_periods": true,
        "citation_review_warning": null,
        "continuous_operation_asserted": false,
        "whole_segment_uniform_lifespan_asserted": false,
        "source_ids": [
          "AUDIT-DC-NPS2005-DUPONT",
          "AUDIT-NPS2005-MET-EARLY",
          "AUDIT-WILDWOOD-TERMINAL-NPS2005",
          "DC-RECON-NPS2005-E19",
          "G7-S-1955-INHERITED",
          "GAP-CONV-S07",
          "GAP-CONV-S08",
          "INF-SRC-MD-NPS-STREETCAR",
          "LATE-CONV-S04",
          "LATE-PH-S08",
          "LOOP-S07",
          "MD-EAST-S18",
          "MD-MONT-S02",
          "WB-S01",
          "date-source-9d66f86d24fa03bc",
          "date-source-d8569aec0d752768"
        ],
        "context_source_ids": [
          "CORE-S05",
          "DC-LATE-MAP-S03"
        ],
        "basis_claim_ids": [
          "DC-TIME-DCLV-C07"
        ],
        "evidence_id": "segment-451c3f27cc30bd26",
        "start_estimated_date": null,
        "end_estimated_date": null,
        "start_precision": "year",
        "end_precision": "year",
        "verified_start_date": null,
        "verified_end_date": null,
        "passenger_use_existence": "supported_at_named_corridor_scope",
        "geometry_correspondence": "source_scoped_not_full_segment_proof",
        "uncertainty_reason_group": "ordinary_date_and_scope_uncertainty"
      },
      "geometry": {
        "coordinates": [
          [
            -77.00882583210978,
            38.91306258130533
          ],
          [
            -77.00875198880088,
            38.91059971533728
          ],
          [
            -77.00867437097537,
            38.90692452388723
          ],
          [
            -77.00859988869175,
            38.89978366493545
          ],
          [
            -77.00860186749672,
            38.89712375535039
          ]
        ],
        "type": "LineString"
      }
    },
    {
      "type": "Feature",
      "id": "segment-d3b4534dda2a1cb3",
      "properties": {
        "segment_id": "segment-d3b4534dda2a1cb3",
        "fid": 37,
        "name": "Whole retained carrier; geographic association only, not proof of complete service traversal. (DC portion)",
        "estimate_label": "North Capitol Street central approach junction infill",
        "atlas_area_id": "DC",
        "geometry_hash": "bc6b93b6266b4c45cbbaa8a0ef39a371935cf7c4c3f1903725b24cca7f66a02f",
        "estimate_id": "PSL-20261008-segment-d3b4534dda2a1cb3",
        "start_year": 1890,
        "end_year": 1958,
        "start_earliest_year": 1888,
        "start_latest_year": 1893,
        "end_earliest_year": 1958,
        "end_latest_year": 1958,
        "start_confidence": "medium",
        "end_confidence": "medium",
        "confidence_group": "medium_high",
        "estimate_status": "provisional_not_verified_not_admitted",
        "mixed_subextent": false,
        "has_known_periods": true,
        "citation_review_warning": null,
        "continuous_operation_asserted": false,
        "whole_segment_uniform_lifespan_asserted": false,
        "source_ids": [
          "AUDIT-DC-NPS2005-DUPONT",
          "AUDIT-NPS2005-MET-EARLY",
          "AUDIT-WILDWOOD-TERMINAL-NPS2005",
          "DC-RECON-NPS2005-E19",
          "G7-S-1955-INHERITED",
          "GAP-CONV-S07",
          "GAP-CONV-S08",
          "INF-SRC-MD-NPS-STREETCAR",
          "LATE-CONV-S04",
          "LATE-PH-S08",
          "LOOP-S07",
          "MD-EAST-S18",
          "MD-MONT-S02",
          "WB-S01",
          "date-source-9d66f86d24fa03bc",
          "date-source-d8569aec0d752768"
        ],
        "context_source_ids": [
          "DC-LATE-MAP-S03"
        ],
        "basis_claim_ids": [
          "DC-TIME-DCLV-C07"
        ],
        "evidence_id": "segment-d3b4534dda2a1cb3",
        "start_estimated_date": null,
        "end_estimated_date": null,
        "start_precision": "year",
        "end_precision": "year",
        "verified_start_date": null,
        "verified_end_date": null,
        "passenger_use_existence": "supported_at_named_corridor_scope",
        "geometry_correspondence": "source_scoped_not_full_segment_proof",
        "uncertainty_reason_group": "ordinary_date_and_scope_uncertainty"
      },
      "geometry": {
        "coordinates": [
          [
            -77.00860186749672,
            38.89712375535039
          ],
          [
            -77.0087682334947,
            38.89685915572177
          ]
        ],
        "type": "LineString"
      }
    },
    {
      "type": "Feature",
      "id": "segment-4617fd8dd97f4e06",
      "properties": {
        "segment_id": "segment-4617fd8dd97f4e06",
        "fid": 38,
        "name": "North Capitol Street northern continuation to Michigan (DC portion)",
        "estimate_label": "North Capitol–Michigan branch",
        "atlas_area_id": "DC",
        "geometry_hash": "b6c1eab3fcce59ba4f82d21cfbcb2f0fd85314e8757f3c6de136d3de30e897f4",
        "estimate_id": "PSL-20261008-segment-4617fd8dd97f4e06",
        "start_year": 1890,
        "end_year": 1958,
        "start_earliest_year": 1888,
        "start_latest_year": 1893,
        "end_earliest_year": 1958,
        "end_latest_year": 1958,
        "start_confidence": "medium",
        "end_confidence": "medium",
        "confidence_group": "medium_high",
        "estimate_status": "provisional_not_verified_not_admitted",
        "mixed_subextent": false,
        "has_known_periods": true,
        "citation_review_warning": null,
        "continuous_operation_asserted": false,
        "whole_segment_uniform_lifespan_asserted": false,
        "source_ids": [
          "AUDIT-DC-NPS2005-DUPONT",
          "AUDIT-NPS2005-MET-EARLY",
          "AUDIT-WILDWOOD-TERMINAL-NPS2005",
          "DC-RECON-NPS2005-E19",
          "G7-S-1955-INHERITED",
          "GAP-CONV-S07",
          "GAP-CONV-S08",
          "INF-SRC-MD-NPS-STREETCAR",
          "LATE-CONV-S04",
          "LATE-PH-S08",
          "LOOP-S07",
          "MD-EAST-S18",
          "MD-MONT-S02",
          "WB-S01",
          "date-source-9d66f86d24fa03bc",
          "date-source-d8569aec0d752768"
        ],
        "context_source_ids": [
          "DC-LATE-MAP-S03"
        ],
        "basis_claim_ids": [
          "DC-TIME-DCLV-C07"
        ],
        "evidence_id": "segment-4617fd8dd97f4e06",
        "start_estimated_date": null,
        "end_estimated_date": null,
        "start_precision": "year",
        "end_precision": "year",
        "verified_start_date": null,
        "verified_end_date": null,
        "passenger_use_existence": "supported_at_named_corridor_scope",
        "geometry_correspondence": "source_scoped_not_full_segment_proof",
        "uncertainty_reason_group": "ordinary_date_and_scope_uncertainty"
      },
      "geometry": {
        "coordinates": [
          [
            -77.00882583210978,
            38.91306258130533
          ],
          [
            -77.0089545727811,
            38.91722504712926
          ],
          [
            -77.00916979995431,
            38.92608526025116
          ]
        ],
        "type": "LineString"
      }
    },
    {
      "type": "Feature",
      "id": "segment-7809972180e809f8",
      "properties": {
        "segment_id": "segment-7809972180e809f8",
        "fid": 39,
        "name": "Whole retained carrier; geographic association only, not proof of complete service traversal. (DC portion)",
        "estimate_label": "Union Station Massachusetts western approach",
        "atlas_area_id": "DC",
        "geometry_hash": "405123d522f3921ebfc925b45d463e1d7ce9e6f6b3dd37a63d247f75b600758f",
        "estimate_id": "PSL-20261008-segment-7809972180e809f8",
        "start_year": 1908,
        "end_year": 1962,
        "start_earliest_year": 1907,
        "start_latest_year": 1910,
        "end_earliest_year": 1960,
        "end_latest_year": 1962,
        "start_confidence": "low",
        "end_confidence": "low",
        "confidence_group": "low",
        "estimate_status": "provisional_not_verified_not_admitted",
        "mixed_subextent": false,
        "has_known_periods": true,
        "citation_review_warning": null,
        "continuous_operation_asserted": false,
        "whole_segment_uniform_lifespan_asserted": false,
        "source_ids": [
          "AUDIT-DC-NPS2005-DUPONT",
          "AUDIT-NPS2005-MET-EARLY",
          "AUDIT-WILDWOOD-TERMINAL-NPS2005",
          "DC-RECON-NPS2005-E19",
          "GAP-CONV-S07",
          "GAP-CONV-S08",
          "INF-SRC-MD-NPS-STREETCAR",
          "LATE-PH-S08",
          "LOOP-S07",
          "MD-EAST-S18",
          "MD-MONT-S02",
          "WB-S01"
        ],
        "context_source_ids": [
          "DC-LATE-MAP-S03"
        ],
        "basis_claim_ids": [],
        "evidence_id": "segment-7809972180e809f8",
        "start_estimated_date": null,
        "end_estimated_date": null,
        "start_precision": "year",
        "end_precision": "year",
        "verified_start_date": null,
        "verified_end_date": null,
        "passenger_use_existence": "supported_at_named_corridor_scope",
        "geometry_correspondence": "source_scoped_not_full_segment_proof",
        "uncertainty_reason_group": "ordinary_date_and_scope_uncertainty"
      },
      "geometry": {
        "coordinates": [
          [
            -77.01131818020447,
            38.897838180451764
          ],
          [
            -77.00860321687217,
            38.89679579646494
          ],
          [
            -77.00735855859806,
            38.89654611690403
          ]
        ],
        "type": "LineString"
      }
    },
    {
      "type": "Feature",
      "id": "segment-b5b8a9ae6e17b98b",
      "properties": {
        "segment_id": "segment-b5b8a9ae6e17b98b",
        "fid": 40,
        "name": "Whole retained carrier; geographic association only, not proof of complete service traversal. (DC portion)",
        "estimate_label": "Union Station plaza northern arc",
        "atlas_area_id": "DC",
        "geometry_hash": "1eb3a4ccd4550c0564f00265d348f6ab2841eb80b1d73a4110d91fe51a357a2c",
        "estimate_id": "PSL-20261008-segment-b5b8a9ae6e17b98b",
        "start_year": 1908,
        "end_year": 1962,
        "start_earliest_year": 1907,
        "start_latest_year": 1910,
        "end_earliest_year": 1960,
        "end_latest_year": 1962,
        "start_confidence": "low",
        "end_confidence": "low",
        "confidence_group": "low",
        "estimate_status": "provisional_not_verified_not_admitted",
        "mixed_subextent": false,
        "has_known_periods": true,
        "citation_review_warning": null,
        "continuous_operation_asserted": false,
        "whole_segment_uniform_lifespan_asserted": false,
        "source_ids": [
          "AUDIT-DC-NPS2005-DUPONT",
          "AUDIT-NPS2005-MET-EARLY",
          "AUDIT-WILDWOOD-TERMINAL-NPS2005",
          "DC-RECON-NPS2005-E19",
          "GAP-CONV-S07",
          "GAP-CONV-S08",
          "INF-SRC-MD-NPS-STREETCAR",
          "LATE-PH-S08",
          "LOOP-S07",
          "MD-EAST-S18",
          "MD-MONT-S02",
          "WB-S01"
        ],
        "context_source_ids": [],
        "basis_claim_ids": [],
        "evidence_id": "segment-b5b8a9ae6e17b98b",
        "start_estimated_date": null,
        "end_estimated_date": null,
        "start_precision": "year",
        "end_precision": "year",
        "verified_start_date": null,
        "verified_end_date": null,
        "passenger_use_existence": "inferred_from_corridor_history",
        "geometry_correspondence": "corridor_correspondence_requires_review",
        "uncertainty_reason_group": "ordinary_date_and_scope_uncertainty"
      },
      "geometry": {
        "coordinates": [
          [
            -77.00735855859806,
            38.89654611690403
          ],
          [
            -77.0047736335741,
            38.896082496014905
          ]
        ],
        "type": "LineString"
      }
    },
    {
      "type": "Feature",
      "id": "segment-565eea84bb1ae768",
      "properties": {
        "segment_id": "segment-565eea84bb1ae768",
        "fid": 41,
        "name": "Whole retained carrier; geographic association only, not proof of complete service traversal. (DC portion)",
        "estimate_label": "Union Station plaza southern arc",
        "atlas_area_id": "DC",
        "geometry_hash": "e788c561eaeaad8bd0a19cb38b95976136a5e829b9c515cad129369d23ea538c",
        "estimate_id": "PSL-20261008-segment-565eea84bb1ae768",
        "start_year": 1908,
        "end_year": 1962,
        "start_earliest_year": 1907,
        "start_latest_year": 1910,
        "end_earliest_year": 1960,
        "end_latest_year": 1962,
        "start_confidence": "low",
        "end_confidence": "low",
        "confidence_group": "low",
        "estimate_status": "provisional_not_verified_not_admitted",
        "mixed_subextent": false,
        "has_known_periods": true,
        "citation_review_warning": null,
        "continuous_operation_asserted": false,
        "whole_segment_uniform_lifespan_asserted": false,
        "source_ids": [
          "AUDIT-DC-NPS2005-DUPONT",
          "AUDIT-NPS2005-MET-EARLY",
          "AUDIT-WILDWOOD-TERMINAL-NPS2005",
          "DC-RECON-NPS2005-E19",
          "GAP-CONV-S07",
          "GAP-CONV-S08",
          "INF-SRC-MD-NPS-STREETCAR",
          "LATE-PH-S08",
          "LOOP-S07",
          "MD-EAST-S18",
          "MD-MONT-S02",
          "WB-S01"
        ],
        "context_source_ids": [],
        "basis_claim_ids": [],
        "evidence_id": "segment-565eea84bb1ae768",
        "start_estimated_date": null,
        "end_estimated_date": null,
        "start_precision": "year",
        "end_precision": "year",
        "verified_start_date": null,
        "verified_end_date": null,
        "passenger_use_existence": "inferred_from_corridor_history",
        "geometry_correspondence": "corridor_correspondence_requires_review",
        "uncertainty_reason_group": "ordinary_date_and_scope_uncertainty"
      },
      "geometry": {
        "coordinates": [
          [
            -77.00735855859806,
            38.89654611690403
          ],
          [
            -77.00713255398581,
            38.89570834571451
          ],
          [
            -77.00630385564219,
            38.89531032779592
          ],
          [
            -77.00551793344708,
            38.895349771360145
          ],
          [
            -77.00496098700714,
            38.89568031007962
          ],
          [
            -77.0047736335741,
            38.896082496014905
          ]
        ],
        "type": "LineString"
      }
    },
    {
      "type": "Feature",
      "id": "segment-77f0e05b785fc183",
      "properties": {
        "segment_id": "segment-77f0e05b785fc183",
        "fid": 42,
        "name": "Whole retained carrier; geographic association only, not proof of complete service traversal. (DC portion)",
        "estimate_label": "Delaware Avenue to Capitol north-side surface track",
        "atlas_area_id": "DC",
        "geometry_hash": "152b9f2ffdbab1a367b5f858351dfc6576bba039714729345335d5eed5873ec1",
        "estimate_id": "PSL-20261008-segment-77f0e05b785fc183",
        "start_year": 1875,
        "end_year": 1934,
        "start_earliest_year": 1875,
        "start_latest_year": 1876,
        "end_earliest_year": 1930,
        "end_latest_year": 1935,
        "start_confidence": "medium",
        "end_confidence": "low",
        "confidence_group": "low",
        "estimate_status": "provisional_not_verified_not_admitted",
        "mixed_subextent": false,
        "has_known_periods": false,
        "citation_review_warning": null,
        "continuous_operation_asserted": false,
        "whole_segment_uniform_lifespan_asserted": false,
        "source_ids": [
          "AUDIT-DC-NPS2005-DUPONT",
          "AUDIT-NPS2005-MET-EARLY",
          "AUDIT-WILDWOOD-TERMINAL-NPS2005",
          "DC-RECON-NPS2005-E19",
          "GAP-CONV-S08",
          "INF-SRC-MD-NPS-STREETCAR",
          "LATE-PH-S08",
          "LOOP-S07",
          "MD-EAST-S18",
          "MD-MONT-S02",
          "WB-S01"
        ],
        "context_source_ids": [
          "KEIM1876-LOC"
        ],
        "basis_claim_ids": [
          "DC-TIME-METROPOLITAN-CAPITOL-CHANGE-1875"
        ],
        "evidence_id": "segment-77f0e05b785fc183",
        "start_estimated_date": null,
        "end_estimated_date": null,
        "start_precision": "year",
        "end_precision": "year",
        "verified_start_date": null,
        "verified_end_date": null,
        "passenger_use_existence": "supported_at_named_corridor_scope",
        "geometry_correspondence": "source_scoped_not_full_segment_proof",
        "uncertainty_reason_group": "ordinary_date_and_scope_uncertainty"
      },
      "geometry": {
        "coordinates": [
          [
            -77.00630385564219,
            38.89531032779592
          ],
          [
            -77.00701041915875,
            38.8936666590821
          ],
          [
            -77.00762826623352,
            38.8920243804037
          ],
          [
            -77.00787583113852,
            38.8906391878999
          ]
        ],
        "type": "LineString"
      }
    },
    {
      "type": "Feature",
      "id": "segment-2dd6eb3dcf0d9c95",
      "properties": {
        "segment_id": "segment-2dd6eb3dcf0d9c95",
        "fid": 43,
        "name": "Whole retained carrier; geographic association only, not proof of complete service traversal. (DC portion)",
        "estimate_label": "B Street north of Capitol surface connector",
        "atlas_area_id": "DC",
        "geometry_hash": "8d37594b778efe84900eb9a8057f998b428092821d4bd6ee19f847d94e34138d",
        "estimate_id": "PSL-20261008-segment-2dd6eb3dcf0d9c95",
        "start_year": 1875,
        "end_year": 1934,
        "start_earliest_year": 1875,
        "start_latest_year": 1876,
        "end_earliest_year": 1930,
        "end_latest_year": 1935,
        "start_confidence": "medium",
        "end_confidence": "low",
        "confidence_group": "low",
        "estimate_status": "provisional_not_verified_not_admitted",
        "mixed_subextent": false,
        "has_known_periods": false,
        "citation_review_warning": null,
        "continuous_operation_asserted": false,
        "whole_segment_uniform_lifespan_asserted": false,
        "source_ids": [
          "AUDIT-DC-NPS2005-DUPONT",
          "AUDIT-NPS2005-MET-EARLY",
          "AUDIT-WILDWOOD-TERMINAL-NPS2005",
          "DC-RECON-NPS2005-E19",
          "GAP-CONV-S08",
          "INF-SRC-MD-NPS-STREETCAR",
          "LATE-PH-S08",
          "LOOP-S07",
          "MD-EAST-S18",
          "MD-MONT-S02",
          "WB-S01"
        ],
        "context_source_ids": [
          "KEIM1876-LOC"
        ],
        "basis_claim_ids": [
          "DC-TIME-METROPOLITAN-CAPITOL-CHANGE-1875"
        ],
        "evidence_id": "segment-2dd6eb3dcf0d9c95",
        "start_estimated_date": null,
        "end_estimated_date": null,
        "start_precision": "year",
        "end_precision": "year",
        "verified_start_date": null,
        "verified_end_date": null,
        "passenger_use_existence": "supported_at_named_corridor_scope",
        "geometry_correspondence": "source_scoped_not_full_segment_proof",
        "uncertainty_reason_group": "ordinary_date_and_scope_uncertainty"
      },
      "geometry": {
        "coordinates": [
          [
            -77.00768584152671,
            38.89170223537384
          ],
          [
            -77.00555110780549,
            38.89162898928817
          ]
        ],
        "type": "LineString"
      }
    },
    {
      "type": "Feature",
      "id": "segment-5eb517d8d462d28e",
      "properties": {
        "segment_id": "segment-5eb517d8d462d28e",
        "fid": 44,
        "name": "Whole retained carrier; geographic association only, not proof of complete service traversal. (DC portion)",
        "estimate_label": "First Street east of Capitol",
        "atlas_area_id": "DC",
        "geometry_hash": "a03130990ce9659c9fe05e48f584ba93fb9b2e62602ebc64b47e5b41a4b4d26e",
        "estimate_id": "PSL-20261008-segment-5eb517d8d462d28e",
        "start_year": 1865,
        "end_year": 1962,
        "start_earliest_year": 1865,
        "start_latest_year": 1872,
        "end_earliest_year": 1961,
        "end_latest_year": 1962,
        "start_confidence": "low",
        "end_confidence": "low",
        "confidence_group": "low",
        "estimate_status": "provisional_not_verified_not_admitted",
        "mixed_subextent": false,
        "has_known_periods": true,
        "citation_review_warning": null,
        "continuous_operation_asserted": false,
        "whole_segment_uniform_lifespan_asserted": false,
        "source_ids": [
          "AUDIT-DC-NPS2005-DUPONT",
          "AUDIT-NPS2005-MET-EARLY",
          "AUDIT-WILDWOOD-TERMINAL-NPS2005",
          "DC-RECON-NPS2005-E19",
          "GAP-CONV-S07",
          "GAP-CONV-S08",
          "INF-SRC-MD-NPS-STREETCAR",
          "LATE-PH-S08",
          "LOOP-S07",
          "MD-EAST-S18",
          "MD-MONT-S02",
          "WB-S01"
        ],
        "context_source_ids": [
          "DC-LATE-MAP-S03",
          "KEIM1876-LOC"
        ],
        "basis_claim_ids": [],
        "evidence_id": "segment-5eb517d8d462d28e",
        "start_estimated_date": null,
        "end_estimated_date": null,
        "start_precision": "year",
        "end_precision": "year",
        "verified_start_date": null,
        "verified_end_date": null,
        "passenger_use_existence": "supported_at_named_corridor_scope",
        "geometry_correspondence": "source_scoped_not_full_segment_proof",
        "uncertainty_reason_group": "ordinary_date_and_scope_uncertainty"
      },
      "geometry": {
        "coordinates": [
          [
            -77.00555110780549,
            38.89162898928817
          ],
          [
            -77.0055575388864,
            38.891031832636656
          ],
          [
            -77.00557504717207,
            38.88940615557525
          ],
          [
            -77.0055519220068,
            38.88722270750148
          ]
        ],
        "type": "LineString"
      }
    },
    {
      "type": "Feature",
      "id": "segment-b602209d29b12c8a",
      "properties": {
        "segment_id": "segment-b602209d29b12c8a",
        "fid": 45,
        "name": "Whole retained carrier; geographic association only, not proof of complete service traversal. (DC portion)",
        "estimate_label": "New Jersey and C Street Capitol approach",
        "atlas_area_id": "DC",
        "geometry_hash": "36b1ce0b2f9947ed25bfb3049fe4cbd1442e3e255ddeb80e534a6376d00af714",
        "estimate_id": "PSL-20261008-segment-b602209d29b12c8a",
        "start_year": 1862,
        "end_year": 1962,
        "start_earliest_year": 1862,
        "start_latest_year": 1865,
        "end_earliest_year": 1960,
        "end_latest_year": 1962,
        "start_confidence": "low",
        "end_confidence": "low",
        "confidence_group": "low",
        "estimate_status": "provisional_not_verified_not_admitted",
        "mixed_subextent": false,
        "has_known_periods": true,
        "citation_review_warning": null,
        "continuous_operation_asserted": false,
        "whole_segment_uniform_lifespan_asserted": false,
        "source_ids": [
          "AUDIT-DC-NPS2005-DUPONT",
          "AUDIT-NPS2005-MET-EARLY",
          "AUDIT-WILDWOOD-TERMINAL-NPS2005",
          "DC-RECON-NPS2005-E19",
          "GAP-CONV-S08",
          "INF-SRC-MD-NPS-STREETCAR",
          "LATE-PH-S08",
          "LOOP-S07",
          "MD-EAST-S18",
          "MD-MONT-S02",
          "WB-S01"
        ],
        "context_source_ids": [
          "CORE-S05",
          "CORE-S06",
          "DC-LATE-MAP-S03"
        ],
        "basis_claim_ids": [],
        "evidence_id": "segment-b602209d29b12c8a",
        "start_estimated_date": null,
        "end_estimated_date": null,
        "start_precision": "year",
        "end_precision": "year",
        "verified_start_date": null,
        "verified_end_date": null,
        "passenger_use_existence": "supported_at_named_corridor_scope",
        "geometry_correspondence": "source_scoped_not_full_segment_proof",
        "uncertainty_reason_group": "ordinary_date_and_scope_uncertainty"
      },
      "geometry": {
        "coordinates": [
          [
            -77.0119436516253,
            38.89027137806933
          ],
          [
            -77.01190559227996,
            38.89303515330328
          ],
          [
            -77.0105243133583,
            38.893001452151545
          ],
          [
            -77.00715328209722,
            38.89322866978504
          ],
          [
            -77.00553514280367,
            38.89323368137261
          ]
        ],
        "type": "LineString"
      }
    },
    {
      "type": "Feature",
      "id": "segment-ecfa97c1bd843ea0",
      "properties": {
        "segment_id": "segment-ecfa97c1bd843ea0",
        "fid": 46,
        "name": "Whole retained carrier; geographic association only, not proof of complete service traversal. (DC portion)",
        "estimate_label": "Indiana Avenue–D Street junction",
        "atlas_area_id": "DC",
        "geometry_hash": "dc31908cd723c7e46581628df4d2c20cc54a29b738275f0afb4ef8a2f66f9814",
        "estimate_id": "PSL-20261008-segment-ecfa97c1bd843ea0",
        "start_year": 1865,
        "end_year": 1962,
        "start_earliest_year": 1864,
        "start_latest_year": 1865,
        "end_earliest_year": 1961,
        "end_latest_year": 1962,
        "start_confidence": "medium",
        "end_confidence": "low",
        "confidence_group": "low",
        "estimate_status": "provisional_not_verified_not_admitted",
        "mixed_subextent": false,
        "has_known_periods": true,
        "citation_review_warning": null,
        "continuous_operation_asserted": false,
        "whole_segment_uniform_lifespan_asserted": false,
        "source_ids": [
          "AUDIT-DC-NPS2005-DUPONT",
          "AUDIT-NPS2005-MET-EARLY",
          "AUDIT-WILDWOOD-TERMINAL-NPS2005",
          "DC-RECON-NPS2005-E19",
          "GAP-CONV-S07",
          "GAP-CONV-S08",
          "INF-SRC-MD-NPS-STREETCAR",
          "LATE-PH-S08",
          "LOOP-S07",
          "MD-EAST-S18",
          "MD-MONT-S02",
          "WB-S01"
        ],
        "context_source_ids": [
          "DC-LATE-MAP-S01",
          "DC-LATE-MAP-S03",
          "KEIM1876-LOC"
        ],
        "basis_claim_ids": [],
        "evidence_id": "segment-ecfa97c1bd843ea0",
        "start_estimated_date": null,
        "end_estimated_date": null,
        "start_precision": "year",
        "end_precision": "year",
        "verified_start_date": null,
        "verified_end_date": null,
        "passenger_use_existence": "supported_at_named_corridor_scope",
        "geometry_correspondence": "source_scoped_not_full_segment_proof",
        "uncertainty_reason_group": "ordinary_date_and_scope_uncertainty"
      },
      "geometry": {
        "coordinates": [
          [
            -77.01837637229058,
            38.89693267133364
          ],
          [
            -77.01840274954978,
            38.89447352631142
          ],
          [
            -77.01638890064092,
            38.89444204214491
          ],
          [
            -77.01190559227996,
            38.89303515330328
          ]
        ],
        "type": "LineString"
      }
    },
    {
      "type": "Feature",
      "id": "segment-235fa8a83cb6b5e0",
      "properties": {
        "segment_id": "segment-235fa8a83cb6b5e0",
        "fid": 47,
        "name": "Whole retained carrier; geographic association only, not proof of complete service traversal. (DC portion)",
        "estimate_label": "D Street NW surface alternative",
        "atlas_area_id": "DC",
        "geometry_hash": "2e8b4ad82679c396dc6127eedcc2db2126394a4d28896ef04afbfb56f5b0c416",
        "estimate_id": "PSL-20261008-segment-235fa8a83cb6b5e0",
        "start_year": 1865,
        "end_year": 1962,
        "start_earliest_year": 1864,
        "start_latest_year": 1875,
        "end_earliest_year": 1947,
        "end_latest_year": 1962,
        "start_confidence": "low",
        "end_confidence": "low",
        "confidence_group": "low",
        "estimate_status": "provisional_not_verified_not_admitted",
        "mixed_subextent": false,
        "has_known_periods": true,
        "citation_review_warning": null,
        "continuous_operation_asserted": false,
        "whole_segment_uniform_lifespan_asserted": false,
        "source_ids": [
          "AUDIT-DC-NPS2005-DUPONT",
          "AUDIT-NPS2005-MET-EARLY",
          "AUDIT-WILDWOOD-TERMINAL-NPS2005",
          "DC-RECON-NPS2005-E19",
          "GAP-CONV-S08",
          "INF-SRC-MD-NPS-STREETCAR",
          "LATE-PH-S08",
          "LOOP-S07",
          "MD-EAST-S18",
          "MD-MONT-S02",
          "WB-S01"
        ],
        "context_source_ids": [
          "DC-LATE-MAP-S03"
        ],
        "basis_claim_ids": [],
        "evidence_id": "segment-235fa8a83cb6b5e0",
        "start_estimated_date": null,
        "end_estimated_date": null,
        "start_precision": "year",
        "end_precision": "year",
        "verified_start_date": null,
        "verified_end_date": null,
        "passenger_use_existence": "supported_at_named_corridor_scope",
        "geometry_correspondence": "source_scoped_not_full_segment_proof",
        "uncertainty_reason_group": "ordinary_date_and_scope_uncertainty"
      },
      "geometry": {
        "coordinates": [
          [
            -77.01638890064092,
            38.89444204214491
          ],
          [
            -77.01032497675202,
            38.894421758957336
          ],
          [
            -77.00969410746387,
            38.89303968912282
          ]
        ],
        "type": "LineString"
      }
    },
    {
      "type": "Feature",
      "id": "segment-88b8d8b9eac9995e",
      "properties": {
        "segment_id": "segment-88b8d8b9eac9995e",
        "fid": 48,
        "name": "Whole retained carrier; geographic association only, not proof of complete service traversal. (DC portion)",
        "estimate_label": "D Street to C Street surface-route continuity",
        "atlas_area_id": "DC",
        "geometry_hash": "fff13a589e5b8b0561ec895f3ad84faf5b6007a5df8be8e2378fdfe57bb5f425",
        "estimate_id": "PSL-20261008-segment-88b8d8b9eac9995e",
        "start_year": 1865,
        "end_year": 1962,
        "start_earliest_year": 1864,
        "start_latest_year": 1875,
        "end_earliest_year": 1947,
        "end_latest_year": 1962,
        "start_confidence": "low",
        "end_confidence": "low",
        "confidence_group": "low",
        "estimate_status": "provisional_not_verified_not_admitted",
        "mixed_subextent": false,
        "has_known_periods": true,
        "citation_review_warning": null,
        "continuous_operation_asserted": false,
        "whole_segment_uniform_lifespan_asserted": false,
        "source_ids": [
          "AUDIT-DC-NPS2005-DUPONT",
          "AUDIT-NPS2005-MET-EARLY",
          "AUDIT-WILDWOOD-TERMINAL-NPS2005",
          "DC-RECON-NPS2005-E19",
          "GAP-CONV-S08",
          "INF-SRC-MD-NPS-STREETCAR",
          "LATE-PH-S08",
          "LOOP-S07",
          "MD-EAST-S18",
          "MD-MONT-S02",
          "WB-S01"
        ],
        "context_source_ids": [
          "DC-LATE-MAP-S03"
        ],
        "basis_claim_ids": [],
        "evidence_id": "segment-88b8d8b9eac9995e",
        "start_estimated_date": null,
        "end_estimated_date": null,
        "start_precision": "year",
        "end_precision": "year",
        "verified_start_date": null,
        "verified_end_date": null,
        "passenger_use_existence": "supported_at_named_corridor_scope",
        "geometry_correspondence": "source_scoped_not_full_segment_proof",
        "uncertainty_reason_group": "ordinary_date_and_scope_uncertainty"
      },
      "geometry": {
        "coordinates": [
          [
            -77.00969410746387,
            38.89303968912282
          ],
          [
            -77.00969605002786,
            38.89305728872151
          ]
        ],
        "type": "LineString"
      }
    },
    {
      "type": "Feature",
      "id": "segment-4c949787b3822d90",
      "properties": {
        "segment_id": "segment-4c949787b3822d90",
        "fid": 49,
        "name": "Whole retained carrier; geographic association only, not proof of complete service traversal. (DC portion)",
        "estimate_label": "Union plaza eastern connector",
        "atlas_area_id": "DC",
        "geometry_hash": "f307b60022449a0e369611ab6a70323793aca89377d2dc165b3214f43612c754",
        "estimate_id": "PSL-20261008-segment-4c949787b3822d90",
        "start_year": 1908,
        "end_year": 1962,
        "start_earliest_year": 1907,
        "start_latest_year": 1910,
        "end_earliest_year": 1960,
        "end_latest_year": 1962,
        "start_confidence": "low",
        "end_confidence": "low",
        "confidence_group": "low",
        "estimate_status": "provisional_not_verified_not_admitted",
        "mixed_subextent": false,
        "has_known_periods": true,
        "citation_review_warning": null,
        "continuous_operation_asserted": false,
        "whole_segment_uniform_lifespan_asserted": false,
        "source_ids": [
          "AUDIT-DC-NPS2005-DUPONT",
          "AUDIT-NPS2005-MET-EARLY",
          "AUDIT-WILDWOOD-TERMINAL-NPS2005",
          "DC-RECON-NPS2005-E19",
          "GAP-CONV-S07",
          "GAP-CONV-S08",
          "INF-SRC-MD-NPS-STREETCAR",
          "LATE-PH-S08",
          "LOOP-S07",
          "MD-EAST-S18",
          "MD-MONT-S02",
          "WB-S01"
        ],
        "context_source_ids": [
          "DC-LATE-MAP-S03"
        ],
        "basis_claim_ids": [],
        "evidence_id": "segment-4c949787b3822d90",
        "start_estimated_date": null,
        "end_estimated_date": null,
        "start_precision": "year",
        "end_precision": "year",
        "verified_start_date": null,
        "verified_end_date": null,
        "passenger_use_existence": "supported_at_named_corridor_scope",
        "geometry_correspondence": "source_scoped_not_full_segment_proof",
        "uncertainty_reason_group": "ordinary_date_and_scope_uncertainty"
      },
      "geometry": {
        "coordinates": [
          [
            -77.00553514280367,
            38.89323368137261
          ],
          [
            -77.00552077343268,
            38.89494840205884
          ],
          [
            -77.00551335438418,
            38.896079563917596
          ],
          [
            -77.0047736335741,
            38.896082496014905
          ]
        ],
        "type": "LineString"
      }
    },
    {
      "type": "Feature",
      "id": "segment-b49f1b5a62c0a888",
      "properties": {
        "segment_id": "segment-b49f1b5a62c0a888",
        "fid": 50,
        "name": "Whole retained carrier; geographic association only, not proof of complete service traversal. (DC portion)",
        "estimate_label": "F Street NE and Second Street connection",
        "atlas_area_id": "DC",
        "geometry_hash": "2cb31dcb3c11a4767cec0244ac3bf4e292aa3d7e7668cf2327738f4567a982db",
        "estimate_id": "PSL-20261008-segment-b49f1b5a62c0a888",
        "start_year": 1908,
        "end_year": 1962,
        "start_earliest_year": 1907,
        "start_latest_year": 1910,
        "end_earliest_year": 1960,
        "end_latest_year": 1962,
        "start_confidence": "low",
        "end_confidence": "low",
        "confidence_group": "low",
        "estimate_status": "provisional_not_verified_not_admitted",
        "mixed_subextent": false,
        "has_known_periods": true,
        "citation_review_warning": null,
        "continuous_operation_asserted": false,
        "whole_segment_uniform_lifespan_asserted": false,
        "source_ids": [
          "AUDIT-DC-NPS2005-DUPONT",
          "AUDIT-NPS2005-MET-EARLY",
          "AUDIT-WILDWOOD-TERMINAL-NPS2005",
          "DC-RECON-NPS2005-E19",
          "GAP-CONV-S07",
          "GAP-CONV-S08",
          "INF-SRC-MD-NPS-STREETCAR",
          "LATE-PH-S08",
          "LOOP-S07",
          "MD-EAST-S18",
          "MD-MONT-S02",
          "WB-S01"
        ],
        "context_source_ids": [],
        "basis_claim_ids": [],
        "evidence_id": "segment-b49f1b5a62c0a888",
        "start_estimated_date": null,
        "end_estimated_date": null,
        "start_precision": "year",
        "end_precision": "year",
        "verified_start_date": null,
        "verified_end_date": null,
        "passenger_use_existence": "inferred_from_corridor_history",
        "geometry_correspondence": "corridor_correspondence_requires_review",
        "uncertainty_reason_group": "ordinary_date_and_scope_uncertainty"
      },
      "geometry": {
        "coordinates": [
          [
            -77.0047736335741,
            38.896082496014905
          ],
          [
            -77.00435740460904,
            38.89608412303745
          ],
          [
            -77.00435320034732,
            38.89692370629443
          ],
          [
            -76.99471622424487,
            38.89695383091784
          ]
        ],
        "type": "LineString"
      }
    },
    {
      "type": "Feature",
      "id": "segment-84415850b45eb71a",
      "properties": {
        "segment_id": "segment-84415850b45eb71a",
        "fid": 51,
        "name": "Massachusetts approach to Stanton Square junction (DC portion)",
        "estimate_label": "Stanton Square north-side D Street route",
        "atlas_area_id": "DC",
        "geometry_hash": "8cac5b626bae66ee751b1999e4690a46c175b8dfb3a6ff31d0e4f71f3381d042",
        "estimate_id": "PSL-20261008-segment-84415850b45eb71a",
        "start_year": 1893,
        "end_year": 1961,
        "start_earliest_year": 1892,
        "start_latest_year": 1900,
        "end_earliest_year": 1961,
        "end_latest_year": 1961,
        "start_confidence": "low",
        "end_confidence": "medium",
        "confidence_group": "low",
        "estimate_status": "provisional_not_verified_not_admitted",
        "mixed_subextent": false,
        "has_known_periods": true,
        "citation_review_warning": null,
        "continuous_operation_asserted": false,
        "whole_segment_uniform_lifespan_asserted": false,
        "source_ids": [
          "AUDIT-DC-NPS2005-DUPONT",
          "AUDIT-NPS2005-MET-EARLY",
          "AUDIT-WILDWOOD-TERMINAL-NPS2005",
          "DC-RECON-NPS2005-E19",
          "GAP-CONV-S07",
          "GAP-CONV-S08",
          "INF-SRC-MD-NPS-STREETCAR",
          "LATE-CONV-S07",
          "LATE-PH-S08",
          "LOOP-S07",
          "MD-EAST-S18",
          "MD-MONT-S02",
          "WB-S01",
          "date-source-aa82a23988ba1f53"
        ],
        "context_source_ids": [
          "DC-LATE-MAP-S03"
        ],
        "basis_claim_ids": [
          "DC-TIME-DCLV-C12"
        ],
        "evidence_id": "segment-84415850b45eb71a",
        "start_estimated_date": null,
        "end_estimated_date": null,
        "start_precision": "year",
        "end_precision": "year",
        "verified_start_date": null,
        "verified_end_date": null,
        "passenger_use_existence": "supported_at_named_corridor_scope",
        "geometry_correspondence": "source_scoped_not_full_segment_proof",
        "uncertainty_reason_group": "ordinary_date_and_scope_uncertainty"
      },
      "geometry": {
        "coordinates": [
          [
            -77.00496144653528,
            38.89560731912269
          ],
          [
            -77.00140551094027,
            38.89437869681182
          ]
        ],
        "type": "LineString"
      }
    },
    {
      "type": "Feature",
      "id": "segment-98decf02b63862e6",
      "properties": {
        "segment_id": "segment-98decf02b63862e6",
        "fid": 52,
        "name": "Whole retained carrier; geographic association only, not proof of complete service traversal. (DC portion)",
        "estimate_label": "Stanton Square and Massachusetts source-seam continuity",
        "atlas_area_id": "DC",
        "geometry_hash": "859ddeffa7191e3b13965891453d76d4493f7d530160ac9748fb3bba0774514e",
        "estimate_id": "PSL-20261008-segment-98decf02b63862e6",
        "start_year": 1893,
        "end_year": 1961,
        "start_earliest_year": 1892,
        "start_latest_year": 1900,
        "end_earliest_year": 1961,
        "end_latest_year": 1961,
        "start_confidence": "low",
        "end_confidence": "medium",
        "confidence_group": "low",
        "estimate_status": "provisional_not_verified_not_admitted",
        "mixed_subextent": false,
        "has_known_periods": true,
        "citation_review_warning": null,
        "continuous_operation_asserted": false,
        "whole_segment_uniform_lifespan_asserted": false,
        "source_ids": [
          "AUDIT-DC-NPS2005-DUPONT",
          "AUDIT-NPS2005-MET-EARLY",
          "AUDIT-WILDWOOD-TERMINAL-NPS2005",
          "DC-RECON-NPS2005-E19",
          "GAP-CONV-S07",
          "GAP-CONV-S08",
          "INF-SRC-MD-NPS-STREETCAR",
          "LATE-CONV-S07",
          "LATE-PH-S08",
          "LOOP-S07",
          "MD-EAST-S18",
          "MD-MONT-S02",
          "WB-S01",
          "date-source-aa82a23988ba1f53"
        ],
        "context_source_ids": [
          "DC-LATE-MAP-S03"
        ],
        "basis_claim_ids": [
          "DC-TIME-DCLV-C12"
        ],
        "evidence_id": "segment-98decf02b63862e6",
        "start_estimated_date": null,
        "end_estimated_date": null,
        "start_precision": "year",
        "end_precision": "year",
        "verified_start_date": null,
        "verified_end_date": null,
        "passenger_use_existence": "supported_at_named_corridor_scope",
        "geometry_correspondence": "source_scoped_not_full_segment_proof",
        "uncertainty_reason_group": "ordinary_date_and_scope_uncertainty"
      },
      "geometry": {
        "coordinates": [
          [
            -77.00496144653528,
            38.89560731912269
          ],
          [
            -77.005006265638,
            38.89565343815371
          ]
        ],
        "type": "LineString"
      }
    },
    {
      "type": "Feature",
      "id": "segment-328611a9259012a7",
      "properties": {
        "segment_id": "segment-328611a9259012a7",
        "fid": 53,
        "name": "D Street north/east and the Thirteenth/C return (DC portion)",
        "estimate_label": "Stanton Square north-side D Street route",
        "atlas_area_id": "DC",
        "geometry_hash": "797cae4181451100469a292d64806926b564c023521add16e418684d99083f88",
        "estimate_id": "PSL-20261008-segment-328611a9259012a7",
        "start_year": 1893,
        "end_year": 1961,
        "start_earliest_year": 1892,
        "start_latest_year": 1900,
        "end_earliest_year": 1961,
        "end_latest_year": 1961,
        "start_confidence": "low",
        "end_confidence": "medium",
        "confidence_group": "low",
        "estimate_status": "provisional_not_verified_not_admitted",
        "mixed_subextent": false,
        "has_known_periods": true,
        "citation_review_warning": null,
        "continuous_operation_asserted": false,
        "whole_segment_uniform_lifespan_asserted": false,
        "source_ids": [
          "AUDIT-DC-NPS2005-DUPONT",
          "AUDIT-NPS2005-MET-EARLY",
          "AUDIT-WILDWOOD-TERMINAL-NPS2005",
          "DC-RECON-NPS2005-E19",
          "GAP-CONV-S07",
          "GAP-CONV-S08",
          "INF-SRC-MD-NPS-STREETCAR",
          "LATE-CONV-S07",
          "LATE-PH-S08",
          "LOOP-S07",
          "MD-EAST-S18",
          "MD-MONT-S02",
          "WB-S01",
          "date-source-aa82a23988ba1f53"
        ],
        "context_source_ids": [
          "DC-LATE-MAP-S03"
        ],
        "basis_claim_ids": [
          "DC-TIME-DCLV-C12"
        ],
        "evidence_id": "segment-328611a9259012a7",
        "start_estimated_date": null,
        "end_estimated_date": null,
        "start_precision": "year",
        "end_precision": "year",
        "verified_start_date": null,
        "verified_end_date": null,
        "passenger_use_existence": "supported_at_named_corridor_scope",
        "geometry_correspondence": "source_scoped_not_full_segment_proof",
        "uncertainty_reason_group": "ordinary_date_and_scope_uncertainty"
      },
      "geometry": {
        "coordinates": [
          [
            -77.00140551094027,
            38.89437869681182
          ],
          [
            -76.98803953056265,
            38.894406106284265
          ],
          [
            -76.98804413309173,
            38.893237489757055
          ],
          [
            -76.99816789269968,
            38.89321988518103
          ]
        ],
        "type": "LineString"
      }
    },
    {
      "type": "Feature",
      "id": "segment-70fce7a9ed8228be",
      "properties": {
        "segment_id": "segment-70fce7a9ed8228be",
        "fid": 54,
        "name": "Whole retained carrier; geographic association only, not proof of complete service traversal. (DC portion)",
        "estimate_label": "Stanton Square south-side C Street route",
        "atlas_area_id": "DC",
        "geometry_hash": "58bb68e51f146735f9dea2a9c53a88b7a79950a739dcffdbbcb240d86c84be78",
        "estimate_id": "PSL-20261008-segment-70fce7a9ed8228be",
        "start_year": 1893,
        "end_year": 1961,
        "start_earliest_year": 1892,
        "start_latest_year": 1899,
        "end_earliest_year": 1947,
        "end_latest_year": 1961,
        "start_confidence": "low",
        "end_confidence": "low",
        "confidence_group": "low",
        "estimate_status": "provisional_not_verified_not_admitted",
        "mixed_subextent": false,
        "has_known_periods": true,
        "citation_review_warning": null,
        "continuous_operation_asserted": false,
        "whole_segment_uniform_lifespan_asserted": false,
        "source_ids": [
          "DCREC-ST-S01",
          "DCREC-ST-S02",
          "DCREC-ST-S03"
        ],
        "context_source_ids": [
          "DC-LATE-MAP-S03"
        ],
        "basis_claim_ids": [
          "DC-TIME-INH-EV-DCREC-ST-C01",
          "DC-TIME-INH-EV-DCREC-ST-C02",
          "DC-TIME-INH-EV-DCREC-ST-C03"
        ],
        "evidence_id": "segment-70fce7a9ed8228be",
        "start_estimated_date": null,
        "end_estimated_date": null,
        "start_precision": "year",
        "end_precision": "year",
        "verified_start_date": null,
        "verified_end_date": null,
        "passenger_use_existence": "supported_at_named_corridor_scope",
        "geometry_correspondence": "source_scoped_not_full_segment_proof",
        "uncertainty_reason_group": "ordinary_date_and_scope_uncertainty"
      },
      "geometry": {
        "coordinates": [
          [
            -77.00140551094027,
            38.89437869681182
          ],
          [
            -77.00020530489695,
            38.89368873846905
          ],
          [
            -76.99816477107291,
            38.89369458288006
          ],
          [
            -76.99816789269968,
            38.89321988518103
          ]
        ],
        "type": "LineString"
      }
    },
    {
      "type": "Feature",
      "id": "segment-859feaac5fd8caef",
      "properties": {
        "segment_id": "segment-859feaac5fd8caef",
        "fid": 55,
        "name": "Whole retained carrier; geographic association only, not proof of complete service traversal. (DC portion)",
        "estimate_label": "East Capitol Street to Lincoln Park",
        "atlas_area_id": "DC",
        "geometry_hash": "ec9b2449b4f592c379a503b2f138d9ada990322adddb3a83c0970e0eb33377a7",
        "estimate_id": "PSL-20261008-segment-859feaac5fd8caef",
        "start_year": 1872,
        "end_year": 1962,
        "start_earliest_year": 1865,
        "start_latest_year": 1873,
        "end_earliest_year": 1962,
        "end_latest_year": 1962,
        "start_confidence": "medium",
        "end_confidence": "medium",
        "confidence_group": "medium_high",
        "estimate_status": "provisional_not_verified_not_admitted",
        "mixed_subextent": false,
        "has_known_periods": true,
        "citation_review_warning": null,
        "continuous_operation_asserted": false,
        "whole_segment_uniform_lifespan_asserted": false,
        "source_ids": [
          "AUDIT-DC-NPS2005-DUPONT",
          "AUDIT-NPS2005-MET-EARLY",
          "AUDIT-WILDWOOD-TERMINAL-NPS2005",
          "DC-RECON-NPS2005-E19",
          "GAP-CONV-S07",
          "GAP-CONV-S08",
          "INF-SRC-MD-NPS-STREETCAR",
          "LATE-PH-S08",
          "LOOP-S07",
          "MD-EAST-S18",
          "MD-MONT-S02",
          "WB-S01"
        ],
        "context_source_ids": [
          "DC-LATE-MAP-S03",
          "KEIM1876-LOC"
        ],
        "basis_claim_ids": [],
        "evidence_id": "segment-859feaac5fd8caef",
        "start_estimated_date": null,
        "end_estimated_date": null,
        "start_precision": "year",
        "end_precision": "year",
        "verified_start_date": null,
        "verified_end_date": null,
        "passenger_use_existence": "supported_at_named_corridor_scope",
        "geometry_correspondence": "source_scoped_not_full_segment_proof",
        "uncertainty_reason_group": "ordinary_date_and_scope_uncertainty"
      },
      "geometry": {
        "coordinates": [
          [
            -77.00557504717207,
            38.88940615557525
          ],
          [
            -76.99475808446233,
            38.88943158406146
          ],
          [
            -76.99117877064076,
            38.88940064301739
          ]
        ],
        "type": "LineString"
      }
    },
    {
      "type": "Feature",
      "id": "segment-68079fe05850bcb3",
      "properties": {
        "segment_id": "segment-68079fe05850bcb3",
        "fid": 56,
        "name": "Whole retained carrier; geographic association only, not proof of complete service traversal. (DC portion)",
        "estimate_label": "Lincoln Park north side",
        "atlas_area_id": "DC",
        "geometry_hash": "462d4105c342848cb2ed39b6c3d10cea4da29f2486d209a17e545b462699087b",
        "estimate_id": "PSL-20261008-segment-68079fe05850bcb3",
        "start_year": 1880,
        "end_year": 1962,
        "start_earliest_year": 1872,
        "start_latest_year": 1896,
        "end_earliest_year": 1962,
        "end_latest_year": 1962,
        "start_confidence": "low",
        "end_confidence": "medium",
        "confidence_group": "low",
        "estimate_status": "provisional_not_verified_not_admitted",
        "mixed_subextent": false,
        "has_known_periods": true,
        "citation_review_warning": null,
        "continuous_operation_asserted": false,
        "whole_segment_uniform_lifespan_asserted": false,
        "source_ids": [
          "AUDIT-DC-NPS2005-DUPONT",
          "AUDIT-NPS2005-MET-EARLY",
          "AUDIT-WILDWOOD-TERMINAL-NPS2005",
          "DC-RECON-NPS2005-E19",
          "GAP-CONV-S07",
          "GAP-CONV-S08",
          "INF-SRC-MD-NPS-STREETCAR",
          "LATE-PH-S08",
          "LOOP-S07",
          "MD-EAST-S18",
          "MD-MONT-S02",
          "WB-S01"
        ],
        "context_source_ids": [
          "CT-1947-GUIDE-BNF"
        ],
        "basis_claim_ids": [],
        "evidence_id": "segment-68079fe05850bcb3",
        "start_estimated_date": null,
        "end_estimated_date": null,
        "start_precision": "year",
        "end_precision": "year",
        "verified_start_date": null,
        "verified_end_date": null,
        "passenger_use_existence": "supported_at_named_corridor_scope",
        "geometry_correspondence": "source_scoped_not_full_segment_proof",
        "uncertainty_reason_group": "ordinary_date_and_scope_uncertainty"
      },
      "geometry": {
        "coordinates": [
          [
            -76.99117877064076,
            38.88940064301739
          ],
          [
            -76.9911752055899,
            38.889984640238175
          ],
          [
            -76.98787375500295,
            38.88998804102516
          ],
          [
            -76.98787688132211,
            38.88940396930829
          ]
        ],
        "type": "LineString"
      }
    },
    {
      "type": "Feature",
      "id": "segment-e644d3fdd8ea1e7f",
      "properties": {
        "segment_id": "segment-e644d3fdd8ea1e7f",
        "fid": 57,
        "name": "Whole retained carrier; geographic association only, not proof of complete service traversal. (DC portion)",
        "estimate_label": "Lincoln Park south side",
        "atlas_area_id": "DC",
        "geometry_hash": "12b531dd3dff24e6deb65de419eccf287444c30774ccd1ff1b17d074ca4c341e",
        "estimate_id": "PSL-20261008-segment-e644d3fdd8ea1e7f",
        "start_year": 1880,
        "end_year": 1962,
        "start_earliest_year": 1872,
        "start_latest_year": 1896,
        "end_earliest_year": 1962,
        "end_latest_year": 1962,
        "start_confidence": "low",
        "end_confidence": "medium",
        "confidence_group": "low",
        "estimate_status": "provisional_not_verified_not_admitted",
        "mixed_subextent": false,
        "has_known_periods": true,
        "citation_review_warning": null,
        "continuous_operation_asserted": false,
        "whole_segment_uniform_lifespan_asserted": false,
        "source_ids": [
          "AUDIT-DC-NPS2005-DUPONT",
          "AUDIT-NPS2005-MET-EARLY",
          "AUDIT-WILDWOOD-TERMINAL-NPS2005",
          "DC-RECON-NPS2005-E19",
          "GAP-CONV-S07",
          "GAP-CONV-S08",
          "INF-SRC-MD-NPS-STREETCAR",
          "LATE-PH-S08",
          "LOOP-S07",
          "MD-EAST-S18",
          "MD-MONT-S02",
          "WB-S01"
        ],
        "context_source_ids": [
          "CT-1947-GUIDE-BNF"
        ],
        "basis_claim_ids": [],
        "evidence_id": "segment-e644d3fdd8ea1e7f",
        "start_estimated_date": null,
        "end_estimated_date": null,
        "start_precision": "year",
        "end_precision": "year",
        "verified_start_date": null,
        "verified_end_date": null,
        "passenger_use_existence": "supported_at_named_corridor_scope",
        "geometry_correspondence": "source_scoped_not_full_segment_proof",
        "uncertainty_reason_group": "ordinary_date_and_scope_uncertainty"
      },
      "geometry": {
        "coordinates": [
          [
            -76.99117877064076,
            38.88940064301739
          ],
          [
            -76.99118263687745,
            38.888780212285106
          ],
          [
            -76.98788028564174,
            38.888783440669975
          ],
          [
            -76.98787688132211,
            38.88940396930829
          ]
        ],
        "type": "LineString"
      }
    },
    {
      "type": "Feature",
      "id": "segment-aae2c1460eaf3314",
      "properties": {
        "segment_id": "segment-aae2c1460eaf3314",
        "fid": 58,
        "name": "Whole retained carrier; geographic association only, not proof of complete service traversal. (DC portion)",
        "estimate_label": "East Capitol eastern car barn approach",
        "atlas_area_id": "DC",
        "geometry_hash": "0d113ea1890acb5cf76497203ada685fcc67f410a40d14d0d7398c114cc34f9b",
        "estimate_id": "PSL-20261008-segment-aae2c1460eaf3314",
        "start_year": 1880,
        "end_year": 1962,
        "start_earliest_year": 1872,
        "start_latest_year": 1896,
        "end_earliest_year": 1962,
        "end_latest_year": 1962,
        "start_confidence": "low",
        "end_confidence": "medium",
        "confidence_group": "low",
        "estimate_status": "provisional_not_verified_not_admitted",
        "mixed_subextent": false,
        "has_known_periods": true,
        "citation_review_warning": null,
        "continuous_operation_asserted": false,
        "whole_segment_uniform_lifespan_asserted": false,
        "source_ids": [
          "AUDIT-DC-NPS2005-DUPONT",
          "AUDIT-NPS2005-MET-EARLY",
          "AUDIT-WILDWOOD-TERMINAL-NPS2005",
          "DC-RECON-NPS2005-E19",
          "GAP-CONV-S07",
          "GAP-CONV-S08",
          "INF-SRC-MD-NPS-STREETCAR",
          "LATE-PH-S08",
          "LOOP-S07",
          "MD-EAST-S18",
          "MD-MONT-S02",
          "WB-S01"
        ],
        "context_source_ids": [
          "CT-1947-GUIDE-BNF",
          "DC-LATE-MAP-S03"
        ],
        "basis_claim_ids": [],
        "evidence_id": "segment-aae2c1460eaf3314",
        "start_estimated_date": null,
        "end_estimated_date": null,
        "start_precision": "year",
        "end_precision": "year",
        "verified_start_date": null,
        "verified_end_date": null,
        "passenger_use_existence": "supported_at_named_corridor_scope",
        "geometry_correspondence": "source_scoped_not_full_segment_proof",
        "uncertainty_reason_group": "ordinary_date_and_scope_uncertainty"
      },
      "geometry": {
        "coordinates": [
          [
            -76.98787688132211,
            38.88940396930829
          ],
          [
            -76.985506,
            38.889803
          ],
          [
            -76.98551,
            38.890932
          ],
          [
            -76.983649,
            38.890929
          ]
        ],
        "type": "LineString"
      }
    },
    {
      "type": "Feature",
      "id": "segment-c2824b7003b6ff4f",
      "properties": {
        "segment_id": "segment-c2824b7003b6ff4f",
        "fid": 59,
        "name": "Whole retained carrier; geographic association only, not proof of complete service traversal. (DC portion)",
        "estimate_label": "Mall-side B/Missouri–Four-and-a-half approach",
        "atlas_area_id": "DC",
        "geometry_hash": "2fda745c4ff017804d4ea320cb1488d9c8f3ff438f5120568789b60ebf1e00d8",
        "estimate_id": "PSL-20261008-segment-c2824b7003b6ff4f",
        "start_year": 1872,
        "end_year": 1934,
        "start_earliest_year": 1865,
        "start_latest_year": 1876,
        "end_earliest_year": 1930,
        "end_latest_year": 1935,
        "start_confidence": "low",
        "end_confidence": "medium",
        "confidence_group": "low",
        "estimate_status": "provisional_not_verified_not_admitted",
        "mixed_subextent": false,
        "has_known_periods": false,
        "citation_review_warning": null,
        "continuous_operation_asserted": false,
        "whole_segment_uniform_lifespan_asserted": false,
        "source_ids": [
          "AUDIT-DC-NPS2005-DUPONT",
          "AUDIT-NPS2005-MET-EARLY",
          "AUDIT-PUC1935-P35",
          "AUDIT-WILDWOOD-TERMINAL-NPS2005",
          "DC-RECON-NPS2005-E19",
          "GAP-CONV-S08",
          "GDR-SRC-PUC1935",
          "INF-SRC-MD-NPS-STREETCAR",
          "LATE-CONV-S01",
          "LATE-PH-S08",
          "LATE-PH-S11",
          "LOOP-S07",
          "MD-EAST-S18",
          "MD-MONT-S02",
          "WB-S01"
        ],
        "context_source_ids": [
          "GAR1892-LOC",
          "KEIM1876-LOC"
        ],
        "basis_claim_ids": [
          "DC-TIME-DCLV-C01",
          "DC-TIME-INH-LATE-PH-E20"
        ],
        "evidence_id": "segment-c2824b7003b6ff4f",
        "start_estimated_date": null,
        "end_estimated_date": null,
        "start_precision": "year",
        "end_precision": "year",
        "verified_start_date": null,
        "verified_end_date": null,
        "passenger_use_existence": "supported_at_named_corridor_scope",
        "geometry_correspondence": "source_scoped_not_full_segment_proof",
        "uncertainty_reason_group": "ordinary_date_and_scope_uncertainty"
      },
      "geometry": {
        "coordinates": [
          [
            -77.02157591139654,
            38.89168428511519
          ],
          [
            -77.01969324240434,
            38.8916852777437
          ],
          [
            -77.01971378632213,
            38.89078017742666
          ],
          [
            -77.01852742010031,
            38.89034530826616
          ],
          [
            -77.01738495576893,
            38.88994613388925
          ],
          [
            -77.01743844627636,
            38.887262231663094
          ]
        ],
        "type": "LineString"
      }
    },
    {
      "type": "Feature",
      "id": "segment-d6874c984dcbd4d9",
      "properties": {
        "segment_id": "segment-d6874c984dcbd4d9",
        "fid": 60,
        "name": "Whole retained carrier; geographic association only, not proof of complete service traversal. (DC portion)",
        "estimate_label": "Four-and-a-half Street SW",
        "atlas_area_id": "DC",
        "geometry_hash": "30537ce661c6ffe9da34a0fc6411c877419c3e636c97711ac99a882cad615e66",
        "estimate_id": "PSL-20261008-segment-d6874c984dcbd4d9",
        "start_year": 1872,
        "end_year": 1934,
        "start_earliest_year": 1865,
        "start_latest_year": 1876,
        "end_earliest_year": 1930,
        "end_latest_year": 1935,
        "start_confidence": "low",
        "end_confidence": "medium",
        "confidence_group": "low",
        "estimate_status": "provisional_not_verified_not_admitted",
        "mixed_subextent": false,
        "has_known_periods": false,
        "citation_review_warning": null,
        "continuous_operation_asserted": false,
        "whole_segment_uniform_lifespan_asserted": false,
        "source_ids": [
          "AUDIT-DC-NPS2005-DUPONT",
          "AUDIT-NPS2005-MET-EARLY",
          "AUDIT-PUC1935-P35",
          "AUDIT-WILDWOOD-TERMINAL-NPS2005",
          "DC-RECON-NPS2005-E19",
          "GAP-CONV-S08",
          "GDR-SRC-PUC1935",
          "INF-SRC-MD-NPS-STREETCAR",
          "LATE-CONV-S01",
          "LATE-PH-S08",
          "LATE-PH-S11",
          "LOOP-S07",
          "MD-EAST-S18",
          "MD-MONT-S02",
          "WB-S01"
        ],
        "context_source_ids": [
          "CORE-S05",
          "GAR1892-LOC",
          "KEIM1876-LOC"
        ],
        "basis_claim_ids": [
          "DC-TIME-DCLV-C01",
          "DC-TIME-INH-LATE-PH-E20"
        ],
        "evidence_id": "segment-d6874c984dcbd4d9",
        "start_estimated_date": null,
        "end_estimated_date": null,
        "start_precision": "year",
        "end_precision": "year",
        "verified_start_date": null,
        "verified_end_date": null,
        "passenger_use_existence": "supported_at_named_corridor_scope",
        "geometry_correspondence": "source_scoped_not_full_segment_proof",
        "uncertainty_reason_group": "ordinary_date_and_scope_uncertainty"
      },
      "geometry": {
        "coordinates": [
          [
            -77.01743844627636,
            38.887262231663094
          ],
          [
            -77.0175877467094,
            38.87738176240179
          ],
          [
            -77.01759214945352,
            38.8770904138915
          ],
          [
            -77.01763872449298,
            38.8717392803918
          ]
        ],
        "type": "LineString"
      }
    },
    {
      "type": "Feature",
      "id": "segment-e5955879bee8eee4",
      "properties": {
        "segment_id": "segment-e5955879bee8eee4",
        "fid": 61,
        "name": "Whole retained carrier; geographic association only, not proof of complete service traversal. (DC portion)",
        "estimate_label": "Water Street and P Street SW corridor",
        "atlas_area_id": "DC",
        "geometry_hash": "588b90a4d485dead7ff3cf61ee14f3ad8e45e4826c38fa8460a9a942a5c12f7c",
        "estimate_id": "PSL-20261008-segment-e5955879bee8eee4",
        "start_year": 1862,
        "end_year": 1960,
        "start_earliest_year": 1862,
        "start_latest_year": 1876,
        "end_earliest_year": 1958,
        "end_latest_year": 1960,
        "start_confidence": "low",
        "end_confidence": "medium",
        "confidence_group": "low",
        "estimate_status": "provisional_not_verified_not_admitted",
        "mixed_subextent": false,
        "has_known_periods": true,
        "citation_review_warning": null,
        "continuous_operation_asserted": false,
        "whole_segment_uniform_lifespan_asserted": false,
        "source_ids": [
          "AUDIT-DC-NPS2005-DUPONT",
          "AUDIT-NPS2005-MET-EARLY",
          "AUDIT-PUC1935-P35",
          "AUDIT-WILDWOOD-TERMINAL-NPS2005",
          "DC-RECON-NPS2005-E19",
          "GAP-CONV-S08",
          "GDR-SRC-PUC1935",
          "INF-SRC-MD-NPS-STREETCAR",
          "LATE-CONV-S01",
          "LATE-PH-S08",
          "LATE-PH-S11",
          "LOOP-S07",
          "MD-EAST-S18",
          "MD-MONT-S02",
          "WB-S01"
        ],
        "context_source_ids": [
          "CORE-S03",
          "CORE-S05",
          "DC-LATE-MAP-S03",
          "G7-S-1947",
          "GAR1892-LOC"
        ],
        "basis_claim_ids": [
          "DC-TIME-DCLV-C01",
          "DC-TIME-INH-LATE-PH-E20"
        ],
        "evidence_id": "segment-e5955879bee8eee4",
        "start_estimated_date": null,
        "end_estimated_date": null,
        "start_precision": "year",
        "end_precision": "year",
        "verified_start_date": null,
        "verified_end_date": null,
        "passenger_use_existence": "supported_at_named_corridor_scope",
        "geometry_correspondence": "source_scoped_not_full_segment_proof",
        "uncertainty_reason_group": "ordinary_date_and_scope_uncertainty"
      },
      "geometry": {
        "coordinates": [
          [
            -77.01763872449298,
            38.8717392803918
          ],
          [
            -77.01912572927131,
            38.871740255207314
          ],
          [
            -77.02109648650989,
            38.87498258136598
          ],
          [
            -77.02186076433897,
            38.87738553373129
          ],
          [
            -77.02691890553902,
            38.88077008823089
          ]
        ],
        "type": "LineString"
      }
    },
    {
      "type": "Feature",
      "id": "segment-3025fc0f315f8331",
      "properties": {
        "segment_id": "segment-3025fc0f315f8331",
        "fid": 62,
        "name": "Maryland/Third/Canal approach west of E Street (DC portion)",
        "estimate_label": "Maryland Avenue to Canal Street connection",
        "atlas_area_id": "DC",
        "geometry_hash": "71a9d3ab516143b2fb06a3cb2b3942ddf30cb1a5f5d9653582a10938a4fd3232",
        "estimate_id": "PSL-20261008-segment-3025fc0f315f8331",
        "start_year": 1875,
        "end_year": 1960,
        "start_earliest_year": 1875,
        "start_latest_year": 1880,
        "end_earliest_year": 1960,
        "end_latest_year": 1960,
        "start_confidence": "low",
        "end_confidence": "low",
        "confidence_group": "low",
        "estimate_status": "provisional_not_verified_not_admitted",
        "mixed_subextent": true,
        "has_known_periods": true,
        "citation_review_warning": null,
        "continuous_operation_asserted": false,
        "whole_segment_uniform_lifespan_asserted": false,
        "source_ids": [
          "AUDIT-DC-NPS2005-DUPONT",
          "AUDIT-NPS2005-MET-EARLY",
          "AUDIT-PUC1935-P35",
          "AUDIT-WILDWOOD-TERMINAL-NPS2005",
          "DC-RECON-NPS2005-E19",
          "GAP-CONV-S08",
          "GDR-SRC-PUC1935",
          "INF-SRC-MD-NPS-STREETCAR",
          "LATE-CONV-S01",
          "LATE-PH-S08",
          "LATE-PH-S11",
          "LOOP-S07",
          "MD-EAST-S18",
          "MD-MONT-S02",
          "WB-S01"
        ],
        "context_source_ids": [
          "DC-LATE-MAP-S03",
          "G7-S-1947",
          "GAR1892-LOC"
        ],
        "basis_claim_ids": [
          "DC-TIME-DCLV-C03",
          "DC-TIME-INH-LATE-PH-E20"
        ],
        "evidence_id": "segment-3025fc0f315f8331",
        "start_estimated_date": null,
        "end_estimated_date": null,
        "start_precision": "year",
        "end_precision": "year",
        "verified_start_date": null,
        "verified_end_date": null,
        "passenger_use_existence": "supported_at_named_corridor_scope",
        "geometry_correspondence": "source_scoped_not_full_segment_proof",
        "uncertainty_reason_group": "ordinary_date_and_scope_uncertainty"
      },
      "geometry": {
        "coordinates": [
          [
            -77.01743844627636,
            38.887262231663094
          ],
          [
            -77.01502504149553,
            38.88794874408349
          ],
          [
            -77.01503812927862,
            38.88718655863904
          ],
          [
            -77.01411426236042,
            38.88718545222833
          ],
          [
            -77.00838264242984,
            38.882787141973175
          ]
        ],
        "type": "LineString"
      }
    },
    {
      "type": "Feature",
      "id": "segment-3aec4d069b736adc",
      "properties": {
        "segment_id": "segment-3aec4d069b736adc",
        "fid": 63,
        "name": "E Street Canal-to-Fourth (DC portion)",
        "estimate_label": "Maryland Avenue to Canal Street connection",
        "atlas_area_id": "DC",
        "geometry_hash": "996a25188524c509776bc7f7674c8a5bd60802adf4fa1ead2b9a51ac95319510",
        "estimate_id": "PSL-20261008-segment-3aec4d069b736adc",
        "start_year": 1875,
        "end_year": 1935,
        "start_earliest_year": 1875,
        "start_latest_year": 1880,
        "end_earliest_year": 1934,
        "end_latest_year": 1936,
        "start_confidence": "low",
        "end_confidence": "low",
        "confidence_group": "low",
        "estimate_status": "provisional_not_verified_not_admitted",
        "mixed_subextent": false,
        "has_known_periods": false,
        "citation_review_warning": null,
        "continuous_operation_asserted": false,
        "whole_segment_uniform_lifespan_asserted": false,
        "source_ids": [
          "AUDIT-DC-NPS2005-DUPONT",
          "AUDIT-NPS2005-MET-EARLY",
          "AUDIT-PUC1935-P35",
          "AUDIT-WILDWOOD-TERMINAL-NPS2005",
          "DC-RECON-NPS2005-E19",
          "GAP-CONV-S08",
          "GDR-SRC-PUC1935",
          "INF-SRC-MD-NPS-STREETCAR",
          "LATE-CONV-S01",
          "LATE-PH-S08",
          "LATE-PH-S11",
          "LOOP-S07",
          "MD-EAST-S18",
          "MD-MONT-S02",
          "WB-S01"
        ],
        "context_source_ids": [
          "GAR1892-LOC"
        ],
        "basis_claim_ids": [
          "DC-TIME-DCLV-C03",
          "DC-TIME-INH-LATE-PH-E20"
        ],
        "evidence_id": "segment-3aec4d069b736adc",
        "start_estimated_date": null,
        "end_estimated_date": null,
        "start_precision": "year",
        "end_precision": "year",
        "verified_start_date": null,
        "verified_end_date": null,
        "passenger_use_existence": "supported_at_named_corridor_scope",
        "geometry_correspondence": "source_scoped_not_full_segment_proof",
        "uncertainty_reason_group": "date_or_course_attribution_only"
      },
      "geometry": {
        "coordinates": [
          [
            -77.00838264242984,
            38.882787141973175
          ],
          [
            -77.00029717319832,
            38.882790594939394
          ]
        ],
        "type": "LineString"
      }
    },
    {
      "type": "Feature",
      "id": "segment-c34259e61a0dc8f9",
      "properties": {
        "segment_id": "segment-c34259e61a0dc8f9",
        "fid": 64,
        "name": "Fourth Street E-to-G (DC portion)",
        "estimate_label": "Maryland Avenue to Canal Street connection",
        "atlas_area_id": "DC",
        "geometry_hash": "908f3b81c12c0806174117179baeca5f0feeda16b535b183df1bd803d9a20f5b",
        "estimate_id": "PSL-20261008-segment-c34259e61a0dc8f9",
        "start_year": 1875,
        "end_year": 1935,
        "start_earliest_year": 1875,
        "start_latest_year": 1880,
        "end_earliest_year": 1934,
        "end_latest_year": 1936,
        "start_confidence": "low",
        "end_confidence": "low",
        "confidence_group": "low",
        "estimate_status": "provisional_not_verified_not_admitted",
        "mixed_subextent": false,
        "has_known_periods": false,
        "citation_review_warning": null,
        "continuous_operation_asserted": false,
        "whole_segment_uniform_lifespan_asserted": false,
        "source_ids": [
          "AUDIT-DC-NPS2005-DUPONT",
          "AUDIT-NPS2005-MET-EARLY",
          "AUDIT-PUC1935-P35",
          "AUDIT-WILDWOOD-TERMINAL-NPS2005",
          "DC-RECON-NPS2005-E19",
          "GAP-CONV-S08",
          "GDR-SRC-PUC1935",
          "INF-SRC-MD-NPS-STREETCAR",
          "LATE-CONV-S01",
          "LATE-PH-S08",
          "LATE-PH-S11",
          "LOOP-S07",
          "MD-EAST-S18",
          "MD-MONT-S02",
          "WB-S01"
        ],
        "context_source_ids": [
          "GAR1892-LOC"
        ],
        "basis_claim_ids": [
          "DC-TIME-DCLV-C03",
          "DC-TIME-INH-LATE-PH-E20"
        ],
        "evidence_id": "segment-c34259e61a0dc8f9",
        "start_estimated_date": null,
        "end_estimated_date": null,
        "start_precision": "year",
        "end_precision": "year",
        "verified_start_date": null,
        "verified_end_date": null,
        "passenger_use_existence": "supported_at_named_corridor_scope",
        "geometry_correspondence": "source_scoped_not_full_segment_proof",
        "uncertainty_reason_group": "date_or_course_attribution_only"
      },
      "geometry": {
        "coordinates": [
          [
            -77.00029717319832,
            38.882790594939394
          ],
          [
            -77.00031247984822,
            38.880897959918094
          ]
        ],
        "type": "LineString"
      }
    },
    {
      "type": "Feature",
      "id": "segment-49f685ff4e4d37c3",
      "properties": {
        "segment_id": "segment-49f685ff4e4d37c3",
        "fid": 65,
        "name": "G Street Fourth-to-Eleventh (DC portion)",
        "estimate_label": "Maryland Avenue to Canal Street connection",
        "atlas_area_id": "DC",
        "geometry_hash": "3f88328565564470de5ab5929100cbd8013c9a258148f564a1e253e0695884cb",
        "estimate_id": "PSL-20261008-segment-49f685ff4e4d37c3",
        "start_year": 1875,
        "end_year": 1935,
        "start_earliest_year": 1875,
        "start_latest_year": 1880,
        "end_earliest_year": 1934,
        "end_latest_year": 1936,
        "start_confidence": "low",
        "end_confidence": "low",
        "confidence_group": "low",
        "estimate_status": "provisional_not_verified_not_admitted",
        "mixed_subextent": false,
        "has_known_periods": false,
        "citation_review_warning": null,
        "continuous_operation_asserted": false,
        "whole_segment_uniform_lifespan_asserted": false,
        "source_ids": [
          "AUDIT-DC-NPS2005-DUPONT",
          "AUDIT-NPS2005-MET-EARLY",
          "AUDIT-PUC1935-P35",
          "AUDIT-WILDWOOD-TERMINAL-NPS2005",
          "DC-RECON-NPS2005-E19",
          "GAP-CONV-S08",
          "GDR-SRC-PUC1935",
          "INF-SRC-MD-NPS-STREETCAR",
          "LATE-CONV-S01",
          "LATE-PH-S08",
          "LATE-PH-S11",
          "LOOP-S07",
          "MD-EAST-S18",
          "MD-MONT-S02",
          "WB-S01"
        ],
        "context_source_ids": [
          "GAR1892-LOC"
        ],
        "basis_claim_ids": [
          "DC-TIME-DCLV-C03",
          "DC-TIME-INH-LATE-PH-E20"
        ],
        "evidence_id": "segment-49f685ff4e4d37c3",
        "start_estimated_date": null,
        "end_estimated_date": null,
        "start_precision": "year",
        "end_precision": "year",
        "verified_start_date": null,
        "verified_end_date": null,
        "passenger_use_existence": "supported_at_named_corridor_scope",
        "geometry_correspondence": "source_scoped_not_full_segment_proof",
        "uncertainty_reason_group": "date_or_course_attribution_only"
      },
      "geometry": {
        "coordinates": [
          [
            -77.00031247984822,
            38.880897959918094
          ],
          [
            -76.99123394648527,
            38.880902503992715
          ]
        ],
        "type": "LineString"
      }
    },
    {
      "type": "Feature",
      "id": "segment-81f491fae521f8a8",
      "properties": {
        "segment_id": "segment-81f491fae521f8a8",
        "fid": 66,
        "name": "Eleventh Street G-to-bridge approach (DC portion)",
        "estimate_label": "Maryland Avenue to Canal Street connection",
        "atlas_area_id": "DC",
        "geometry_hash": "91ebb583c725baa8ee6aac8e7257aeb87540a75c57795c652ec5973f75ad53d7",
        "estimate_id": "PSL-20261008-segment-81f491fae521f8a8",
        "start_year": 1875,
        "end_year": 1935,
        "start_earliest_year": 1875,
        "start_latest_year": 1880,
        "end_earliest_year": 1934,
        "end_latest_year": 1936,
        "start_confidence": "low",
        "end_confidence": "low",
        "confidence_group": "low",
        "estimate_status": "provisional_not_verified_not_admitted",
        "mixed_subextent": false,
        "has_known_periods": false,
        "citation_review_warning": null,
        "continuous_operation_asserted": false,
        "whole_segment_uniform_lifespan_asserted": false,
        "source_ids": [
          "AUDIT-DC-NPS2005-DUPONT",
          "AUDIT-NPS2005-MET-EARLY",
          "AUDIT-PUC1935-P35",
          "AUDIT-WILDWOOD-TERMINAL-NPS2005",
          "DC-RECON-NPS2005-E19",
          "GAP-CONV-S08",
          "GDR-SRC-PUC1935",
          "INF-SRC-MD-NPS-STREETCAR",
          "LATE-CONV-S01",
          "LATE-PH-S08",
          "LATE-PH-S11",
          "LOOP-S07",
          "MD-EAST-S18",
          "MD-MONT-S02",
          "WB-S01"
        ],
        "context_source_ids": [
          "GAR1892-LOC"
        ],
        "basis_claim_ids": [
          "DC-TIME-DCLV-C03",
          "DC-TIME-INH-LATE-PH-E20"
        ],
        "evidence_id": "segment-81f491fae521f8a8",
        "start_estimated_date": null,
        "end_estimated_date": null,
        "start_precision": "year",
        "end_precision": "year",
        "verified_start_date": null,
        "verified_end_date": null,
        "passenger_use_existence": "supported_at_named_corridor_scope",
        "geometry_correspondence": "source_scoped_not_full_segment_proof",
        "uncertainty_reason_group": "date_or_course_attribution_only"
      },
      "geometry": {
        "coordinates": [
          [
            -76.99123394648527,
            38.880902503992715
          ],
          [
            -76.991284975591,
            38.87193614197435
          ],
          [
            -76.99012697102125,
            38.87029478311308
          ],
          [
            -76.98919828079929,
            38.869382436420786
          ]
        ],
        "type": "LineString"
      }
    },
    {
      "type": "Feature",
      "id": "segment-02da49f849e94bc2",
      "properties": {
        "segment_id": "segment-02da49f849e94bc2",
        "fid": 67,
        "name": "Whole retained carrier; geographic association only, not proof of complete service traversal. (DC portion)",
        "estimate_label": "Navy Yard Bridge approach - northern portion",
        "atlas_area_id": "DC",
        "geometry_hash": "b32d41a6f269e94fcbc500d15ed1d15210530d4f142f1e24de1facbd8558c59a",
        "estimate_id": "PSL-20261008-segment-02da49f849e94bc2",
        "start_year": 1875,
        "end_year": 1935,
        "start_earliest_year": 1875,
        "start_latest_year": 1880,
        "end_earliest_year": 1935,
        "end_latest_year": 1935,
        "start_confidence": "medium",
        "end_confidence": "medium",
        "confidence_group": "medium_high",
        "estimate_status": "provisional_not_verified_not_admitted",
        "mixed_subextent": false,
        "has_known_periods": false,
        "citation_review_warning": null,
        "continuous_operation_asserted": false,
        "whole_segment_uniform_lifespan_asserted": false,
        "source_ids": [
          "AUDIT-DC-NPS2005-DUPONT",
          "AUDIT-NPS2005-MET-EARLY",
          "AUDIT-PUC1935-P35",
          "AUDIT-WILDWOOD-TERMINAL-NPS2005",
          "DC-RECON-NPS2005-E19",
          "GAP-CONV-S08",
          "GDR-SRC-PUC1935",
          "INF-SRC-MD-NPS-STREETCAR",
          "LATE-CONV-S01",
          "LATE-PH-S08",
          "LATE-PH-S11",
          "LOOP-S07",
          "MD-EAST-S18",
          "MD-MONT-S02",
          "WB-S01"
        ],
        "context_source_ids": [
          "GAR1892-LOC"
        ],
        "basis_claim_ids": [
          "DC-TIME-DCLV-C03"
        ],
        "evidence_id": "segment-02da49f849e94bc2",
        "start_estimated_date": null,
        "end_estimated_date": null,
        "start_precision": "year",
        "end_precision": "year",
        "verified_start_date": null,
        "verified_end_date": null,
        "passenger_use_existence": "supported_at_named_corridor_scope",
        "geometry_correspondence": "source_scoped_not_full_segment_proof",
        "uncertainty_reason_group": "ordinary_date_and_scope_uncertainty"
      },
      "geometry": {
        "coordinates": [
          [
            -76.98919828079929,
            38.869382436420786
          ],
          [
            -76.98826973524233,
            38.868360498807334
          ],
          [
            -76.98837007510096,
            38.867917334146064
          ]
        ],
        "type": "LineString"
      }
    },
    {
      "type": "Feature",
      "id": "segment-64d4acfa72a92be2",
      "properties": {
        "segment_id": "segment-64d4acfa72a92be2",
        "fid": 68,
        "name": "Whole retained carrier; geographic association only, not proof of complete service traversal. (DC portion)",
        "estimate_label": "L Street SW physical connector",
        "atlas_area_id": "DC",
        "geometry_hash": "72a2c938715bd17eb3ba4bec22c1d70e671dd9a2efd0407309a53d1b907e5509",
        "estimate_id": "PSL-20261008-segment-64d4acfa72a92be2",
        "start_year": 1875,
        "end_year": 1935,
        "start_earliest_year": 1862,
        "start_latest_year": 1900,
        "end_earliest_year": 1920,
        "end_latest_year": 1940,
        "start_confidence": "very_low",
        "end_confidence": "very_low",
        "confidence_group": "very_low",
        "estimate_status": "provisional_not_verified_not_admitted",
        "mixed_subextent": false,
        "has_known_periods": false,
        "citation_review_warning": null,
        "continuous_operation_asserted": false,
        "whole_segment_uniform_lifespan_asserted": false,
        "source_ids": [
          "AUDIT-DC-NPS2005-DUPONT",
          "AUDIT-NPS2005-MET-EARLY",
          "AUDIT-PUC1935-P35",
          "AUDIT-WILDWOOD-TERMINAL-NPS2005",
          "DC-RECON-NPS2005-E19",
          "GAP-CONV-S08",
          "GDR-SRC-PUC1935",
          "INF-SRC-MD-NPS-STREETCAR",
          "LATE-CONV-S01",
          "LATE-PH-S08",
          "LATE-PH-S11",
          "LOOP-S07",
          "MD-EAST-S18",
          "MD-MONT-S02",
          "WB-S01"
        ],
        "context_source_ids": [],
        "basis_claim_ids": [
          "DC-TIME-INH-LATE-PH-E20"
        ],
        "evidence_id": "segment-64d4acfa72a92be2",
        "start_estimated_date": null,
        "end_estimated_date": null,
        "start_precision": "year",
        "end_precision": "year",
        "verified_start_date": null,
        "verified_end_date": null,
        "passenger_use_existence": "unresolved_on_specific_connector",
        "geometry_correspondence": "corridor_correspondence_requires_review",
        "uncertainty_reason_group": "operating_use_unresolved"
      },
      "geometry": {
        "coordinates": [
          [
            -77.02186076433897,
            38.87738553373129
          ],
          [
            -77.0175877467094,
            38.87738176240179
          ]
        ],
        "type": "LineString"
      }
    },
    {
      "type": "Feature",
      "id": "segment-c590cad6f16349ba",
      "properties": {
        "segment_id": "segment-c590cad6f16349ba",
        "fid": 69,
        "name": "Twenty-sixth Street Pennsylvania-to-F arm (DC portion)",
        "estimate_label": "West End southern physical loop",
        "atlas_area_id": "DC",
        "geometry_hash": "ac2103590caae2c9be32ed54e209197ce3564fae662bdd4533c9028e95714f6c",
        "estimate_id": "PSL-20261008-segment-c590cad6f16349ba",
        "start_year": 1901,
        "end_year": 1936,
        "start_earliest_year": 1900,
        "start_latest_year": 1901,
        "end_earliest_year": 1922,
        "end_latest_year": 1947,
        "start_confidence": "medium",
        "end_confidence": "low",
        "confidence_group": "low",
        "estimate_status": "provisional_not_verified_not_admitted",
        "mixed_subextent": false,
        "has_known_periods": false,
        "citation_review_warning": null,
        "continuous_operation_asserted": false,
        "whole_segment_uniform_lifespan_asserted": false,
        "source_ids": [
          "CORE-S05",
          "date-source-47ff4e773025c711"
        ],
        "context_source_ids": [
          "CORE-S05"
        ],
        "basis_claim_ids": [
          "DC-TIME-WESTEND-START-1901"
        ],
        "evidence_id": "segment-c590cad6f16349ba",
        "start_estimated_date": null,
        "end_estimated_date": null,
        "start_precision": "year",
        "end_precision": "year",
        "verified_start_date": null,
        "verified_end_date": null,
        "passenger_use_existence": "supported_at_named_corridor_scope",
        "geometry_correspondence": "source_scoped_not_full_segment_proof",
        "uncertainty_reason_group": "ordinary_date_and_scope_uncertainty"
      },
      "geometry": {
        "coordinates": [
          [
            -77.05433977476335,
            38.9031011505718
          ],
          [
            -77.05433294231342,
            38.896781358211555
          ]
        ],
        "type": "LineString"
      }
    },
    {
      "type": "Feature",
      "id": "segment-e2ad0c5f8b370edf",
      "properties": {
        "segment_id": "segment-e2ad0c5f8b370edf",
        "fid": 70,
        "name": "F Street Twenty-sixth-to-Seventeenth (DC portion)",
        "estimate_label": "West End southern physical loop",
        "atlas_area_id": "DC",
        "geometry_hash": "d7c4d6b8771642b0f05b4a7e4aa17f090969557305701145775a47c681e84202",
        "estimate_id": "PSL-20261008-segment-e2ad0c5f8b370edf",
        "start_year": 1901,
        "end_year": 1958,
        "start_earliest_year": 1900,
        "start_latest_year": 1901,
        "end_earliest_year": 1958,
        "end_latest_year": 1960,
        "start_confidence": "medium",
        "end_confidence": "medium",
        "confidence_group": "medium_high",
        "estimate_status": "provisional_not_verified_not_admitted",
        "mixed_subextent": false,
        "has_known_periods": true,
        "citation_review_warning": null,
        "continuous_operation_asserted": false,
        "whole_segment_uniform_lifespan_asserted": false,
        "source_ids": [
          "CORE-S05",
          "G7-S-1955-INHERITED",
          "LATE-CONV-S04",
          "date-source-47ff4e773025c711",
          "date-source-9d66f86d24fa03bc",
          "date-source-d8569aec0d752768"
        ],
        "context_source_ids": [
          "CORE-S05",
          "DC-LATE-MAP-S01",
          "DC-LATE-MAP-S03"
        ],
        "basis_claim_ids": [
          "DC-TIME-WESTEND-START-1901",
          "DC-TIME-DCLV-C07",
          "DC-TIME-DCLV-C08"
        ],
        "evidence_id": "segment-e2ad0c5f8b370edf",
        "start_estimated_date": null,
        "end_estimated_date": null,
        "start_precision": "year",
        "end_precision": "year",
        "verified_start_date": null,
        "verified_end_date": null,
        "passenger_use_existence": "supported_at_named_corridor_scope",
        "geometry_correspondence": "source_scoped_not_full_segment_proof",
        "uncertainty_reason_group": "ordinary_date_and_scope_uncertainty"
      },
      "geometry": {
        "coordinates": [
          [
            -77.05433294231342,
            38.896781358211555
          ],
          [
            -77.03884120993301,
            38.89690243724655
          ]
        ],
        "type": "LineString"
      }
    },
    {
      "type": "Feature",
      "id": "segment-bc9f516b9f13ff5c",
      "properties": {
        "segment_id": "segment-bc9f516b9f13ff5c",
        "fid": 71,
        "name": "Seventeenth Street F-to-Pennsylvania (DC portion)",
        "estimate_label": "West End southern physical loop",
        "atlas_area_id": "DC",
        "geometry_hash": "4a2056396bbc7bd9582e1c5b194204f4e6ee33c876967ad8e0756998b4def4da",
        "estimate_id": "PSL-20261008-segment-bc9f516b9f13ff5c",
        "start_year": 1901,
        "end_year": 1936,
        "start_earliest_year": 1900,
        "start_latest_year": 1901,
        "end_earliest_year": 1922,
        "end_latest_year": 1947,
        "start_confidence": "medium",
        "end_confidence": "low",
        "confidence_group": "low",
        "estimate_status": "provisional_not_verified_not_admitted",
        "mixed_subextent": false,
        "has_known_periods": false,
        "citation_review_warning": null,
        "continuous_operation_asserted": false,
        "whole_segment_uniform_lifespan_asserted": false,
        "source_ids": [
          "CORE-S05",
          "date-source-47ff4e773025c711"
        ],
        "context_source_ids": [
          "CORE-S05"
        ],
        "basis_claim_ids": [
          "DC-TIME-WESTEND-START-1901"
        ],
        "evidence_id": "segment-bc9f516b9f13ff5c",
        "start_estimated_date": null,
        "end_estimated_date": null,
        "start_precision": "year",
        "end_precision": "year",
        "verified_start_date": null,
        "verified_end_date": null,
        "passenger_use_existence": "supported_at_named_corridor_scope",
        "geometry_correspondence": "source_scoped_not_full_segment_proof",
        "uncertainty_reason_group": "ordinary_date_and_scope_uncertainty"
      },
      "geometry": {
        "coordinates": [
          [
            -77.03884120993301,
            38.89690243724655
          ],
          [
            -77.03879241147727,
            38.89840885310251
          ]
        ],
        "type": "LineString"
      }
    },
    {
      "type": "Feature",
      "id": "segment-5c4200a028f1db27",
      "properties": {
        "segment_id": "segment-5c4200a028f1db27",
        "fid": 72,
        "name": "Whole retained carrier; geographic association only, not proof of complete service traversal. (DC portion)",
        "estimate_label": "West End parallel G Street band",
        "atlas_area_id": "DC",
        "geometry_hash": "d373d6475d919ac5c6c2a2cc5f8c770f4567a5a080f641c55f1a400265b61a63",
        "estimate_id": "PSL-20261008-segment-5c4200a028f1db27",
        "start_year": 1901,
        "end_year": 1936,
        "start_earliest_year": 1900,
        "start_latest_year": 1901,
        "end_earliest_year": 1922,
        "end_latest_year": 1947,
        "start_confidence": "medium",
        "end_confidence": "low",
        "confidence_group": "low",
        "estimate_status": "provisional_not_verified_not_admitted",
        "mixed_subextent": false,
        "has_known_periods": false,
        "citation_review_warning": null,
        "continuous_operation_asserted": false,
        "whole_segment_uniform_lifespan_asserted": false,
        "source_ids": [
          "CORE-S05",
          "date-source-47ff4e773025c711"
        ],
        "context_source_ids": [
          "CORE-S05"
        ],
        "basis_claim_ids": [
          "DC-TIME-WESTEND-START-1901"
        ],
        "evidence_id": "segment-5c4200a028f1db27",
        "start_estimated_date": null,
        "end_estimated_date": null,
        "start_precision": "year",
        "end_precision": "year",
        "verified_start_date": null,
        "verified_end_date": null,
        "passenger_use_existence": "supported_at_named_corridor_scope",
        "geometry_correspondence": "source_scoped_not_full_segment_proof",
        "uncertainty_reason_group": "ordinary_date_and_scope_uncertainty"
      },
      "geometry": {
        "coordinates": [
          [
            -77.05433387343443,
            38.897644037920095
          ],
          [
            -77.03881216688875,
            38.89779900300068
          ]
        ],
        "type": "LineString"
      }
    },
    {
      "type": "Feature",
      "id": "segment-8a37d0fa77a8f198",
      "properties": {
        "segment_id": "segment-8a37d0fa77a8f198",
        "fid": 73,
        "name": "Whole retained carrier; geographic association only, not proof of complete service traversal. (DC portion)",
        "estimate_label": "Georgetown P Street approach to Dupont",
        "atlas_area_id": "DC",
        "geometry_hash": "e897447d3d90381373e8b6e4126113f41f68211b10f1e025e75add79b8fc21b7",
        "estimate_id": "PSL-20261008-segment-8a37d0fa77a8f198",
        "start_year": 1873,
        "end_year": 1935,
        "start_earliest_year": 1873,
        "start_latest_year": 1880,
        "end_earliest_year": 1935,
        "end_latest_year": 1935,
        "start_confidence": "medium",
        "end_confidence": "medium",
        "confidence_group": "medium_high",
        "estimate_status": "provisional_not_verified_not_admitted",
        "mixed_subextent": false,
        "has_known_periods": false,
        "citation_review_warning": null,
        "continuous_operation_asserted": false,
        "whole_segment_uniform_lifespan_asserted": false,
        "source_ids": [
          "AUDIT-DC-NPS2005-DUPONT",
          "AUDIT-NPS2005-MET-EARLY",
          "AUDIT-PUC1935-P35",
          "AUDIT-WILDWOOD-TERMINAL-NPS2005",
          "DC-RECON-NPS2005-E19",
          "GAP-CONV-S08",
          "GDR-SRC-PUC1935",
          "INF-SRC-MD-NPS-STREETCAR",
          "LATE-CONV-S01",
          "LATE-PH-S08",
          "LATE-PH-S11",
          "LOOP-S07",
          "MD-EAST-S18",
          "MD-MONT-S02",
          "WB-S01"
        ],
        "context_source_ids": [
          "KEIM1876-LOC"
        ],
        "basis_claim_ids": [
          "DC-TIME-DCLV-C05"
        ],
        "evidence_id": "segment-8a37d0fa77a8f198",
        "start_estimated_date": null,
        "end_estimated_date": null,
        "start_precision": "year",
        "end_precision": "year",
        "verified_start_date": null,
        "verified_end_date": null,
        "passenger_use_existence": "supported_at_named_corridor_scope",
        "geometry_correspondence": "source_scoped_not_full_segment_proof",
        "uncertainty_reason_group": "ordinary_date_and_scope_uncertainty"
      },
      "geometry": {
        "coordinates": [
          [
            -77.064281,
            38.909182
          ],
          [
            -77.05749005583925,
            38.90933398648005
          ],
          [
            -77.0572288689224,
            38.90934040097977
          ],
          [
            -77.05711417036414,
            38.909343213382016
          ],
          [
            -77.05711315693776,
            38.90934332586861
          ],
          [
            -77.0571129080191,
            38.90934332567259
          ],
          [
            -77.054754,
            38.909378
          ],
          [
            -77.0528125515993,
            38.909387522397324
          ],
          [
            -77.05059546570358,
            38.90899051131464
          ],
          [
            -77.04500390556338,
            38.90964447820119
          ],
          [
            -77.044236,
            38.909644
          ]
        ],
        "type": "LineString"
      }
    },
    {
      "type": "Feature",
      "id": "segment-60bb539a630241f0",
      "properties": {
        "segment_id": "segment-60bb539a630241f0",
        "fid": 74,
        "name": "Whole retained carrier; geographic association only, not proof of complete service traversal. (DC portion)",
        "estimate_label": "Georgetown Dumbarton Avenue and Twenty-eighth Street crosslink",
        "atlas_area_id": "DC",
        "geometry_hash": "d6d2e166c016090712058031c2b297df69d6e1c66dbbd0799f12a1b5c9fd997e",
        "estimate_id": "PSL-20261008-segment-60bb539a630241f0",
        "start_year": 1873,
        "end_year": 1935,
        "start_earliest_year": 1873,
        "start_latest_year": 1880,
        "end_earliest_year": 1935,
        "end_latest_year": 1935,
        "start_confidence": "medium",
        "end_confidence": "medium",
        "confidence_group": "medium_high",
        "estimate_status": "provisional_not_verified_not_admitted",
        "mixed_subextent": false,
        "has_known_periods": false,
        "citation_review_warning": null,
        "continuous_operation_asserted": false,
        "whole_segment_uniform_lifespan_asserted": false,
        "source_ids": [
          "AUDIT-DC-NPS2005-DUPONT",
          "AUDIT-NPS2005-MET-EARLY",
          "AUDIT-PUC1935-P35",
          "AUDIT-WILDWOOD-TERMINAL-NPS2005",
          "DC-RECON-NPS2005-E19",
          "GAP-CONV-S08",
          "GDR-SRC-PUC1935",
          "INF-SRC-MD-NPS-STREETCAR",
          "LATE-CONV-S01",
          "LATE-PH-S08",
          "LATE-PH-S11",
          "LOOP-S07",
          "MD-EAST-S18",
          "MD-MONT-S02",
          "WB-S01"
        ],
        "context_source_ids": [
          "KEIM1876-LOC"
        ],
        "basis_claim_ids": [
          "DC-TIME-DCLV-C05"
        ],
        "evidence_id": "segment-60bb539a630241f0",
        "start_estimated_date": null,
        "end_estimated_date": null,
        "start_precision": "year",
        "end_precision": "year",
        "verified_start_date": null,
        "verified_end_date": null,
        "passenger_use_existence": "supported_at_named_corridor_scope",
        "geometry_correspondence": "source_scoped_not_full_segment_proof",
        "uncertainty_reason_group": "ordinary_date_and_scope_uncertainty"
      },
      "geometry": {
        "coordinates": [
          [
            -77.063448,
            38.907609
          ],
          [
            -77.057073,
            38.907692
          ],
          [
            -77.05711299957974,
            38.909343325744686
          ]
        ],
        "type": "LineString"
      }
    },
    {
      "type": "Feature",
      "id": "segment-087eb02d9cb8621f",
      "properties": {
        "segment_id": "segment-087eb02d9cb8621f",
        "fid": 75,
        "name": "Whole retained carrier; geographic association only, not proof of complete service traversal. (DC portion)",
        "estimate_label": "Georgetown western O/P paths",
        "atlas_area_id": "DC",
        "geometry_hash": "a5c2cd3fe3eb240d5f10a28daa62f77bdf79c4725a8da003e4b86f258a977382",
        "estimate_id": "PSL-20261008-segment-087eb02d9cb8621f",
        "start_year": 1880,
        "end_year": 1960,
        "start_earliest_year": 1873,
        "start_latest_year": 1896,
        "end_earliest_year": 1960,
        "end_latest_year": 1960,
        "start_confidence": "low",
        "end_confidence": "medium",
        "confidence_group": "low",
        "estimate_status": "provisional_not_verified_not_admitted",
        "mixed_subextent": false,
        "has_known_periods": true,
        "citation_review_warning": null,
        "continuous_operation_asserted": false,
        "whole_segment_uniform_lifespan_asserted": false,
        "source_ids": [
          "AUDIT-DC-NPS2005-DUPONT",
          "AUDIT-NPS2005-MET-EARLY",
          "AUDIT-WILDWOOD-TERMINAL-NPS2005",
          "DC-RECON-NPS2005-E19",
          "G7-S-1955-INHERITED",
          "GAP-CONV-S08",
          "INF-SRC-MD-NPS-STREETCAR",
          "LATE-CONV-S04",
          "LATE-PH-S08",
          "LOOP-S07",
          "MD-EAST-S18",
          "MD-MONT-S02",
          "WB-S01",
          "date-source-9d66f86d24fa03bc",
          "date-source-d8569aec0d752768"
        ],
        "context_source_ids": [
          "DC-LATE-MAP-S03",
          "LATE-CONV-S04"
        ],
        "basis_claim_ids": [
          "DC-TIME-DCLV-C11"
        ],
        "evidence_id": "segment-087eb02d9cb8621f",
        "start_estimated_date": null,
        "end_estimated_date": null,
        "start_precision": "year",
        "end_precision": "year",
        "verified_start_date": null,
        "verified_end_date": null,
        "passenger_use_existence": "supported_at_named_corridor_scope",
        "geometry_correspondence": "source_scoped_not_full_segment_proof",
        "uncertainty_reason_group": "ordinary_date_and_scope_uncertainty"
      },
      "geometry": {
        "coordinates": [
          [
            -77.0718523192579,
            38.905689107124616
          ],
          [
            -77.070267,
            38.905871
          ],
          [
            -77.070382,
            38.908687
          ],
          [
            -77.069081,
            38.908718
          ],
          [
            -77.06783525246472,
            38.90874801991101
          ],
          [
            -77.06742000353525,
            38.90875802358343
          ],
          [
            -77.06658950328574,
            38.90877802654802
          ],
          [
            -77.0653437524639,
            38.90880801991104
          ],
          [
            -77.064098,
            38.908838
          ]
        ],
        "type": "LineString"
      }
    },
    {
      "type": "Feature",
      "id": "segment-3d1ac13f4df75ee8",
      "properties": {
        "segment_id": "segment-3d1ac13f4df75ee8",
        "fid": 76,
        "name": "Whole retained carrier; geographic association only, not proof of complete service traversal. (DC portion)",
        "estimate_label": "Georgetown Thirty-fifth Street and O Street branch from Prospect",
        "atlas_area_id": "DC",
        "geometry_hash": "b7426342cf19ac5077ee61c50f02debdb85b2db9888244879cebdbaa39bf12f0",
        "estimate_id": "PSL-20261008-segment-3d1ac13f4df75ee8",
        "start_year": 1880,
        "end_year": 1960,
        "start_earliest_year": 1873,
        "start_latest_year": 1896,
        "end_earliest_year": 1960,
        "end_latest_year": 1960,
        "start_confidence": "low",
        "end_confidence": "medium",
        "confidence_group": "low",
        "estimate_status": "provisional_not_verified_not_admitted",
        "mixed_subextent": false,
        "has_known_periods": true,
        "citation_review_warning": null,
        "continuous_operation_asserted": false,
        "whole_segment_uniform_lifespan_asserted": false,
        "source_ids": [
          "AUDIT-DC-NPS2005-DUPONT",
          "AUDIT-NPS2005-MET-EARLY",
          "AUDIT-WILDWOOD-TERMINAL-NPS2005",
          "DC-RECON-NPS2005-E19",
          "G7-S-1955-INHERITED",
          "GAP-CONV-S08",
          "INF-SRC-MD-NPS-STREETCAR",
          "LATE-CONV-S04",
          "LATE-PH-S08",
          "LOOP-S07",
          "MD-EAST-S18",
          "MD-MONT-S02",
          "WB-S01",
          "date-source-9d66f86d24fa03bc",
          "date-source-d8569aec0d752768"
        ],
        "context_source_ids": [
          "DC-LATE-MAP-S03",
          "LATE-CONV-S04"
        ],
        "basis_claim_ids": [
          "DC-TIME-DCLV-C11"
        ],
        "evidence_id": "segment-3d1ac13f4df75ee8",
        "start_estimated_date": null,
        "end_estimated_date": null,
        "start_precision": "year",
        "end_precision": "year",
        "verified_start_date": null,
        "verified_end_date": null,
        "passenger_use_existence": "supported_at_named_corridor_scope",
        "geometry_correspondence": "source_scoped_not_full_segment_proof",
        "uncertainty_reason_group": "ordinary_date_and_scope_uncertainty"
      },
      "geometry": {
        "coordinates": [
          [
            -77.070267,
            38.905871
          ],
          [
            -77.068981,
            38.905897
          ],
          [
            -77.069042,
            38.907732
          ],
          [
            -77.06902675938211,
            38.90773235764514
          ],
          [
            -77.06767700290898,
            38.9077640239066
          ],
          [
            -77.0672254029954,
            38.907774615277475
          ],
          [
            -77.06631200387793,
            38.90779603187551
          ],
          [
            -77.06494700290791,
            38.90782802390667
          ],
          [
            -77.063582,
            38.90786
          ]
        ],
        "type": "LineString"
      }
    },
    {
      "type": "Feature",
      "id": "segment-d7076786f2979206",
      "properties": {
        "segment_id": "segment-d7076786f2979206",
        "fid": 77,
        "name": "Whole retained carrier; geographic association only, not proof of complete service traversal. (DC portion)",
        "estimate_label": "Georgetown Wisconsin short shared connection",
        "atlas_area_id": "DC",
        "geometry_hash": "503e2b5f7959281847282462a59c7833f4b5c40d65c901ff6a09aeef7353a477",
        "estimate_id": "PSL-20261008-segment-d7076786f2979206",
        "start_year": 1890,
        "end_year": 1960,
        "start_earliest_year": 1890,
        "start_latest_year": 1891,
        "end_earliest_year": 1960,
        "end_latest_year": 1960,
        "start_confidence": "medium",
        "end_confidence": "medium",
        "confidence_group": "medium_high",
        "estimate_status": "provisional_not_verified_not_admitted",
        "mixed_subextent": false,
        "has_known_periods": true,
        "citation_review_warning": null,
        "continuous_operation_asserted": false,
        "whole_segment_uniform_lifespan_asserted": false,
        "source_ids": [
          "AUDIT-DC-NPS2005-DUPONT",
          "AUDIT-NPS2005-MET-EARLY",
          "AUDIT-WILDWOOD-TERMINAL-NPS2005",
          "DC-RECON-NPS2005-E19",
          "G7-S-1955-INHERITED",
          "GAP-CONV-S08",
          "GAP-SRC-ELLENBERGER1974",
          "INF-SRC-MD-NPS-STREETCAR",
          "LATE-CONV-S04",
          "LATE-PH-S08",
          "LOOP-S07",
          "MD-EAST-S18",
          "MD-MONT-S01",
          "MD-MONT-S02",
          "WB-S01",
          "date-source-9d66f86d24fa03bc",
          "date-source-d8569aec0d752768"
        ],
        "context_source_ids": [
          "DC-LATE-MAP-S03",
          "GAP-SRC-ELLENBERGER1974",
          "GAP-SRC-PEERLESS2002",
          "LATE-CONV-S04",
          "MDW-S11",
          "MDW-S12"
        ],
        "basis_claim_ids": [
          "TA-MD-NEW-WISCONSIN-OPENING-1890",
          "TA-MD-NEW-CR-TENLEY-1960"
        ],
        "evidence_id": "segment-d7076786f2979206",
        "start_estimated_date": null,
        "end_estimated_date": null,
        "start_precision": "year",
        "end_precision": "year",
        "verified_start_date": null,
        "verified_end_date": null,
        "passenger_use_existence": "supported_at_named_corridor_scope",
        "geometry_correspondence": "source_scoped_not_full_segment_proof",
        "uncertainty_reason_group": "ordinary_date_and_scope_uncertainty"
      },
      "geometry": {
        "coordinates": [
          [
            -77.064281,
            38.909182
          ],
          [
            -77.064098,
            38.908838
          ],
          [
            -77.063582,
            38.90786
          ],
          [
            -77.063448,
            38.907609
          ],
          [
            -77.06277054596518,
            38.90637937050223
          ],
          [
            -77.062811,
            38.905177
          ],
          [
            -77.062761855273,
            38.90490879646189
          ]
        ],
        "type": "LineString"
      }
    },
    {
      "type": "Feature",
      "id": "segment-a8bdb71dd4ed93d9",
      "properties": {
        "segment_id": "segment-a8bdb71dd4ed93d9",
        "fid": 78,
        "name": "Whole retained carrier; geographic association only, not proof of complete service traversal. (DC portion)",
        "estimate_label": "Wisconsin Georgetown to Fulton vicinity",
        "atlas_area_id": "DC",
        "geometry_hash": "65b359855ad0c6a63d1ee4b9403305370b851c895df66b138c736a6963411382",
        "estimate_id": "PSL-20261008-segment-a8bdb71dd4ed93d9",
        "start_year": 1890,
        "end_year": 1960,
        "start_earliest_year": 1890,
        "start_latest_year": 1891,
        "end_earliest_year": 1960,
        "end_latest_year": 1960,
        "start_confidence": "medium",
        "end_confidence": "medium",
        "confidence_group": "medium_high",
        "estimate_status": "provisional_not_verified_not_admitted",
        "mixed_subextent": false,
        "has_known_periods": true,
        "citation_review_warning": null,
        "continuous_operation_asserted": false,
        "whole_segment_uniform_lifespan_asserted": false,
        "source_ids": [
          "AUDIT-DC-NPS2005-DUPONT",
          "AUDIT-NPS2005-MET-EARLY",
          "AUDIT-WILDWOOD-TERMINAL-NPS2005",
          "DC-RECON-NPS2005-E19",
          "G7-S-1955-INHERITED",
          "GAP-CONV-S08",
          "GAP-SRC-ELLENBERGER1974",
          "INF-SRC-MD-NPS-STREETCAR",
          "LATE-CONV-S04",
          "LATE-PH-S08",
          "LOOP-S07",
          "MD-EAST-S18",
          "MD-MONT-S01",
          "MD-MONT-S02",
          "WB-S01",
          "date-source-9d66f86d24fa03bc",
          "date-source-d8569aec0d752768"
        ],
        "context_source_ids": [
          "DC-LATE-MAP-S03",
          "GAP-SRC-ELLENBERGER1974",
          "GAP-SRC-PEERLESS2002",
          "GAP-SRC-RAND1916",
          "MDW-S11",
          "MDW-S12"
        ],
        "basis_claim_ids": [
          "TA-MD-NEW-WISCONSIN-OPENING-1890",
          "TA-MD-NEW-CR-TENLEY-1960"
        ],
        "evidence_id": "segment-a8bdb71dd4ed93d9",
        "start_estimated_date": null,
        "end_estimated_date": null,
        "start_precision": "year",
        "end_precision": "year",
        "verified_start_date": null,
        "verified_end_date": null,
        "passenger_use_existence": "supported_at_named_corridor_scope",
        "geometry_correspondence": "source_scoped_not_full_segment_proof",
        "uncertainty_reason_group": "ordinary_date_and_scope_uncertainty"
      },
      "geometry": {
        "coordinates": [
          [
            -77.064281,
            38.909182
          ],
          [
            -77.06467631295435,
            38.90988169222131
          ],
          [
            -77.065139,
            38.910806
          ],
          [
            -77.06562823242942,
            38.911800619695946
          ],
          [
            -77.06720106006524,
            38.91429357175032
          ],
          [
            -77.06784005392414,
            38.91520879661365
          ],
          [
            -77.06908577207403,
            38.916894172948616
          ],
          [
            -77.07099239087223,
            38.91913353333797
          ],
          [
            -77.07186621655111,
            38.91999471629473
          ],
          [
            -77.07277080209916,
            38.92174639228381
          ],
          [
            -77.07306620253614,
            38.92349295623062
          ],
          [
            -77.0738243558003,
            38.92538775416749
          ]
        ],
        "type": "LineString"
      }
    },
    {
      "type": "Feature",
      "id": "segment-f2b0a51cc644de87",
      "properties": {
        "segment_id": "segment-f2b0a51cc644de87",
        "fid": 79,
        "name": "Whole retained carrier; geographic association only, not proof of complete service traversal. (DC portion)",
        "estimate_label": "Connecticut surface Dupont–Florida",
        "atlas_area_id": "DC",
        "geometry_hash": "2332358f908c447f2ef6f5769c5582f51bf608b38e59c4f734d763a54623db8d",
        "estimate_id": "PSL-20261008-segment-f2b0a51cc644de87",
        "start_year": 1873,
        "end_year": 1961,
        "start_earliest_year": 1873,
        "start_latest_year": 1883,
        "end_earliest_year": 1961,
        "end_latest_year": 1961,
        "start_confidence": "low",
        "end_confidence": "medium",
        "confidence_group": "low",
        "estimate_status": "provisional_not_verified_not_admitted",
        "mixed_subextent": true,
        "has_known_periods": true,
        "citation_review_warning": null,
        "continuous_operation_asserted": false,
        "whole_segment_uniform_lifespan_asserted": false,
        "source_ids": [
          "AUDIT-DC-NPS2005-DUPONT",
          "AUDIT-NPS2005-MET-EARLY",
          "AUDIT-WILDWOOD-TERMINAL-NPS2005",
          "DC-RECON-NPS2005-E19",
          "GAP-CONV-S08",
          "INF-SRC-MD-NPS-STREETCAR",
          "LATE-CONV-S07",
          "LATE-PH-S08",
          "LOOP-S07",
          "MD-EAST-S18",
          "MD-MONT-S02",
          "WB-S01",
          "date-source-aa82a23988ba1f53"
        ],
        "context_source_ids": [
          "CORE-S05",
          "CT-1947-GUIDE-BNF",
          "DC-LATE-MAP-S03"
        ],
        "basis_claim_ids": [
          "DC-TIME-DCLV-C12"
        ],
        "evidence_id": "segment-f2b0a51cc644de87",
        "start_estimated_date": null,
        "end_estimated_date": null,
        "start_precision": "year",
        "end_precision": "year",
        "verified_start_date": null,
        "verified_end_date": null,
        "passenger_use_existence": "supported_at_named_corridor_scope",
        "geometry_correspondence": "source_scoped_not_full_segment_proof",
        "uncertainty_reason_group": "ordinary_date_and_scope_uncertainty"
      },
      "geometry": {
        "coordinates": [
          [
            -77.044236,
            38.909644
          ],
          [
            -77.04421651773127,
            38.90983075241472
          ],
          [
            -77.04409854394902,
            38.909980090182266
          ],
          [
            -77.0439332722356,
            38.91009204520222
          ],
          [
            -77.043768,
            38.910204
          ],
          [
            -77.04395764595755,
            38.91048574564836
          ],
          [
            -77.04509618258008,
            38.912177145787105
          ],
          [
            -77.04598536592135,
            38.91400375434169
          ],
          [
            -77.04598977272066,
            38.91408276076913
          ],
          [
            -77.04607729055031,
            38.91565175585656
          ],
          [
            -77.0456677425087,
            38.9165677151471
          ],
          [
            -77.04462588514114,
            38.91858473792662
          ],
          [
            -77.04294796195258,
            38.92200368708208
          ]
        ],
        "type": "LineString"
      }
    },
    {
      "type": "Feature",
      "id": "segment-2d6ecdaff38b5f6e",
      "properties": {
        "segment_id": "segment-2d6ecdaff38b5f6e",
        "fid": 80,
        "name": "Cartographic representative of the qualified underground alternative, not physical tunnel geometry (DC portion)",
        "estimate_label": "Dupont eastern circle display arc",
        "atlas_area_id": "DC",
        "geometry_hash": "bf54b04f7ddee3f0ed246a6eeaa3f28f074c9b96322cb1005a687b904a66fdf7",
        "estimate_id": "PSL-20261008-segment-2d6ecdaff38b5f6e",
        "start_year": 1873,
        "end_year": 1949,
        "start_earliest_year": 1873,
        "start_latest_year": 1896,
        "end_earliest_year": 1948,
        "end_latest_year": 1949,
        "start_confidence": "very_low",
        "end_confidence": "low",
        "confidence_group": "very_low",
        "estimate_status": "provisional_not_verified_not_admitted",
        "mixed_subextent": false,
        "has_known_periods": false,
        "citation_review_warning": null,
        "continuous_operation_asserted": false,
        "whole_segment_uniform_lifespan_asserted": false,
        "source_ids": [
          "AUDIT-DC-NPS2005-DUPONT",
          "AUDIT-NPS2005-MET-EARLY",
          "AUDIT-WILDWOOD-TERMINAL-NPS2005",
          "DC-RECON-NPS2005-E19",
          "GAP-CONV-S08",
          "INF-SRC-MD-NPS-STREETCAR",
          "LATE-PH-S08",
          "LATE-PH-S12",
          "LOOP-S07",
          "MD-EAST-S18",
          "MD-MONT-S02",
          "WB-S01",
          "date-source-b0e1acfe24cd7fba"
        ],
        "context_source_ids": [],
        "basis_claim_ids": [
          "DC-TIME-DCLV-C16",
          "DC-TIME-DCLV-C17"
        ],
        "evidence_id": "segment-2d6ecdaff38b5f6e",
        "start_estimated_date": null,
        "end_estimated_date": null,
        "start_precision": "year",
        "end_precision": "year",
        "verified_start_date": null,
        "verified_end_date": null,
        "passenger_use_existence": "corridor_passenger_use_supported_specific_drawing_unresolved",
        "geometry_correspondence": "hypothetical_or_unregistered_specific_geometry",
        "uncertainty_reason_group": "specific_geometry_correspondence"
      },
      "geometry": {
        "coordinates": [
          [
            -77.04294544242713,
            38.90879251711837
          ],
          [
            -77.04290150778061,
            38.90882083654429
          ],
          [
            -77.04290941238256,
            38.90883858531793
          ],
          [
            -77.04291579878496,
            38.90885685715902
          ],
          [
            -77.04292069381937,
            38.90887564282318
          ],
          [
            -77.04292412431732,
            38.908894933065966
          ],
          [
            -77.04292611711033,
            38.90891471864287
          ],
          [
            -77.04292669902982,
            38.908934990309334
          ],
          [
            -77.04292589690724,
            38.9089557388208
          ],
          [
            -77.04292373757399,
            38.90897695493257
          ],
          [
            -77.04292024786143,
            38.90899862939997
          ],
          [
            -77.04291545460092,
            38.90902075297825
          ],
          [
            -77.04290938462383,
            38.90904331642262
          ],
          [
            -77.04290206476146,
            38.909066310488285
          ],
          [
            -77.04289352184514,
            38.90908972593039
          ],
          [
            -77.04288378270618,
            38.90911355350406
          ],
          [
            -77.0428728741759,
            38.909137783964376
          ],
          [
            -77.04286082308559,
            38.90916240806641
          ],
          [
            -77.0428476562666,
            38.90918741656519
          ],
          [
            -77.04283340055021,
            38.909212800215776
          ],
          [
            -77.0428180827678,
            38.909238549773114
          ],
          [
            -77.04280172975066,
            38.909264655992224
          ],
          [
            -77.04278436833019,
            38.9092911096281
          ],
          [
            -77.04276602533776,
            38.90931790143567
          ],
          [
            -77.04274681055475,
            38.9093449935914
          ],
          [
            -77.04272923878605,
            38.90937151967697
          ],
          [
            -77.04271414348219,
            38.909397192548084
          ],
          [
            -77.0427011675306,
            38.909422135241414
          ],
          [
            -77.04269004233072,
            38.909446440298346
          ],
          [
            -77.04268055993246,
            38.90947017936431
          ],
          [
            -77.04267255558217,
            38.90949340920214
          ],
          [
            -77.04266589628126,
            38.90951617563406
          ],
          [
            -77.04266047300284,
            38.909538516223286
          ],
          [
            -77.04265619523039,
            38.909560462155596
          ],
          [
            -77.04265298702424,
            38.90958203959461
          ],
          [
            -77.04265078412459,
            38.9096032706798
          ],
          [
            -77.04264953177672,
            38.90962417427591
          ],
          [
            -77.04264918307106,
            38.909644766544744
          ],
          [
            -77.0426496976581,
            38.909665061387955
          ],
          [
            -77.04265104074132,
            38.90968507079402
          ],
          [
            -77.04265318227961,
            38.909704805113016
          ],
          [
            -77.04265609635064,
            38.909724273275984
          ],
          [
            -77.04265976063907,
            38.909743482971244
          ],
          [
            -77.04266415602328,
            38.909762440786736
          ],
          [
            -77.04266926624125,
            38.909781152325216
          ],
          [
            -77.04267507762057,
            38.90979962229725
          ],
          [
            -77.04268157886119,
            38.909817854596014
          ],
          [
            -77.04268876086293,
            38.90983585235677
          ],
          [
            -77.0426966165907,
            38.90985361800329
          ],
          [
            -77.04270514097327,
            38.90987115328273
          ],
          [
            -77.04271433083149,
            38.909888459290364
          ],
          [
            -77.042724184834,
            38.90990553648484
          ],
          [
            -77.0427347034789,
            38.909922384694525
          ],
          [
            -77.04274588910049,
            38.909939003115106
          ],
          [
            -77.04275774590178,
            38.909955390298464
          ],
          [
            -77.04277028001337,
            38.90997154413237
          ],
          [
            -77.04278349958102,
            38.90998746181029
          ],
          [
            -77.04279741488455,
            38.91000313979044
          ],
          [
            -77.04281203849257,
            38.91001857374247
          ],
          [
            -77.04282738545831,
            38.91003375848
          ],
          [
            -77.04284347356449,
            38.910048687876234
          ],
          [
            -77.04286032362658,
            38.91006335475952
          ],
          [
            -77.04287795986794,
            38.91007775078403
          ],
          [
            -77.0428964103839,
            38.91009186626997
          ],
          [
            -77.04291570771781,
            38.91010569000501
          ],
          [
            -77.04293588958006,
            38.91011920899659
          ],
          [
            -77.04295699975276,
            38.91013240816031
          ],
          [
            -77.04297908923796,
            38.91014526992416
          ],
          [
            -77.04300221773273,
            38.91015777372048
          ],
          [
            -77.04302645554847,
            38.91016989532455
          ],
          [
            -77.04305188614754,
            38.91018160598077
          ],
          [
            -77.04307860955663,
            38.91019287122649
          ],
          [
            -77.04310674705582,
            38.91020364927665
          ],
          [
            -77.04313644777885,
            38.91021388874956
          ],
          [
            -77.04316789827307,
            38.910223525373326
          ],
          [
            -77.04320133682654,
            38.91023247704967
          ],
          [
            -77.04323707584386,
            38.910240636144614
          ],
          [
            -77.0432753027252,
            38.91024793809119
          ],
          [
            -77.04331343074348,
            38.91025527408871
          ],
          [
            -77.04335058942189,
            38.91026294404191
          ],
          [
            -77.04338675192766,
            38.910270957196495
          ],
          [
            -77.04342189142798,
            38.91027932279812
          ],
          [
            -77.04345598109008,
            38.91028805009253
          ],
          [
            -77.04348899408109,
            38.9102971483254
          ],
          [
            -77.04352090356815,
            38.91030662674243
          ],
          [
            -77.04355168271834,
            38.910316494589374
          ],
          [
            -77.04358130469878,
            38.9103267611119
          ],
          [
            -77.04360974267642,
            38.91033743555571
          ],
          [
            -77.0436369698183,
            38.9103485271665
          ],
          [
            -77.04366295929134,
            38.91036004518994
          ],
          [
            -77.04368768426242,
            38.91037199887171
          ],
          [
            -77.04371111789841,
            38.91038439745744
          ],
          [
            -77.0437332333661,
            38.91039725019279
          ],
          [
            -77.04375400383218,
            38.910410566323336
          ],
          [
            -77.04377340246333,
            38.91042435509466
          ],
          [
            -77.04379140242618,
            38.910438625752334
          ],
          [
            -77.04380797688722,
            38.910453387541864
          ],
          [
            -77.04382309901297,
            38.91046864970875
          ],
          [
            -77.04383674196974,
            38.910484421498424
          ],
          [
            -77.04384887892388,
            38.9105007121563
          ],
          [
            -77.04385948304163,
            38.91051753092777
          ],
          [
            -77.04395764595755,
            38.91048574564836
          ]
        ],
        "type": "LineString"
      }
    },
    {
      "type": "Feature",
      "id": "segment-cfb5df6b037fb33b",
      "properties": {
        "segment_id": "segment-cfb5df6b037fb33b",
        "fid": 81,
        "name": "Whole retained carrier; geographic association only, not proof of complete service traversal. (DC portion)",
        "estimate_label": "Columbia Road–Mount Pleasant",
        "atlas_area_id": "DC",
        "geometry_hash": "92c6fbd9b3272988bd608e4de03c2d4feb997da105d0e8beaa5c94710e2ad6fb",
        "estimate_id": "PSL-20261008-segment-cfb5df6b037fb33b",
        "start_year": 1900,
        "end_year": 1961,
        "start_earliest_year": 1896,
        "start_latest_year": 1902,
        "end_earliest_year": 1961,
        "end_latest_year": 1961,
        "start_confidence": "medium",
        "end_confidence": "medium",
        "confidence_group": "medium_high",
        "estimate_status": "provisional_not_verified_not_admitted",
        "mixed_subextent": false,
        "has_known_periods": true,
        "citation_review_warning": null,
        "continuous_operation_asserted": false,
        "whole_segment_uniform_lifespan_asserted": false,
        "source_ids": [
          "AUDIT-DC-NPS2005-DUPONT",
          "AUDIT-NPS2005-MET-EARLY",
          "AUDIT-WILDWOOD-TERMINAL-NPS2005",
          "DC-RECON-NPS2005-E19",
          "GAP-CONV-S07",
          "GAP-CONV-S08",
          "INF-SRC-MD-NPS-STREETCAR",
          "LATE-CONV-S07",
          "LATE-PH-S08",
          "LOOP-S07",
          "MD-EAST-S18",
          "MD-MONT-S02",
          "WB-S01",
          "date-source-aa82a23988ba1f53"
        ],
        "context_source_ids": [
          "DC-LATE-MAP-S03"
        ],
        "basis_claim_ids": [
          "DC-TIME-DCLV-C12"
        ],
        "evidence_id": "segment-cfb5df6b037fb33b",
        "start_estimated_date": null,
        "end_estimated_date": null,
        "start_precision": "year",
        "end_precision": "year",
        "verified_start_date": null,
        "verified_end_date": null,
        "passenger_use_existence": "supported_at_named_corridor_scope",
        "geometry_correspondence": "source_scoped_not_full_segment_proof",
        "uncertainty_reason_group": "ordinary_date_and_scope_uncertainty"
      },
      "geometry": {
        "coordinates": [
          [
            -77.04294796195258,
            38.92200368708208
          ],
          [
            -77.03679256185998,
            38.9257942051448
          ],
          [
            -77.03778249312782,
            38.92856707730367
          ],
          [
            -77.0392012389942,
            38.93197476668166
          ]
        ],
        "type": "LineString"
      }
    },
    {
      "type": "Feature",
      "id": "segment-df84c9f048d84198",
      "properties": {
        "segment_id": "segment-df84c9f048d84198",
        "fid": 82,
        "name": "Whole retained carrier; geographic association only, not proof of complete service traversal. (DC portion)",
        "estimate_label": "Calvert bridge approach",
        "atlas_area_id": "DC",
        "geometry_hash": "ecf61dd403e4a7e241d56e9068ce46905ead0dab957166659d2684d0a99e833c",
        "estimate_id": "PSL-20261008-segment-df84c9f048d84198",
        "start_year": 1892,
        "end_year": 1962,
        "start_earliest_year": 1891,
        "start_latest_year": 1893,
        "end_earliest_year": 1962,
        "end_latest_year": 1962,
        "start_confidence": "medium",
        "end_confidence": "medium",
        "confidence_group": "medium_high",
        "estimate_status": "provisional_not_verified_not_admitted",
        "mixed_subextent": false,
        "has_known_periods": true,
        "citation_review_warning": null,
        "continuous_operation_asserted": false,
        "whole_segment_uniform_lifespan_asserted": false,
        "source_ids": [
          "AUDIT-DC-NPS2005-DUPONT",
          "AUDIT-NPS2005-MET-EARLY",
          "AUDIT-WILDWOOD-TERMINAL-NPS2005",
          "DC-RECON-NPS2005-E19",
          "GAP-CONV-S08",
          "INF-SRC-MD-NPS-STREETCAR",
          "LATE-CONV-S07",
          "LATE-PH-S08",
          "LOOP-S07",
          "MD-EAST-S18",
          "MD-MONT-S02",
          "WB-S01",
          "date-source-aa82a23988ba1f53"
        ],
        "context_source_ids": [
          "CORE-S05",
          "DC-LATE-MAP-S03"
        ],
        "basis_claim_ids": [
          "DC-TIME-DCLV-C15"
        ],
        "evidence_id": "segment-df84c9f048d84198",
        "start_estimated_date": null,
        "end_estimated_date": null,
        "start_precision": "year",
        "end_precision": "year",
        "verified_start_date": null,
        "verified_end_date": null,
        "passenger_use_existence": "supported_at_named_corridor_scope",
        "geometry_correspondence": "source_scoped_not_full_segment_proof",
        "uncertainty_reason_group": "ordinary_date_and_scope_uncertainty"
      },
      "geometry": {
        "coordinates": [
          [
            -77.04294796195258,
            38.92200368708208
          ],
          [
            -77.0442557168933,
            38.92263500604345
          ],
          [
            -77.05116308953578,
            38.922851874212064
          ]
        ],
        "type": "LineString"
      }
    },
    {
      "type": "Feature",
      "id": "segment-1693521257d88740",
      "properties": {
        "segment_id": "segment-1693521257d88740",
        "fid": 83,
        "name": "Whole retained carrier; geographic association only, not proof of complete service traversal. (DC portion)",
        "estimate_label": "U Street and Eighteenth connector",
        "atlas_area_id": "DC",
        "geometry_hash": "2fdf9d9537810dda02560ccaddfb630efc1f131309f6077b6da1aaa67af6a9f4",
        "estimate_id": "PSL-20261008-segment-1693521257d88740",
        "start_year": 1892,
        "end_year": 1962,
        "start_earliest_year": 1891,
        "start_latest_year": 1893,
        "end_earliest_year": 1962,
        "end_latest_year": 1962,
        "start_confidence": "medium",
        "end_confidence": "medium",
        "confidence_group": "medium_high",
        "estimate_status": "provisional_not_verified_not_admitted",
        "mixed_subextent": false,
        "has_known_periods": true,
        "citation_review_warning": null,
        "continuous_operation_asserted": false,
        "whole_segment_uniform_lifespan_asserted": false,
        "source_ids": [
          "AUDIT-DC-NPS2005-DUPONT",
          "AUDIT-NPS2005-MET-EARLY",
          "AUDIT-WILDWOOD-TERMINAL-NPS2005",
          "DC-RECON-NPS2005-E19",
          "GAP-CONV-S08",
          "INF-SRC-MD-NPS-STREETCAR",
          "LATE-CONV-S07",
          "LATE-PH-S08",
          "LOOP-S07",
          "MD-EAST-S18",
          "MD-MONT-S02",
          "WB-S01",
          "date-source-aa82a23988ba1f53"
        ],
        "context_source_ids": [
          "CORE-S05",
          "CT-1947-GUIDE-BNF",
          "DC-LATE-MAP-S03"
        ],
        "basis_claim_ids": [
          "DC-TIME-DCLV-C15"
        ],
        "evidence_id": "segment-1693521257d88740",
        "start_estimated_date": null,
        "end_estimated_date": null,
        "start_precision": "year",
        "end_precision": "year",
        "verified_start_date": null,
        "verified_end_date": null,
        "passenger_use_existence": "supported_at_named_corridor_scope",
        "geometry_correspondence": "source_scoped_not_full_segment_proof",
        "uncertainty_reason_group": "ordinary_date_and_scope_uncertainty"
      },
      "geometry": {
        "coordinates": [
          [
            -77.04294796195258,
            38.92200368708208
          ],
          [
            -77.04131922686102,
            38.91637601219365
          ],
          [
            -77.03195775888145,
            38.91641541642894
          ],
          [
            -77.02425669437777,
            38.9164472685937
          ]
        ],
        "type": "LineString"
      }
    },
    {
      "type": "Feature",
      "id": "segment-6bff99c668d8bc25",
      "properties": {
        "segment_id": "segment-6bff99c668d8bc25",
        "fid": 84,
        "name": "Whole retained carrier; geographic association only, not proof of complete service traversal. (DC portion)",
        "estimate_label": "Georgia Avenue southern portion",
        "atlas_area_id": "DC",
        "geometry_hash": "de732c94ccb83b5c9de2289f5a606dc0fbab004c906196e413482b7c03d05361",
        "estimate_id": "PSL-20261008-segment-6bff99c668d8bc25",
        "start_year": 1873,
        "end_year": 1960,
        "start_earliest_year": 1872,
        "start_latest_year": 1873,
        "end_earliest_year": 1960,
        "end_latest_year": 1960,
        "start_confidence": "medium",
        "end_confidence": "medium",
        "confidence_group": "medium_high",
        "estimate_status": "provisional_not_verified_not_admitted",
        "mixed_subextent": false,
        "has_known_periods": true,
        "citation_review_warning": null,
        "continuous_operation_asserted": false,
        "whole_segment_uniform_lifespan_asserted": false,
        "source_ids": [
          "AUDIT-DC-NPS2005-DUPONT",
          "AUDIT-NPS2005-MET-EARLY",
          "AUDIT-WILDWOOD-TERMINAL-NPS2005",
          "DC-RECON-NPS2005-E19",
          "G7-S-1955-INHERITED",
          "GAP-CONV-S08",
          "INF-SRC-MD-NPS-STREETCAR",
          "LATE-CONV-S04",
          "LATE-PH-S08",
          "LOOP-S07",
          "MD-EAST-S18",
          "MD-MONT-S02",
          "WB-S01",
          "date-source-9d66f86d24fa03bc",
          "date-source-d8569aec0d752768"
        ],
        "context_source_ids": [
          "CORE-S03",
          "DC-LATE-MAP-S03",
          "G7-S-1947",
          "GAR1892-LOC",
          "KEIM1876-LOC"
        ],
        "basis_claim_ids": [
          "DC-TIME-DCLV-C09"
        ],
        "evidence_id": "segment-6bff99c668d8bc25",
        "start_estimated_date": null,
        "end_estimated_date": null,
        "start_precision": "year",
        "end_precision": "year",
        "verified_start_date": null,
        "verified_end_date": null,
        "passenger_use_existence": "supported_at_named_corridor_scope",
        "geometry_correspondence": "source_scoped_not_full_segment_proof",
        "uncertainty_reason_group": "ordinary_date_and_scope_uncertainty"
      },
      "geometry": {
        "coordinates": [
          [
            -77.02444366698148,
            38.936657025637565
          ],
          [
            -77.02340434939856,
            38.92863917424757
          ],
          [
            -77.02254871179082,
            38.92189038423626
          ],
          [
            -77.02215381396061,
            38.91856211480649
          ],
          [
            -77.02208582904463,
            38.9158584562784
          ]
        ],
        "type": "LineString"
      }
    },
    {
      "type": "Feature",
      "id": "segment-5e6c7c9602fc1492",
      "properties": {
        "segment_id": "segment-5e6c7c9602fc1492",
        "fid": 85,
        "name": "Whole retained carrier; geographic association only, not proof of complete service traversal. (DC portion)",
        "estimate_label": "Brightwood Georgia northern trunk",
        "atlas_area_id": "DC",
        "geometry_hash": "d8466aec6207885967d4be8913ba1740912c44a9d08fe53d33ff7c7d071f3bc6",
        "estimate_id": "PSL-20261008-segment-5e6c7c9602fc1492",
        "start_year": 1890,
        "end_year": 1960,
        "start_earliest_year": 1889,
        "start_latest_year": 1893,
        "end_earliest_year": 1960,
        "end_latest_year": 1960,
        "start_confidence": "medium",
        "end_confidence": "medium",
        "confidence_group": "medium_high",
        "estimate_status": "provisional_not_verified_not_admitted",
        "mixed_subextent": true,
        "has_known_periods": true,
        "citation_review_warning": null,
        "continuous_operation_asserted": false,
        "whole_segment_uniform_lifespan_asserted": false,
        "source_ids": [
          "AUDIT-DC-NPS2005-DUPONT",
          "AUDIT-NPS2005-MET-EARLY",
          "AUDIT-WILDWOOD-TERMINAL-NPS2005",
          "DC-RECON-NPS2005-E19",
          "G7-S-1955-INHERITED",
          "GAP-CONV-S07",
          "GAP-CONV-S08",
          "INF-SRC-MD-NPS-STREETCAR",
          "LATE-CONV-S04",
          "LATE-PH-S08",
          "LOOP-S07",
          "MD-EAST-S18",
          "MD-MONT-S02",
          "WB-S01",
          "date-source-9d66f86d24fa03bc",
          "date-source-d8569aec0d752768"
        ],
        "context_source_ids": [
          "DC-LATE-MAP-S03",
          "G7-S-1947"
        ],
        "basis_claim_ids": [
          "DC-TIME-DCLV-C09"
        ],
        "evidence_id": "segment-5e6c7c9602fc1492",
        "start_estimated_date": null,
        "end_estimated_date": null,
        "start_precision": "year",
        "end_precision": "year",
        "verified_start_date": null,
        "verified_end_date": null,
        "passenger_use_existence": "supported_at_named_corridor_scope",
        "geometry_correspondence": "source_scoped_not_full_segment_proof",
        "uncertainty_reason_group": "ordinary_date_and_scope_uncertainty"
      },
      "geometry": {
        "coordinates": [
          [
            -77.02657181400869,
            38.98449297069745
          ],
          [
            -77.02653557986248,
            38.97741502029409
          ],
          [
            -77.02703368501265,
            38.97309113126386
          ],
          [
            -77.02757277886403,
            38.96795717770717
          ],
          [
            -77.02837134563869,
            38.96024522363314
          ],
          [
            -77.0286225755178,
            38.95623504418173
          ],
          [
            -77.0275133537593,
            38.95269145375788
          ],
          [
            -77.02677357938045,
            38.944101611844594
          ]
        ],
        "type": "LineString"
      }
    },
    {
      "type": "Feature",
      "id": "segment-516d19171890557a",
      "properties": {
        "segment_id": "segment-516d19171890557a",
        "fid": 86,
        "name": "Whole retained carrier; geographic association only, not proof of complete service traversal. (MONT portion)",
        "estimate_label": "Brightwood Georgia northern trunk",
        "atlas_area_id": "MONT",
        "geometry_hash": "a290fecea8b53628163e327ff744733889f43bd8fa4ef6df5aa4d2cc8ef01029",
        "estimate_id": "PSL-20261008-segment-516d19171890557a",
        "start_year": 1890,
        "end_year": 1924,
        "start_earliest_year": 1889,
        "start_latest_year": 1893,
        "end_earliest_year": 1924,
        "end_latest_year": 1927,
        "start_confidence": "medium",
        "end_confidence": "low",
        "confidence_group": "low",
        "estimate_status": "provisional_not_verified_not_admitted",
        "mixed_subextent": false,
        "has_known_periods": false,
        "citation_review_warning": null,
        "continuous_operation_asserted": false,
        "whole_segment_uniform_lifespan_asserted": false,
        "source_ids": [
          "GAP-CONV-S07",
          "GAP-SRC-ELLENBERGER1974",
          "MD-MONT-S01"
        ],
        "context_source_ids": [
          "DC-LATE-MAP-S03"
        ],
        "basis_claim_ids": [
          "TA-MD-MD-MONT-C17"
        ],
        "evidence_id": "segment-516d19171890557a",
        "start_estimated_date": null,
        "end_estimated_date": null,
        "start_precision": "year",
        "end_precision": "year",
        "verified_start_date": null,
        "verified_end_date": null,
        "passenger_use_existence": "supported_at_named_corridor_scope",
        "geometry_correspondence": "source_scoped_not_full_segment_proof",
        "uncertainty_reason_group": "ordinary_date_and_scope_uncertainty"
      },
      "geometry": {
        "coordinates": [
          [
            -77.02657221770018,
            38.984571827485055
          ],
          [
            -77.02657181400869,
            38.98449297069745
          ]
        ],
        "type": "LineString"
      }
    },
    {
      "type": "Feature",
      "id": "segment-374d34e67a7a792a",
      "properties": {
        "segment_id": "segment-374d34e67a7a792a",
        "fid": 87,
        "name": "Whole retained carrier; geographic association only, not proof of complete service traversal. (DC portion)",
        "estimate_label": "Georgia Avenue upper city connecting span",
        "atlas_area_id": "DC",
        "geometry_hash": "3691f74d27ab8d8f9475b5c0ff71c534879c10e4e3205228474c7f47edb5a604",
        "estimate_id": "PSL-20261008-segment-374d34e67a7a792a",
        "start_year": 1890,
        "end_year": 1960,
        "start_earliest_year": 1889,
        "start_latest_year": 1893,
        "end_earliest_year": 1960,
        "end_latest_year": 1960,
        "start_confidence": "medium",
        "end_confidence": "medium",
        "confidence_group": "medium_high",
        "estimate_status": "provisional_not_verified_not_admitted",
        "mixed_subextent": false,
        "has_known_periods": true,
        "citation_review_warning": null,
        "continuous_operation_asserted": false,
        "whole_segment_uniform_lifespan_asserted": false,
        "source_ids": [
          "AUDIT-DC-NPS2005-DUPONT",
          "AUDIT-NPS2005-MET-EARLY",
          "AUDIT-WILDWOOD-TERMINAL-NPS2005",
          "DC-RECON-NPS2005-E19",
          "G7-S-1955-INHERITED",
          "GAP-CONV-S07",
          "GAP-CONV-S08",
          "INF-SRC-MD-NPS-STREETCAR",
          "LATE-CONV-S04",
          "LATE-PH-S08",
          "LOOP-S07",
          "MD-EAST-S18",
          "MD-MONT-S02",
          "WB-S01",
          "date-source-9d66f86d24fa03bc",
          "date-source-d8569aec0d752768"
        ],
        "context_source_ids": [
          "DC-LATE-MAP-S03",
          "G7-S-1947"
        ],
        "basis_claim_ids": [
          "DC-TIME-DCLV-C09"
        ],
        "evidence_id": "segment-374d34e67a7a792a",
        "start_estimated_date": null,
        "end_estimated_date": null,
        "start_precision": "year",
        "end_precision": "year",
        "verified_start_date": null,
        "verified_end_date": null,
        "passenger_use_existence": "supported_at_named_corridor_scope",
        "geometry_correspondence": "source_scoped_not_full_segment_proof",
        "uncertainty_reason_group": "ordinary_date_and_scope_uncertainty"
      },
      "geometry": {
        "coordinates": [
          [
            -77.02677357938045,
            38.944101611844594
          ],
          [
            -77.0256670328595,
            38.94133524989016
          ],
          [
            -77.02444366698148,
            38.936657025637565
          ]
        ],
        "type": "LineString"
      }
    },
    {
      "type": "Feature",
      "id": "segment-b8bde94e673d9af5",
      "properties": {
        "segment_id": "segment-b8bde94e673d9af5",
        "fid": 88,
        "name": "Whole retained carrier; geographic association only, not proof of complete service traversal. (DC portion)",
        "estimate_label": "LeDroit Fourth–W–Georgia local path",
        "atlas_area_id": "DC",
        "geometry_hash": "1c4a5e85aa8b4f1aca2f29434405669a00e05df06918a6d27b79bd5c20609187",
        "estimate_id": "PSL-20261008-segment-b8bde94e673d9af5",
        "start_year": 1875,
        "end_year": 1935,
        "start_earliest_year": 1873,
        "start_latest_year": 1876,
        "end_earliest_year": 1935,
        "end_latest_year": 1935,
        "start_confidence": "medium",
        "end_confidence": "medium",
        "confidence_group": "medium_high",
        "estimate_status": "provisional_not_verified_not_admitted",
        "mixed_subextent": false,
        "has_known_periods": false,
        "citation_review_warning": null,
        "continuous_operation_asserted": false,
        "whole_segment_uniform_lifespan_asserted": false,
        "source_ids": [
          "AUDIT-DC-NPS2005-DUPONT",
          "AUDIT-NPS2005-MET-EARLY",
          "AUDIT-PUC1935-P35",
          "AUDIT-WILDWOOD-TERMINAL-NPS2005",
          "DC-RECON-NPS2005-E19",
          "GAP-CONV-S07",
          "GAP-CONV-S08",
          "GDR-SRC-PUC1935",
          "INF-SRC-MD-NPS-STREETCAR",
          "LATE-CONV-S01",
          "LATE-PH-S08",
          "LATE-PH-S11",
          "LOOP-S07",
          "MD-EAST-S18",
          "MD-MONT-S02",
          "WB-S01"
        ],
        "context_source_ids": [
          "CORE-S05"
        ],
        "basis_claim_ids": [
          "DC-TIME-DCLV-C02"
        ],
        "evidence_id": "segment-b8bde94e673d9af5",
        "start_estimated_date": null,
        "end_estimated_date": null,
        "start_precision": "year",
        "end_precision": "year",
        "verified_start_date": null,
        "verified_end_date": null,
        "passenger_use_existence": "supported_at_named_corridor_scope",
        "geometry_correspondence": "source_scoped_not_full_segment_proof",
        "uncertainty_reason_group": "ordinary_date_and_scope_uncertainty"
      },
      "geometry": {
        "coordinates": [
          [
            -77.02215381396061,
            38.91856211480649
          ],
          [
            -77.01802311286154,
            38.91898694993823
          ],
          [
            -77.01787747212602,
            38.91702102200534
          ],
          [
            -77.01622553327326,
            38.91708418609283
          ],
          [
            -77.01611677211528,
            38.91367050928235
          ]
        ],
        "type": "LineString"
      }
    },
    {
      "type": "Feature",
      "id": "segment-6e859cd8c9ae0089",
      "properties": {
        "segment_id": "segment-6e859cd8c9ae0089",
        "fid": 89,
        "name": "Whole retained carrier; geographic association only, not proof of complete service traversal. (DC portion)",
        "estimate_label": "Fourth Street NW LeDroit-New York connection",
        "atlas_area_id": "DC",
        "geometry_hash": "abbd873465f83ba2731669c2a69ea92b5585c9e9059a623c3d592674b15c4c66",
        "estimate_id": "PSL-20261008-segment-6e859cd8c9ae0089",
        "start_year": 1875,
        "end_year": 1935,
        "start_earliest_year": 1873,
        "start_latest_year": 1876,
        "end_earliest_year": 1935,
        "end_latest_year": 1935,
        "start_confidence": "medium",
        "end_confidence": "medium",
        "confidence_group": "medium_high",
        "estimate_status": "provisional_not_verified_not_admitted",
        "mixed_subextent": false,
        "has_known_periods": false,
        "citation_review_warning": null,
        "continuous_operation_asserted": false,
        "whole_segment_uniform_lifespan_asserted": false,
        "source_ids": [
          "AUDIT-DC-NPS2005-DUPONT",
          "AUDIT-NPS2005-MET-EARLY",
          "AUDIT-PUC1935-P35",
          "AUDIT-WILDWOOD-TERMINAL-NPS2005",
          "DC-RECON-NPS2005-E19",
          "GAP-CONV-S07",
          "GAP-CONV-S08",
          "GDR-SRC-PUC1935",
          "INF-SRC-MD-NPS-STREETCAR",
          "LATE-CONV-S01",
          "LATE-PH-S08",
          "LATE-PH-S11",
          "LOOP-S07",
          "MD-EAST-S18",
          "MD-MONT-S02",
          "WB-S01"
        ],
        "context_source_ids": [
          "CORE-S05"
        ],
        "basis_claim_ids": [
          "DC-TIME-DCLV-C02"
        ],
        "evidence_id": "segment-6e859cd8c9ae0089",
        "start_estimated_date": null,
        "end_estimated_date": null,
        "start_precision": "year",
        "end_precision": "year",
        "verified_start_date": null,
        "verified_end_date": null,
        "passenger_use_existence": "supported_at_named_corridor_scope",
        "geometry_correspondence": "source_scoped_not_full_segment_proof",
        "uncertainty_reason_group": "ordinary_date_and_scope_uncertainty"
      },
      "geometry": {
        "coordinates": [
          [
            -77.01611677211528,
            38.91367050928235
          ],
          [
            -77.016163,
            38.909642
          ],
          [
            -77.016154,
            38.909247
          ],
          [
            -77.016173,
            38.908571
          ],
          [
            -77.016179,
            38.9048915
          ]
        ],
        "type": "LineString"
      }
    },
    {
      "type": "Feature",
      "id": "segment-94a145b9fa2a2daf",
      "properties": {
        "segment_id": "segment-94a145b9fa2a2daf",
        "fid": 90,
        "name": "Whole retained carrier; geographic association only, not proof of complete service traversal. (DC portion)",
        "estimate_label": "Florida Avenue central city leg",
        "atlas_area_id": "DC",
        "geometry_hash": "444a6e22fb8611fd2ceef8a15c91e5636aea6e501c87661ad1431eccb69f1063",
        "estimate_id": "PSL-20261008-segment-94a145b9fa2a2daf",
        "start_year": 1892,
        "end_year": 1962,
        "start_earliest_year": 1891,
        "start_latest_year": 1893,
        "end_earliest_year": 1962,
        "end_latest_year": 1962,
        "start_confidence": "medium",
        "end_confidence": "medium",
        "confidence_group": "medium_high",
        "estimate_status": "provisional_not_verified_not_admitted",
        "mixed_subextent": false,
        "has_known_periods": true,
        "citation_review_warning": null,
        "continuous_operation_asserted": false,
        "whole_segment_uniform_lifespan_asserted": false,
        "source_ids": [
          "AUDIT-DC-NPS2005-DUPONT",
          "AUDIT-NPS2005-MET-EARLY",
          "AUDIT-WILDWOOD-TERMINAL-NPS2005",
          "DC-RECON-NPS2005-E19",
          "GAP-CONV-S08",
          "INF-SRC-MD-NPS-STREETCAR",
          "LATE-CONV-S07",
          "LATE-PH-S08",
          "LOOP-S07",
          "MD-EAST-S18",
          "MD-MONT-S02",
          "WB-S01",
          "date-source-aa82a23988ba1f53"
        ],
        "context_source_ids": [
          "CORE-S05",
          "CT-1947-GUIDE-BNF",
          "DC-LATE-MAP-S03"
        ],
        "basis_claim_ids": [
          "DC-TIME-DCLV-C15"
        ],
        "evidence_id": "segment-94a145b9fa2a2daf",
        "start_estimated_date": null,
        "end_estimated_date": null,
        "start_precision": "year",
        "end_precision": "year",
        "verified_start_date": null,
        "verified_end_date": null,
        "passenger_use_existence": "supported_at_named_corridor_scope",
        "geometry_correspondence": "source_scoped_not_full_segment_proof",
        "uncertainty_reason_group": "ordinary_date_and_scope_uncertainty"
      },
      "geometry": {
        "coordinates": [
          [
            -77.02425669437777,
            38.9164472685937
          ],
          [
            -77.02203887181348,
            38.91585920574013
          ],
          [
            -77.01785302430798,
            38.9139340080469
          ],
          [
            -77.01753931623604,
            38.913789713798835
          ],
          [
            -77.01375344650286,
            38.91233474326507
          ]
        ],
        "type": "LineString"
      }
    },
    {
      "type": "Feature",
      "id": "segment-793201e26e2dc388",
      "properties": {
        "segment_id": "segment-793201e26e2dc388",
        "fid": 91,
        "name": "Whole retained carrier; geographic association only, not proof of complete service traversal. (DC portion)",
        "estimate_label": "Florida Avenue North Capitol to Eighth NE",
        "atlas_area_id": "DC",
        "geometry_hash": "30ac516c73cf2759baabd7eed0a5285d39e46f79d8813ca7d8d0d8fb367a8d35",
        "estimate_id": "PSL-20261008-segment-793201e26e2dc388",
        "start_year": 1908,
        "end_year": 1962,
        "start_earliest_year": 1908,
        "start_latest_year": 1912,
        "end_earliest_year": 1962,
        "end_latest_year": 1962,
        "start_confidence": "medium",
        "end_confidence": "medium",
        "confidence_group": "medium_high",
        "estimate_status": "provisional_not_verified_not_admitted",
        "mixed_subextent": false,
        "has_known_periods": true,
        "citation_review_warning": null,
        "continuous_operation_asserted": false,
        "whole_segment_uniform_lifespan_asserted": false,
        "source_ids": [
          "AUDIT-DC-NPS2005-DUPONT",
          "AUDIT-NPS2005-MET-EARLY",
          "AUDIT-WILDWOOD-TERMINAL-NPS2005",
          "DC-RECON-NPS2005-E19",
          "GAP-CONV-S07",
          "GAP-CONV-S08",
          "INF-SRC-MD-NPS-STREETCAR",
          "LATE-CONV-S07",
          "LATE-PH-S08",
          "LOOP-S07",
          "MD-EAST-S18",
          "MD-MONT-S02",
          "WB-S01",
          "date-source-aa82a23988ba1f53"
        ],
        "context_source_ids": [
          "CT-1947-GUIDE-BNF",
          "DC-LATE-MAP-S03"
        ],
        "basis_claim_ids": [
          "DC-TIME-DCLV-C15"
        ],
        "evidence_id": "segment-793201e26e2dc388",
        "start_estimated_date": null,
        "end_estimated_date": null,
        "start_precision": "year",
        "end_precision": "year",
        "verified_start_date": null,
        "verified_end_date": null,
        "passenger_use_existence": "supported_at_named_corridor_scope",
        "geometry_correspondence": "source_scoped_not_full_segment_proof",
        "uncertainty_reason_group": "ordinary_date_and_scope_uncertainty"
      },
      "geometry": {
        "coordinates": [
          [
            -77.01375344650286,
            38.91233474326507
          ],
          [
            -77.00875198880088,
            38.91059971533728
          ],
          [
            -76.9947197920762,
            38.90418518859614
          ]
        ],
        "type": "LineString"
      }
    },
    {
      "type": "Feature",
      "id": "segment-1e118c0f27e6f8f7",
      "properties": {
        "segment_id": "segment-1e118c0f27e6f8f7",
        "fid": 92,
        "name": "Michigan and Brookland approach east of North Capitol (DC portion)",
        "estimate_label": "North Capitol–Michigan branch",
        "atlas_area_id": "DC",
        "geometry_hash": "3294ae5203743f6cd944ac8ba4ada2f21a7b9dfb64bf5d63c8e730dde5429526",
        "estimate_id": "PSL-20261008-segment-1e118c0f27e6f8f7",
        "start_year": 1890,
        "end_year": 1958,
        "start_earliest_year": 1888,
        "start_latest_year": 1893,
        "end_earliest_year": 1958,
        "end_latest_year": 1958,
        "start_confidence": "medium",
        "end_confidence": "medium",
        "confidence_group": "medium_high",
        "estimate_status": "provisional_not_verified_not_admitted",
        "mixed_subextent": false,
        "has_known_periods": true,
        "citation_review_warning": null,
        "continuous_operation_asserted": false,
        "whole_segment_uniform_lifespan_asserted": false,
        "source_ids": [
          "AUDIT-DC-NPS2005-DUPONT",
          "AUDIT-NPS2005-MET-EARLY",
          "AUDIT-WILDWOOD-TERMINAL-NPS2005",
          "DC-RECON-NPS2005-E19",
          "G7-S-1955-INHERITED",
          "GAP-CONV-S07",
          "GAP-CONV-S08",
          "INF-SRC-MD-NPS-STREETCAR",
          "LATE-CONV-S04",
          "LATE-PH-S08",
          "LOOP-S07",
          "MD-EAST-S18",
          "MD-MONT-S02",
          "WB-S01",
          "date-source-9d66f86d24fa03bc",
          "date-source-d8569aec0d752768"
        ],
        "context_source_ids": [
          "DC-LATE-MAP-S03"
        ],
        "basis_claim_ids": [
          "DC-TIME-DCLV-C07"
        ],
        "evidence_id": "segment-1e118c0f27e6f8f7",
        "start_estimated_date": null,
        "end_estimated_date": null,
        "start_precision": "year",
        "end_precision": "year",
        "verified_start_date": null,
        "verified_end_date": null,
        "passenger_use_existence": "supported_at_named_corridor_scope",
        "geometry_correspondence": "source_scoped_not_full_segment_proof",
        "uncertainty_reason_group": "ordinary_date_and_scope_uncertainty"
      },
      "geometry": {
        "coordinates": [
          [
            -77.00916979995431,
            38.92608526025116
          ],
          [
            -77.00532149248878,
            38.92684281812755
          ],
          [
            -77.00468748795478,
            38.92819288105748
          ],
          [
            -77.00470175499494,
            38.92899329289055
          ],
          [
            -77.00120117193086,
            38.93072231847149
          ],
          [
            -76.99807239972519,
            38.932154038690996
          ],
          [
            -76.99111721478882,
            38.93210139669859
          ],
          [
            -76.9911438069858,
            38.9339913546493
          ]
        ],
        "type": "LineString"
      }
    },
    {
      "type": "Feature",
      "id": "segment-49aac55e81ef9197",
      "properties": {
        "segment_id": "segment-49aac55e81ef9197",
        "fid": 93,
        "name": "Eckington approach through R, Third and T to Fourth (DC portion)",
        "estimate_label": "Eckington Place R–Third–T–Fourth path",
        "atlas_area_id": "DC",
        "geometry_hash": "f68590b7794d8bcdc76feb6cd3d50bded4fade75ace816eb0f0f9f6a52126126",
        "estimate_id": "PSL-20261008-segment-49aac55e81ef9197",
        "start_year": 1888,
        "end_year": 1958,
        "start_earliest_year": 1888,
        "start_latest_year": 1891,
        "end_earliest_year": 1958,
        "end_latest_year": 1958,
        "start_confidence": "medium",
        "end_confidence": "medium",
        "confidence_group": "medium_high",
        "estimate_status": "provisional_not_verified_not_admitted",
        "mixed_subextent": false,
        "has_known_periods": true,
        "citation_review_warning": null,
        "continuous_operation_asserted": false,
        "whole_segment_uniform_lifespan_asserted": false,
        "source_ids": [
          "AUDIT-DC-NPS2005-DUPONT",
          "AUDIT-NPS2005-MET-EARLY",
          "AUDIT-WILDWOOD-TERMINAL-NPS2005",
          "DC-RECON-NPS2005-E19",
          "G7-S-1955-INHERITED",
          "GAP-CONV-S08",
          "INF-SRC-MD-NPS-STREETCAR",
          "LATE-CONV-S04",
          "LATE-PH-S08",
          "LOOP-S07",
          "MD-EAST-S18",
          "MD-MONT-S02",
          "WB-S01",
          "date-source-9d66f86d24fa03bc",
          "date-source-d8569aec0d752768"
        ],
        "context_source_ids": [
          "CORE-S03",
          "DC-LATE-MAP-S03",
          "GAR1892-LOC"
        ],
        "basis_claim_ids": [
          "DC-TIME-DCLV-C08"
        ],
        "evidence_id": "segment-49aac55e81ef9197",
        "start_estimated_date": null,
        "end_estimated_date": null,
        "start_precision": "year",
        "end_precision": "year",
        "verified_start_date": null,
        "verified_end_date": null,
        "passenger_use_existence": "supported_at_named_corridor_scope",
        "geometry_correspondence": "source_scoped_not_full_segment_proof",
        "uncertainty_reason_group": "ordinary_date_and_scope_uncertainty"
      },
      "geometry": {
        "coordinates": [
          [
            -77.00867501057498,
            38.90696094993737
          ],
          [
            -77.0053880544584,
            38.90815622775101
          ],
          [
            -77.00407133901315,
            38.91216385927602
          ],
          [
            -77.00211246520213,
            38.912175051422246
          ],
          [
            -77.00218098500885,
            38.91511213802549
          ],
          [
            -77.00026451605865,
            38.91512235232706
          ]
        ],
        "type": "LineString"
      }
    },
    {
      "type": "Feature",
      "id": "segment-9fee4a79147b3404",
      "properties": {
        "segment_id": "segment-9fee4a79147b3404",
        "fid": 94,
        "name": "Fourth Street T-to-Rhode Island (DC portion)",
        "estimate_label": "Eckington Place R–Third–T–Fourth path",
        "atlas_area_id": "DC",
        "geometry_hash": "116441ecb479548a4322fce6bbb3fe70dda8a36df4d562ae99fcf6d37960f550",
        "estimate_id": "PSL-20261008-segment-9fee4a79147b3404",
        "start_year": 1888,
        "end_year": 1958,
        "start_earliest_year": 1888,
        "start_latest_year": 1891,
        "end_earliest_year": 1958,
        "end_latest_year": 1958,
        "start_confidence": "medium",
        "end_confidence": "medium",
        "confidence_group": "medium_high",
        "estimate_status": "provisional_not_verified_not_admitted",
        "mixed_subextent": false,
        "has_known_periods": true,
        "citation_review_warning": null,
        "continuous_operation_asserted": false,
        "whole_segment_uniform_lifespan_asserted": false,
        "source_ids": [
          "AUDIT-DC-NPS2005-DUPONT",
          "AUDIT-NPS2005-MET-EARLY",
          "AUDIT-WILDWOOD-TERMINAL-NPS2005",
          "DC-RECON-NPS2005-E19",
          "G7-S-1955-INHERITED",
          "GAP-CONV-S08",
          "INF-SRC-MD-NPS-STREETCAR",
          "LATE-CONV-S04",
          "LATE-PH-S08",
          "LOOP-S07",
          "MD-EAST-S18",
          "MD-MONT-S02",
          "WB-S01",
          "date-source-9d66f86d24fa03bc",
          "date-source-d8569aec0d752768"
        ],
        "context_source_ids": [
          "CORE-S03",
          "DC-LATE-MAP-S03",
          "GAR1892-LOC"
        ],
        "basis_claim_ids": [
          "DC-TIME-DCLV-C08"
        ],
        "evidence_id": "segment-9fee4a79147b3404",
        "start_estimated_date": null,
        "end_estimated_date": null,
        "start_precision": "year",
        "end_precision": "year",
        "verified_start_date": null,
        "verified_end_date": null,
        "passenger_use_existence": "supported_at_named_corridor_scope",
        "geometry_correspondence": "source_scoped_not_full_segment_proof",
        "uncertainty_reason_group": "ordinary_date_and_scope_uncertainty"
      },
      "geometry": {
        "coordinates": [
          [
            -77.00026451605865,
            38.91512235232706
          ],
          [
            -77.000569,
            38.919761
          ]
        ],
        "type": "LineString"
      }
    },
    {
      "type": "Feature",
      "id": "segment-3260057035cb6fcc",
      "properties": {
        "segment_id": "segment-3260057035cb6fcc",
        "fid": 95,
        "name": "Whole retained carrier; geographic association only, not proof of complete service traversal. (DC portion)",
        "estimate_label": "Fourth NE north and Michigan connection",
        "atlas_area_id": "DC",
        "geometry_hash": "49e8f99e96c9b2cc14613ba655ecb198fa510a7403ef4f793a5b5e3e4a2631ae",
        "estimate_id": "PSL-20261008-segment-3260057035cb6fcc",
        "start_year": 1890,
        "end_year": 1929,
        "start_earliest_year": 1888,
        "start_latest_year": 1893,
        "end_earliest_year": 1924,
        "end_latest_year": 1930,
        "start_confidence": "low",
        "end_confidence": "low",
        "confidence_group": "low",
        "estimate_status": "provisional_not_verified_not_admitted",
        "mixed_subextent": false,
        "has_known_periods": false,
        "citation_review_warning": null,
        "continuous_operation_asserted": false,
        "whole_segment_uniform_lifespan_asserted": false,
        "source_ids": [
          "AUDIT-DC-NPS2005-DUPONT",
          "AUDIT-NPS2005-MET-EARLY",
          "AUDIT-WILDWOOD-TERMINAL-NPS2005",
          "DC-RECON-NPS2005-E19",
          "GAP-CONV-S07",
          "GAP-CONV-S08",
          "INF-SRC-MD-NPS-STREETCAR",
          "LATE-PH-S08",
          "LOOP-S07",
          "MD-EAST-S18",
          "MD-MONT-S02",
          "WB-S01"
        ],
        "context_source_ids": [
          "CORE-S03",
          "GAR1892-LOC"
        ],
        "basis_claim_ids": [],
        "evidence_id": "segment-3260057035cb6fcc",
        "start_estimated_date": null,
        "end_estimated_date": null,
        "start_precision": "year",
        "end_precision": "year",
        "verified_start_date": null,
        "verified_end_date": null,
        "passenger_use_existence": "supported_at_named_corridor_scope",
        "geometry_correspondence": "source_scoped_not_full_segment_proof",
        "uncertainty_reason_group": "ordinary_date_and_scope_uncertainty"
      },
      "geometry": {
        "coordinates": [
          [
            -77.000569,
            38.919761
          ],
          [
            -77.00080197977266,
            38.926761893046255
          ],
          [
            -77.0008718614553,
            38.930723859304344
          ]
        ],
        "type": "LineString"
      }
    },
    {
      "type": "Feature",
      "id": "segment-45ef8836dcc87560",
      "properties": {
        "segment_id": "segment-45ef8836dcc87560",
        "fid": 96,
        "name": "Whole retained carrier; geographic association only, not proof of complete service traversal. (DC portion)",
        "estimate_label": "Fourth NE north and Michigan connection junction infill",
        "atlas_area_id": "DC",
        "geometry_hash": "c358d8b163664457fa5aec4860f02434e8ed637fc7fbd1c93808873c9dd942ab",
        "estimate_id": "PSL-20261008-segment-45ef8836dcc87560",
        "start_year": 1890,
        "end_year": 1929,
        "start_earliest_year": 1888,
        "start_latest_year": 1893,
        "end_earliest_year": 1924,
        "end_latest_year": 1930,
        "start_confidence": "low",
        "end_confidence": "low",
        "confidence_group": "low",
        "estimate_status": "provisional_not_verified_not_admitted",
        "mixed_subextent": false,
        "has_known_periods": false,
        "citation_review_warning": null,
        "continuous_operation_asserted": false,
        "whole_segment_uniform_lifespan_asserted": false,
        "source_ids": [
          "AUDIT-DC-NPS2005-DUPONT",
          "AUDIT-NPS2005-MET-EARLY",
          "AUDIT-WILDWOOD-TERMINAL-NPS2005",
          "DC-RECON-NPS2005-E19",
          "GAP-CONV-S07",
          "GAP-CONV-S08",
          "INF-SRC-MD-NPS-STREETCAR",
          "LATE-PH-S08",
          "LOOP-S07",
          "MD-EAST-S18",
          "MD-MONT-S02",
          "WB-S01"
        ],
        "context_source_ids": [],
        "basis_claim_ids": [],
        "evidence_id": "segment-45ef8836dcc87560",
        "start_estimated_date": null,
        "end_estimated_date": null,
        "start_precision": "year",
        "end_precision": "year",
        "verified_start_date": null,
        "verified_end_date": null,
        "passenger_use_existence": "inferred_from_corridor_history",
        "geometry_correspondence": "corridor_correspondence_requires_review",
        "uncertainty_reason_group": "ordinary_date_and_scope_uncertainty"
      },
      "geometry": {
        "coordinates": [
          [
            -77.0008718614553,
            38.930723859304344
          ],
          [
            -77.00095515289742,
            38.93083490137208
          ]
        ],
        "type": "LineString"
      }
    },
    {
      "type": "Feature",
      "id": "segment-7d6ef3bfa876b64f",
      "properties": {
        "segment_id": "segment-7d6ef3bfa876b64f",
        "fid": 97,
        "name": "Whole retained carrier; geographic association only, not proof of complete service traversal. (DC portion)",
        "estimate_label": "New Jersey Avenue Florida approach",
        "atlas_area_id": "DC",
        "geometry_hash": "eb2b5f1830d6768cba6266801ee806d96d5192896139f388be6228c854920485",
        "estimate_id": "PSL-20261008-segment-7d6ef3bfa876b64f",
        "start_year": 1908,
        "end_year": 1962,
        "start_earliest_year": 1907,
        "start_latest_year": 1909,
        "end_earliest_year": 1962,
        "end_latest_year": 1962,
        "start_confidence": "medium",
        "end_confidence": "medium",
        "confidence_group": "medium_high",
        "estimate_status": "provisional_not_verified_not_admitted",
        "mixed_subextent": false,
        "has_known_periods": true,
        "citation_review_warning": null,
        "continuous_operation_asserted": false,
        "whole_segment_uniform_lifespan_asserted": false,
        "source_ids": [
          "AUDIT-DC-NPS2005-DUPONT",
          "AUDIT-NPS2005-MET-EARLY",
          "AUDIT-WILDWOOD-TERMINAL-NPS2005",
          "DC-RECON-NPS2005-E19",
          "GAP-CONV-S07",
          "GAP-CONV-S08",
          "INF-SRC-MD-NPS-STREETCAR",
          "LATE-CONV-S07",
          "LATE-PH-S08",
          "LOOP-S07",
          "MD-EAST-S18",
          "MD-MONT-S02",
          "WB-S01",
          "date-source-aa82a23988ba1f53"
        ],
        "context_source_ids": [
          "CT-1947-GUIDE-BNF",
          "DC-LATE-MAP-S03"
        ],
        "basis_claim_ids": [
          "DC-TIME-DCLV-C15"
        ],
        "evidence_id": "segment-7d6ef3bfa876b64f",
        "start_estimated_date": null,
        "end_estimated_date": null,
        "start_precision": "year",
        "end_precision": "year",
        "verified_start_date": null,
        "verified_end_date": null,
        "passenger_use_existence": "supported_at_named_corridor_scope",
        "geometry_correspondence": "source_scoped_not_full_segment_proof",
        "uncertainty_reason_group": "ordinary_date_and_scope_uncertainty"
      },
      "geometry": {
        "coordinates": [
          [
            -77.01785302430798,
            38.9139340080469
          ],
          [
            -77.016154,
            38.909247
          ],
          [
            -77.014786,
            38.905370500000004
          ]
        ],
        "type": "LineString"
      }
    },
    {
      "type": "Feature",
      "id": "segment-d72a4a24dcd5db98",
      "properties": {
        "segment_id": "segment-d72a4a24dcd5db98",
        "fid": 98,
        "name": "Southern land approach, excluding separate DC terminal remainder (DC portion)",
        "estimate_label": "Washington-Alexandria-Mount Vernon southern approach and DC terminal remainders",
        "atlas_area_id": "DC",
        "geometry_hash": "08483dee3c9b23a7d900e0415a96b173f531db4364d2dd3727927e3ffb58dd25",
        "estimate_id": "PSL-20261008-segment-d72a4a24dcd5db98",
        "start_year": 1896,
        "end_year": 1932,
        "start_earliest_year": 1896,
        "start_latest_year": 1906,
        "end_earliest_year": 1932,
        "end_latest_year": 1932,
        "start_confidence": "low",
        "end_confidence": "medium",
        "confidence_group": "low",
        "estimate_status": "provisional_not_verified_not_admitted",
        "mixed_subextent": false,
        "has_known_periods": false,
        "citation_review_warning": null,
        "continuous_operation_asserted": false,
        "whole_segment_uniform_lifespan_asserted": false,
        "source_ids": [
          "ALEX-CITY-ELECTRIC",
          "ALEX-CITY-ELECTRIC-2021"
        ],
        "context_source_ids": [],
        "basis_claim_ids": [],
        "evidence_id": "segment-d72a4a24dcd5db98",
        "start_estimated_date": null,
        "end_estimated_date": null,
        "start_precision": "year",
        "end_precision": "year",
        "verified_start_date": null,
        "verified_end_date": null,
        "passenger_use_existence": "inferred_from_corridor_history",
        "geometry_correspondence": "corridor_correspondence_requires_review",
        "uncertainty_reason_group": "date_or_course_attribution_only"
      },
      "geometry": {
        "coordinates": [
          [
            -77.03867099046839,
            38.87845233765569
          ],
          [
            -77.03888433114845,
            38.87854653718304
          ],
          [
            -77.03851277366584,
            38.878730519012464
          ],
          [
            -77.0379130744192,
            38.87873410481966
          ],
          [
            -77.03694645133749,
            38.87855774860327
          ],
          [
            -77.03620773683936,
            38.878561581278575
          ],
          [
            -77.03560441388596,
            38.878782761998835
          ],
          [
            -77.0349502095526,
            38.87933141411479
          ],
          [
            -77.03401023601648,
            38.880426691283375
          ],
          [
            -77.03306725802457,
            38.88159415941792
          ],
          [
            -77.03212106804702,
            38.88279715227721
          ],
          [
            -77.0318779317032,
            38.88341568036381
          ],
          [
            -77.03165244382872,
            38.886482152236084
          ],
          [
            -77.03160308630363,
            38.88715335394125
          ]
        ],
        "type": "LineString"
      }
    },
    {
      "type": "Feature",
      "id": "segment-6ec8b73fe3970d49",
      "properties": {
        "segment_id": "segment-6ec8b73fe3970d49",
        "fid": 99,
        "name": "Separate B/Thirteen-and-a-half/D/Twelfth/C terminal remainder (DC portion)",
        "estimate_label": "Washington-Alexandria-Mount Vernon southern approach and DC terminal remainders",
        "atlas_area_id": "DC",
        "geometry_hash": "96db8f74fff5aa9cd15ca6bd5f753944fe5ef32999044c01150a2fa604069379",
        "estimate_id": "PSL-20261008-segment-6ec8b73fe3970d49",
        "start_year": 1896,
        "end_year": 1932,
        "start_earliest_year": 1896,
        "start_latest_year": 1906,
        "end_earliest_year": 1932,
        "end_latest_year": 1932,
        "start_confidence": "low",
        "end_confidence": "medium",
        "confidence_group": "low",
        "estimate_status": "provisional_not_verified_not_admitted",
        "mixed_subextent": false,
        "has_known_periods": false,
        "citation_review_warning": null,
        "continuous_operation_asserted": false,
        "whole_segment_uniform_lifespan_asserted": false,
        "source_ids": [
          "ALEX-CITY-ELECTRIC",
          "ALEX-CITY-ELECTRIC-2021"
        ],
        "context_source_ids": [],
        "basis_claim_ids": [],
        "evidence_id": "segment-6ec8b73fe3970d49",
        "start_estimated_date": null,
        "end_estimated_date": null,
        "start_precision": "year",
        "end_precision": "year",
        "verified_start_date": null,
        "verified_end_date": null,
        "passenger_use_existence": "inferred_from_corridor_history",
        "geometry_correspondence": "corridor_correspondence_requires_review",
        "uncertainty_reason_group": "date_or_course_attribution_only"
      },
      "geometry": {
        "coordinates": [
          [
            -77.03142172448982,
            38.891740083848525
          ],
          [
            -77.03054551118683,
            38.89173992950532
          ],
          [
            -77.03048948809143,
            38.8929664077145
          ]
        ],
        "type": "LineString"
      }
    },
    {
      "type": "Feature",
      "id": "segment-1a4dc88a07a7e239",
      "properties": {
        "segment_id": "segment-1a4dc88a07a7e239",
        "fid": 100,
        "name": "Separate B/Thirteen-and-a-half/D/Twelfth/C terminal remainder (DC portion)",
        "estimate_label": "Washington-Alexandria-Mount Vernon southern approach and DC terminal remainders",
        "atlas_area_id": "DC",
        "geometry_hash": "4da744c38e2450d33fcdda065074eb537e30d3e85021dad89373282e4fc17200",
        "estimate_id": "PSL-20261008-segment-1a4dc88a07a7e239",
        "start_year": 1896,
        "end_year": 1932,
        "start_earliest_year": 1896,
        "start_latest_year": 1906,
        "end_earliest_year": 1932,
        "end_latest_year": 1932,
        "start_confidence": "low",
        "end_confidence": "medium",
        "confidence_group": "low",
        "estimate_status": "provisional_not_verified_not_admitted",
        "mixed_subextent": false,
        "has_known_periods": false,
        "citation_review_warning": null,
        "continuous_operation_asserted": false,
        "whole_segment_uniform_lifespan_asserted": false,
        "source_ids": [
          "ALEX-CITY-ELECTRIC",
          "ALEX-CITY-ELECTRIC-2021"
        ],
        "context_source_ids": [],
        "basis_claim_ids": [],
        "evidence_id": "segment-1a4dc88a07a7e239",
        "start_estimated_date": null,
        "end_estimated_date": null,
        "start_precision": "year",
        "end_precision": "year",
        "verified_start_date": null,
        "verified_end_date": null,
        "passenger_use_existence": "inferred_from_corridor_history",
        "geometry_correspondence": "corridor_correspondence_requires_review",
        "uncertainty_reason_group": "date_or_course_attribution_only"
      },
      "geometry": {
        "coordinates": [
          [
            -77.03048948809143,
            38.8929664077145
          ],
          [
            -77.03043382894575,
            38.89418491820262
          ],
          [
            -77.02740975971417,
            38.894198124969286
          ],
          [
            -77.02745602429486,
            38.892974190208385
          ],
          [
            -77.03048948809143,
            38.8929664077145
          ]
        ],
        "type": "LineString"
      }
    },
    {
      "type": "Feature",
      "id": "segment-fad2317f3d577a55",
      "properties": {
        "segment_id": "segment-fad2317f3d577a55",
        "fid": 101,
        "name": "Separate B/Thirteen-and-a-half/D/Twelfth/C terminal remainder (DC portion)",
        "estimate_label": "Washington-Alexandria-Mount Vernon southern approach and DC terminal remainders",
        "atlas_area_id": "DC",
        "geometry_hash": "b93fd11b75af6bd52ff7dcfd6d66f983b88994608530586e247e8a52ed2268b1",
        "estimate_id": "PSL-20261008-segment-fad2317f3d577a55",
        "start_year": 1896,
        "end_year": 1932,
        "start_earliest_year": 1896,
        "start_latest_year": 1906,
        "end_earliest_year": 1932,
        "end_latest_year": 1932,
        "start_confidence": "low",
        "end_confidence": "medium",
        "confidence_group": "low",
        "estimate_status": "provisional_not_verified_not_admitted",
        "mixed_subextent": false,
        "has_known_periods": false,
        "citation_review_warning": null,
        "continuous_operation_asserted": false,
        "whole_segment_uniform_lifespan_asserted": false,
        "source_ids": [
          "ALEX-CITY-ELECTRIC",
          "ALEX-CITY-ELECTRIC-2021"
        ],
        "context_source_ids": [],
        "basis_claim_ids": [],
        "evidence_id": "segment-fad2317f3d577a55",
        "start_estimated_date": null,
        "end_estimated_date": null,
        "start_precision": "year",
        "end_precision": "year",
        "verified_start_date": null,
        "verified_end_date": null,
        "passenger_use_existence": "inferred_from_corridor_history",
        "geometry_correspondence": "corridor_correspondence_requires_review",
        "uncertainty_reason_group": "date_or_course_attribution_only"
      },
      "geometry": {
        "coordinates": [
          [
            -77.03048948809143,
            38.8929664077145
          ],
          [
            -77.03137332285397,
            38.8929641401949
          ]
        ],
        "type": "LineString"
      }
    },
    {
      "type": "Feature",
      "id": "segment-c78be04d3dbb2477",
      "properties": {
        "segment_id": "segment-c78be04d3dbb2477",
        "fid": 102,
        "name": "Whole retained carrier; geographic association only, not proof of complete service traversal. (DC portion)",
        "estimate_label": "Takoma Butternut branch",
        "atlas_area_id": "DC",
        "geometry_hash": "8e35f8de729a40983dddc5183dddc98bca16ecd5d82aadbada9b964928a766cf",
        "estimate_id": "PSL-20261008-segment-c78be04d3dbb2477",
        "start_year": 1892,
        "end_year": 1960,
        "start_earliest_year": 1891,
        "start_latest_year": 1893,
        "end_earliest_year": 1960,
        "end_latest_year": 1960,
        "start_confidence": "medium",
        "end_confidence": "medium",
        "confidence_group": "medium_high",
        "estimate_status": "provisional_not_verified_not_admitted",
        "mixed_subextent": false,
        "has_known_periods": true,
        "citation_review_warning": null,
        "continuous_operation_asserted": false,
        "whole_segment_uniform_lifespan_asserted": false,
        "source_ids": [
          "G7-S-1955-INHERITED",
          "GAP-CONV-S07",
          "LATE-CONV-S04",
          "date-source-9d66f86d24fa03bc",
          "date-source-d8569aec0d752768"
        ],
        "context_source_ids": [
          "G7-S-1947"
        ],
        "basis_claim_ids": [
          "DC-TIME-DCLV-C09"
        ],
        "evidence_id": "segment-c78be04d3dbb2477",
        "start_estimated_date": null,
        "end_estimated_date": null,
        "start_precision": "year",
        "end_precision": "year",
        "verified_start_date": null,
        "verified_end_date": null,
        "passenger_use_existence": "supported_at_named_corridor_scope",
        "geometry_correspondence": "source_scoped_not_full_segment_proof",
        "uncertainty_reason_group": "ordinary_date_and_scope_uncertainty"
      },
      "geometry": {
        "coordinates": [
          [
            -77.02703368501265,
            38.97309113126386
          ],
          [
            -77.01823589161071,
            38.97300806749086
          ],
          [
            -77.0180992573368,
            38.974033508300145
          ]
        ],
        "type": "LineString"
      }
    },
    {
      "type": "Feature",
      "id": "segment-3301b47971a2aab5",
      "properties": {
        "segment_id": "segment-3301b47971a2aab5",
        "fid": 103,
        "name": "Whole retained carrier; geographic association only, not proof of complete service traversal. (DC portion)",
        "estimate_label": "Kennedy Third Aspen street railway",
        "atlas_area_id": "DC",
        "geometry_hash": "a2f86427089030a63d026bde52b3646a584a6a68923a3912aaa1a988d83b55a2",
        "estimate_id": "PSL-20261008-segment-3301b47971a2aab5",
        "start_year": 1910,
        "end_year": 1936,
        "start_earliest_year": 1910,
        "start_latest_year": 1914,
        "end_earliest_year": 1935,
        "end_latest_year": 1936,
        "start_confidence": "medium",
        "end_confidence": "medium",
        "confidence_group": "medium_high",
        "estimate_status": "provisional_not_verified_not_admitted",
        "mixed_subextent": false,
        "has_known_periods": true,
        "citation_review_warning": null,
        "continuous_operation_asserted": false,
        "whole_segment_uniform_lifespan_asserted": false,
        "source_ids": [
          "GAP-CONV-S07",
          "GAP-SRC-ELLENBERGER1974",
          "MD-MONT-S01",
          "MD-MONT-S07"
        ],
        "context_source_ids": [
          "BR-S001"
        ],
        "basis_claim_ids": [
          "TA-MD-MD-MONT-C19",
          "TA-MD-MD-MONT-C20-restart",
          "TA-MD-NEW-TAKOMA-REOPENING-1914"
        ],
        "evidence_id": "segment-3301b47971a2aab5",
        "start_estimated_date": null,
        "end_estimated_date": null,
        "start_precision": "year",
        "end_precision": "year",
        "verified_start_date": null,
        "verified_end_date": null,
        "passenger_use_existence": "supported_at_named_corridor_scope",
        "geometry_correspondence": "source_scoped_not_full_segment_proof",
        "uncertainty_reason_group": "date_or_course_attribution_only"
      },
      "geometry": {
        "coordinates": [
          [
            -77.03373316516567,
            38.955725348331406
          ],
          [
            -77.02861864668292,
            38.95575625291818
          ],
          [
            -77.02256294687417,
            38.955862941167446
          ],
          [
            -77.01617557477616,
            38.956051364686935
          ],
          [
            -77.01623917234684,
            38.96797081836506
          ],
          [
            -77.0163465453779,
            38.97097749045687
          ]
        ],
        "type": "LineString"
      }
    },
    {
      "type": "Feature",
      "id": "segment-112fce20317e4f20",
      "properties": {
        "segment_id": "segment-112fce20317e4f20",
        "fid": 104,
        "name": "Whole retained carrier; geographic association only, not proof of complete service traversal. (DC portion)",
        "estimate_label": "Aspen and Fourth physical link estimate",
        "atlas_area_id": "DC",
        "geometry_hash": "168638429c10c235a03bec51b6f4fd54d555debbc7bae6102f07ec49f4f1861e",
        "estimate_id": "PSL-20261008-segment-112fce20317e4f20",
        "start_year": 1897,
        "end_year": 1936,
        "start_earliest_year": 1897,
        "start_latest_year": 1910,
        "end_earliest_year": 1935,
        "end_latest_year": 1936,
        "start_confidence": "medium",
        "end_confidence": "medium",
        "confidence_group": "medium_high",
        "estimate_status": "provisional_not_verified_not_admitted",
        "mixed_subextent": false,
        "has_known_periods": true,
        "citation_review_warning": null,
        "continuous_operation_asserted": false,
        "whole_segment_uniform_lifespan_asserted": false,
        "source_ids": [
          "GAP-CONV-S07",
          "GAP-SRC-ELLENBERGER1974",
          "MD-MONT-S01",
          "MD-MONT-S07"
        ],
        "context_source_ids": [],
        "basis_claim_ids": [
          "TA-MD-MD-MONT-C19",
          "TA-MD-MD-MONT-C20-restart",
          "TA-MD-NEW-TAKOMA-REOPENING-1914"
        ],
        "evidence_id": "segment-112fce20317e4f20",
        "start_estimated_date": null,
        "end_estimated_date": null,
        "start_precision": "year",
        "end_precision": "year",
        "verified_start_date": null,
        "verified_end_date": null,
        "passenger_use_existence": "corridor_passenger_use_supported_specific_drawing_unresolved",
        "geometry_correspondence": "hypothetical_or_unregistered_specific_geometry",
        "uncertainty_reason_group": "specific_geometry_correspondence"
      },
      "geometry": {
        "coordinates": [
          [
            -77.0163465453779,
            38.97097749045687
          ],
          [
            -77.016151,
            38.971274
          ],
          [
            -77.01615,
            38.971693
          ],
          [
            -77.01616,
            38.972344
          ],
          [
            -77.016418,
            38.972347
          ],
          [
            -77.01668,
            38.972344
          ],
          [
            -77.018029,
            38.972346
          ],
          [
            -77.018027,
            38.972755
          ],
          [
            -77.01823589161071,
            38.97300806749086
          ]
        ],
        "type": "LineString"
      }
    },
    {
      "type": "Feature",
      "id": "segment-c391c1ed0458c2e2",
      "properties": {
        "segment_id": "segment-c391c1ed0458c2e2",
        "fid": 105,
        "name": "Whole retained carrier; geographic association only, not proof of complete service traversal. (DC portion)",
        "estimate_label": "Connecticut Chevy Chase Circle south",
        "atlas_area_id": "DC",
        "geometry_hash": "b199e69cb2d64f2f58d3919c0e9d10a2dc450c07ad47c9a817044377ca33c46f",
        "estimate_id": "PSL-20261008-segment-c391c1ed0458c2e2",
        "start_year": 1892,
        "end_year": 1935,
        "start_earliest_year": 1892,
        "start_latest_year": 1893,
        "end_earliest_year": 1935,
        "end_latest_year": 1935,
        "start_confidence": "medium",
        "end_confidence": "medium",
        "confidence_group": "medium_high",
        "estimate_status": "provisional_not_verified_not_admitted",
        "mixed_subextent": false,
        "has_known_periods": false,
        "citation_review_warning": null,
        "continuous_operation_asserted": false,
        "whole_segment_uniform_lifespan_asserted": false,
        "source_ids": [
          "AUDIT-DC-NPS2005-DUPONT",
          "AUDIT-NPS2005-MET-EARLY",
          "AUDIT-PUC1935-P35",
          "AUDIT-WILDWOOD-TERMINAL-NPS2005",
          "DC-RECON-NPS2005-E19",
          "GAP-CONV-S08",
          "GDR-SRC-PUC1935",
          "INF-SRC-MD-NPS-STREETCAR",
          "LATE-CONV-S01",
          "LATE-PH-S08",
          "LATE-PH-S11",
          "LOOP-S07",
          "MD-EAST-S18",
          "MD-MONT-S02",
          "WB-S01"
        ],
        "context_source_ids": [
          "CORE-S05"
        ],
        "basis_claim_ids": [
          "TA-MD-MD-MONT-C01",
          "DC-TIME-DCLV-C06"
        ],
        "evidence_id": "segment-c391c1ed0458c2e2",
        "start_estimated_date": null,
        "end_estimated_date": null,
        "start_precision": "year",
        "end_precision": "year",
        "verified_start_date": null,
        "verified_end_date": null,
        "passenger_use_existence": "supported_at_named_corridor_scope",
        "geometry_correspondence": "source_scoped_not_full_segment_proof",
        "uncertainty_reason_group": "ordinary_date_and_scope_uncertainty"
      },
      "geometry": {
        "coordinates": [
          [
            -77.0774498466001,
            38.967279308966326
          ],
          [
            -77.07353620458574,
            38.960244296543316
          ],
          [
            -77.06615693683341,
            38.9477297066176
          ],
          [
            -77.0641508928813,
            38.944422537669915
          ]
        ],
        "type": "LineString"
      }
    },
    {
      "type": "Feature",
      "id": "segment-4ad5f1828456c33a",
      "properties": {
        "segment_id": "segment-4ad5f1828456c33a",
        "fid": 106,
        "name": "Whole retained carrier; geographic association only, not proof of complete service traversal. (MONT portion)",
        "estimate_label": "Connecticut Chevy Chase Circle south",
        "atlas_area_id": "MONT",
        "geometry_hash": "a94ebb02bdd4fff8abef4fe679735adcab6d94a967ac27c0820b228291673def",
        "estimate_id": "PSL-20261008-segment-4ad5f1828456c33a",
        "start_year": 1892,
        "end_year": 1935,
        "start_earliest_year": 1892,
        "start_latest_year": 1893,
        "end_earliest_year": 1935,
        "end_latest_year": 1935,
        "start_confidence": "medium",
        "end_confidence": "medium",
        "confidence_group": "medium_high",
        "estimate_status": "provisional_not_verified_not_admitted",
        "mixed_subextent": false,
        "has_known_periods": false,
        "citation_review_warning": null,
        "continuous_operation_asserted": false,
        "whole_segment_uniform_lifespan_asserted": false,
        "source_ids": [
          "AUDIT-DC-NPS2005-DUPONT",
          "AUDIT-NPS2005-MET-EARLY",
          "AUDIT-PUC1935-P35",
          "AUDIT-WILDWOOD-TERMINAL-NPS2005",
          "DC-RECON-NPS2005-E19",
          "GAP-CONV-S08",
          "GDR-SRC-PUC1935",
          "INF-SRC-MD-NPS-STREETCAR",
          "LATE-CONV-S01",
          "LATE-PH-S08",
          "LATE-PH-S11",
          "LOOP-S07",
          "MD-EAST-S18",
          "MD-MONT-S02",
          "WB-S01"
        ],
        "context_source_ids": [
          "CORE-S05"
        ],
        "basis_claim_ids": [
          "TA-MD-MD-MONT-C01",
          "DC-TIME-DCLV-C06"
        ],
        "evidence_id": "segment-4ad5f1828456c33a",
        "start_estimated_date": null,
        "end_estimated_date": null,
        "start_precision": "year",
        "end_precision": "year",
        "verified_start_date": null,
        "verified_end_date": null,
        "passenger_use_existence": "supported_at_named_corridor_scope",
        "geometry_correspondence": "source_scoped_not_full_segment_proof",
        "uncertainty_reason_group": "ordinary_date_and_scope_uncertainty"
      },
      "geometry": {
        "coordinates": [
          [
            -77.07772220881321,
            38.96776889680952
          ],
          [
            -77.0774498466001,
            38.967279308966326
          ]
        ],
        "type": "LineString"
      }
    },
    {
      "type": "Feature",
      "id": "segment-fcda4dabdb533d62",
      "properties": {
        "segment_id": "segment-fcda4dabdb533d62",
        "fid": 107,
        "name": "Whole retained carrier; geographic association only, not proof of complete service traversal. (DC portion)",
        "estimate_label": "Connecticut Cleveland Park to old Calvert bridge",
        "atlas_area_id": "DC",
        "geometry_hash": "449917dd2aa58faa015f7e546f5a384dcbe17611adaea0f22e098d1508aee1a9",
        "estimate_id": "PSL-20261008-segment-fcda4dabdb533d62",
        "start_year": 1892,
        "end_year": 1935,
        "start_earliest_year": 1892,
        "start_latest_year": 1893,
        "end_earliest_year": 1935,
        "end_latest_year": 1935,
        "start_confidence": "medium",
        "end_confidence": "medium",
        "confidence_group": "medium_high",
        "estimate_status": "provisional_not_verified_not_admitted",
        "mixed_subextent": false,
        "has_known_periods": false,
        "citation_review_warning": null,
        "continuous_operation_asserted": false,
        "whole_segment_uniform_lifespan_asserted": false,
        "source_ids": [
          "AUDIT-DC-NPS2005-DUPONT",
          "AUDIT-NPS2005-MET-EARLY",
          "AUDIT-PUC1935-P35",
          "AUDIT-WILDWOOD-TERMINAL-NPS2005",
          "DC-RECON-NPS2005-E19",
          "GAP-CONV-S08",
          "GDR-SRC-PUC1935",
          "INF-SRC-MD-NPS-STREETCAR",
          "LATE-CONV-S01",
          "LATE-PH-S08",
          "LATE-PH-S11",
          "LOOP-S07",
          "MD-EAST-S18",
          "MD-MONT-S02",
          "WB-S01"
        ],
        "context_source_ids": [
          "CORE-S05"
        ],
        "basis_claim_ids": [
          "TA-MD-MD-MONT-C01",
          "DC-TIME-DCLV-C06"
        ],
        "evidence_id": "segment-fcda4dabdb533d62",
        "start_estimated_date": null,
        "end_estimated_date": null,
        "start_precision": "year",
        "end_precision": "year",
        "verified_start_date": null,
        "verified_end_date": null,
        "passenger_use_existence": "supported_at_named_corridor_scope",
        "geometry_correspondence": "source_scoped_not_full_segment_proof",
        "uncertainty_reason_group": "ordinary_date_and_scope_uncertainty"
      },
      "geometry": {
        "coordinates": [
          [
            -77.0641508928813,
            38.944422537669915
          ],
          [
            -77.0608929015472,
            38.938272024658794
          ],
          [
            -77.05824516825422,
            38.93400049772308
          ],
          [
            -77.05585233311957,
            38.92922134631521
          ],
          [
            -77.05422061515206,
            38.926463011829725
          ],
          [
            -77.05171558837355,
            38.92281812807573
          ],
          [
            -77.05116308953578,
            38.922851874212064
          ]
        ],
        "type": "LineString"
      }
    },
    {
      "type": "Feature",
      "id": "segment-68737b889561ba53",
      "properties": {
        "segment_id": "segment-68737b889561ba53",
        "fid": 108,
        "name": "Whole retained carrier; geographic association only, not proof of complete service traversal. (DC portion)",
        "estimate_label": "Rhode Island Avenue branch to District line",
        "atlas_area_id": "DC",
        "geometry_hash": "0b76a7d3ad56990d9cc828b10b0b829e53eeca1fa046e65e119dcf08ae0fbafc",
        "estimate_id": "PSL-20261008-segment-68737b889561ba53",
        "start_year": 1897,
        "end_year": 1958,
        "start_earliest_year": 1897,
        "start_latest_year": 1898,
        "end_earliest_year": 1958,
        "end_latest_year": 1958,
        "start_confidence": "medium",
        "end_confidence": "medium",
        "confidence_group": "medium_high",
        "estimate_status": "provisional_not_verified_not_admitted",
        "mixed_subextent": false,
        "has_known_periods": true,
        "citation_review_warning": null,
        "continuous_operation_asserted": false,
        "whole_segment_uniform_lifespan_asserted": false,
        "source_ids": [
          "G7-S-1955-INHERITED",
          "GAP-CONV-S07",
          "LATE-CONV-S04",
          "MD-EAST-S31",
          "date-source-9d66f86d24fa03bc",
          "date-source-d8569aec0d752768"
        ],
        "context_source_ids": [
          "DC-LATE-MAP-S03"
        ],
        "basis_claim_ids": [
          "TA-MD-MD-EAST-C39-mount",
          "TA-MD-NEW-CR-MARYLAND-1958"
        ],
        "evidence_id": "segment-68737b889561ba53",
        "start_estimated_date": null,
        "end_estimated_date": null,
        "start_precision": "year",
        "end_precision": "year",
        "verified_start_date": null,
        "verified_end_date": null,
        "passenger_use_existence": "supported_at_named_corridor_scope",
        "geometry_correspondence": "source_scoped_not_full_segment_proof",
        "uncertainty_reason_group": "ordinary_date_and_scope_uncertainty"
      },
      "geometry": {
        "coordinates": [
          [
            -77.000569,
            38.919761
          ],
          [
            -76.999524,
            38.920094
          ],
          [
            -76.996384,
            38.921257
          ],
          [
            -76.996193,
            38.921328
          ],
          [
            -76.996033,
            38.921383
          ],
          [
            -76.995965,
            38.921406
          ],
          [
            -76.995915,
            38.921423
          ],
          [
            -76.994872,
            38.92174
          ],
          [
            -76.993886,
            38.922046
          ],
          [
            -76.992417,
            38.922485
          ],
          [
            -76.990195,
            38.923123
          ],
          [
            -76.989936,
            38.923205
          ],
          [
            -76.988001,
            38.923866
          ],
          [
            -76.986466,
            38.924346
          ],
          [
            -76.985623,
            38.92462
          ],
          [
            -76.983815,
            38.925461
          ],
          [
            -76.983231,
            38.925713
          ],
          [
            -76.982056,
            38.926302
          ],
          [
            -76.981364,
            38.92662
          ],
          [
            -76.980732,
            38.926926
          ],
          [
            -76.980535,
            38.927023
          ],
          [
            -76.97913,
            38.927709
          ],
          [
            -76.97881,
            38.927848
          ],
          [
            -76.978487,
            38.928013
          ],
          [
            -76.978181,
            38.928188
          ],
          [
            -76.97637,
            38.92904
          ],
          [
            -76.976222,
            38.92911
          ],
          [
            -76.974866,
            38.929765
          ],
          [
            -76.974328,
            38.930015
          ],
          [
            -76.974165,
            38.93009
          ],
          [
            -76.973686,
            38.930317
          ],
          [
            -76.972156,
            38.931051
          ],
          [
            -76.97158,
            38.931312
          ],
          [
            -76.971301,
            38.931452
          ],
          [
            -76.970789,
            38.931702
          ],
          [
            -76.969167,
            38.932488
          ],
          [
            -76.968013,
            38.932993
          ],
          [
            -76.966081,
            38.93397
          ],
          [
            -76.965825,
            38.934098
          ],
          [
            -76.963874,
            38.934999
          ],
          [
            -76.96381,
            38.935026
          ],
          [
            -76.963751,
            38.935054
          ],
          [
            -76.963696,
            38.935083
          ],
          [
            -76.963447,
            38.935202
          ]
        ],
        "type": "LineString"
      }
    },
    {
      "type": "Feature",
      "id": "segment-c14aa5313ba74c62",
      "properties": {
        "segment_id": "segment-c14aa5313ba74c62",
        "fid": 109,
        "name": "Whole retained carrier; geographic association only, not proof of complete service traversal. (PG portion)",
        "estimate_label": "Rhode Island Avenue branch to District line",
        "atlas_area_id": "PG",
        "geometry_hash": "2d0eb7a3e5c2468dfd5fb14c4c11d341492b74eddecb295d115d1b6d8b09d4bd",
        "estimate_id": "PSL-20261008-segment-c14aa5313ba74c62",
        "start_year": 1897,
        "end_year": 1958,
        "start_earliest_year": 1897,
        "start_latest_year": 1898,
        "end_earliest_year": 1958,
        "end_latest_year": 1958,
        "start_confidence": "medium",
        "end_confidence": "medium",
        "confidence_group": "medium_high",
        "estimate_status": "provisional_not_verified_not_admitted",
        "mixed_subextent": false,
        "has_known_periods": true,
        "citation_review_warning": null,
        "continuous_operation_asserted": false,
        "whole_segment_uniform_lifespan_asserted": false,
        "source_ids": [
          "G7-S-1955-INHERITED",
          "GAP-CONV-S07",
          "LATE-CONV-S04",
          "MD-EAST-S31",
          "date-source-9d66f86d24fa03bc",
          "date-source-d8569aec0d752768"
        ],
        "context_source_ids": [
          "DC-LATE-MAP-S03"
        ],
        "basis_claim_ids": [
          "TA-MD-MD-EAST-C39-mount",
          "TA-MD-NEW-CR-MARYLAND-1958"
        ],
        "evidence_id": "segment-c14aa5313ba74c62",
        "start_estimated_date": null,
        "end_estimated_date": null,
        "start_precision": "year",
        "end_precision": "year",
        "verified_start_date": null,
        "verified_end_date": null,
        "passenger_use_existence": "supported_at_named_corridor_scope",
        "geometry_correspondence": "source_scoped_not_full_segment_proof",
        "uncertainty_reason_group": "ordinary_date_and_scope_uncertainty"
      },
      "geometry": {
        "coordinates": [
          [
            -76.963447,
            38.935202
          ],
          [
            -76.9624770981401,
            38.93560866981492
          ]
        ],
        "type": "LineString"
      }
    },
    {
      "type": "Feature",
      "id": "segment-5531e82f08592f70",
      "properties": {
        "segment_id": "segment-5531e82f08592f70",
        "fid": 110,
        "name": "Whole retained carrier; geographic association only, not proof of complete service traversal. (DC portion)",
        "estimate_label": "Brookland Twelfth Street northern end",
        "atlas_area_id": "DC",
        "geometry_hash": "9584a2d0b584af6b42fd3dd05022b9b7ad6c34bf81337d1665cd5bc8ef0b3b5d",
        "estimate_id": "PSL-20261008-segment-5531e82f08592f70",
        "start_year": 1890,
        "end_year": 1958,
        "start_earliest_year": 1888,
        "start_latest_year": 1893,
        "end_earliest_year": 1958,
        "end_latest_year": 1958,
        "start_confidence": "medium",
        "end_confidence": "medium",
        "confidence_group": "medium_high",
        "estimate_status": "provisional_not_verified_not_admitted",
        "mixed_subextent": false,
        "has_known_periods": true,
        "citation_review_warning": null,
        "continuous_operation_asserted": false,
        "whole_segment_uniform_lifespan_asserted": false,
        "source_ids": [
          "AUDIT-DC-NPS2005-DUPONT",
          "AUDIT-NPS2005-MET-EARLY",
          "AUDIT-WILDWOOD-TERMINAL-NPS2005",
          "DC-RECON-NPS2005-E19",
          "G7-S-1955-INHERITED",
          "GAP-CONV-S07",
          "GAP-CONV-S08",
          "INF-SRC-MD-NPS-STREETCAR",
          "LATE-CONV-S04",
          "LATE-PH-S08",
          "LOOP-S07",
          "MD-EAST-S18",
          "MD-MONT-S02",
          "WB-S01",
          "date-source-9d66f86d24fa03bc",
          "date-source-d8569aec0d752768"
        ],
        "context_source_ids": [
          "DC-LATE-MAP-S03"
        ],
        "basis_claim_ids": [
          "DC-TIME-DCLV-C07"
        ],
        "evidence_id": "segment-5531e82f08592f70",
        "start_estimated_date": null,
        "end_estimated_date": null,
        "start_precision": "year",
        "end_precision": "year",
        "verified_start_date": null,
        "verified_end_date": null,
        "passenger_use_existence": "supported_at_named_corridor_scope",
        "geometry_correspondence": "source_scoped_not_full_segment_proof",
        "uncertainty_reason_group": "ordinary_date_and_scope_uncertainty"
      },
      "geometry": {
        "coordinates": [
          [
            -76.9911438069858,
            38.9339913546493
          ],
          [
            -76.99120931679008,
            38.93537287879075
          ],
          [
            -76.99070191256389,
            38.93726039951905
          ],
          [
            -76.99044628863277,
            38.93821127313678
          ]
        ],
        "type": "LineString"
      }
    },
    {
      "type": "Feature",
      "id": "segment-e2314d27297d0d03",
      "properties": {
        "segment_id": "segment-e2314d27297d0d03",
        "fid": 111,
        "name": "Whole retained carrier; geographic association only, not proof of complete service traversal. (DC portion)",
        "estimate_label": "Brookland 12th–Quincy clockwise terminal estimate",
        "atlas_area_id": "DC",
        "geometry_hash": "bffddc4bfc82239edc0982de3459a5ddb9c5d4ff1b113425d37c584c43061572",
        "estimate_id": "PSL-20261008-segment-e2314d27297d0d03",
        "start_year": 1925,
        "end_year": 1958,
        "start_earliest_year": 1890,
        "start_latest_year": 1947,
        "end_earliest_year": 1958,
        "end_latest_year": 1958,
        "start_confidence": "very_low",
        "end_confidence": "low",
        "confidence_group": "very_low",
        "estimate_status": "provisional_not_verified_not_admitted",
        "mixed_subextent": false,
        "has_known_periods": true,
        "citation_review_warning": null,
        "continuous_operation_asserted": false,
        "whole_segment_uniform_lifespan_asserted": false,
        "source_ids": [
          "G7-S-1955-INHERITED",
          "LATE-CONV-S04",
          "date-source-9d66f86d24fa03bc",
          "date-source-d8569aec0d752768"
        ],
        "context_source_ids": [],
        "basis_claim_ids": [
          "DC-TIME-DCLV-C07"
        ],
        "evidence_id": "segment-e2314d27297d0d03",
        "start_estimated_date": null,
        "end_estimated_date": null,
        "start_precision": "year",
        "end_precision": "year",
        "verified_start_date": null,
        "verified_end_date": null,
        "passenger_use_existence": "corridor_passenger_use_supported_specific_drawing_unresolved",
        "geometry_correspondence": "hypothetical_or_unregistered_specific_geometry",
        "uncertainty_reason_group": "specific_geometry_correspondence"
      },
      "geometry": {
        "coordinates": [
          [
            -76.99070191256389,
            38.93726039951905
          ],
          [
            -76.99072306907951,
            38.93726387431178
          ],
          [
            -76.99074417558037,
            38.93726737460714
          ],
          [
            -76.99076518204986,
            38.937270925911726
          ],
          [
            -76.99078603847136,
            38.937274553732124
          ],
          [
            -76.99080669482828,
            38.937278283575
          ],
          [
            -76.99082710110405,
            38.937282140947026
          ],
          [
            -76.99084720728212,
            38.93728615135488
          ],
          [
            -76.99086696334595,
            38.93729034030535
          ],
          [
            -76.99088631927901,
            38.93729473330519
          ],
          [
            -76.99090522506481,
            38.93729935586121
          ],
          [
            -76.99092363068682,
            38.93730423348021
          ],
          [
            -76.99094148612855,
            38.937309391669075
          ],
          [
            -76.99095874137349,
            38.93731485593467
          ],
          [
            -76.99097534640515,
            38.93732065178389
          ],
          [
            -76.99099125120699,
            38.937326804723654
          ],
          [
            -76.99100640576252,
            38.937333340260906
          ],
          [
            -76.99102076005516,
            38.93734028390258
          ],
          [
            -76.99103426406838,
            38.93734766115563
          ],
          [
            -76.99104686778553,
            38.937355497527015
          ],
          [
            -76.99105852119001,
            38.93736381852369
          ],
          [
            -76.99106917426512,
            38.937372649652644
          ],
          [
            -76.99107877699414,
            38.937382016420806
          ],
          [
            -76.9910872793603,
            38.93739194433512
          ],
          [
            -76.9910946313467,
            38.93740245890252
          ],
          [
            -76.99110078293646,
            38.93741358562994
          ],
          [
            -76.99110568411253,
            38.93742535002422
          ],
          [
            -76.99110928485783,
            38.93743777759228
          ],
          [
            -76.99111153515514,
            38.93745089384091
          ],
          [
            -76.99111238498718,
            38.93746472427689
          ],
          [
            -76.99111178433648,
            38.93747929440699
          ],
          [
            -76.9911096831855,
            38.93749462973787
          ],
          [
            -76.99110603151652,
            38.93751075577618
          ],
          [
            -76.99110059013945,
            38.937528467294776
          ],
          [
            -76.99109408507128,
            38.93754523079772
          ],
          [
            -76.99108658102469,
            38.93756103835656
          ],
          [
            -76.99107814271251,
            38.93757588204294
          ],
          [
            -76.99106883484772,
            38.93758975392843
          ],
          [
            -76.99105872214345,
            38.93760264608457
          ],
          [
            -76.9910478693129,
            38.93761455058297
          ],
          [
            -76.99103634106942,
            38.93762545949521
          ],
          [
            -76.99102420212645,
            38.9376353648929
          ],
          [
            -76.99101151719755,
            38.93764425884759
          ],
          [
            -76.99099835099635,
            38.93765213343097
          ],
          [
            -76.99098476823653,
            38.93765898071465
          ],
          [
            -76.9909708336319,
            38.937664792770285
          ],
          [
            -76.99095661189632,
            38.93766956166961
          ],
          [
            -76.99094216774367,
            38.9376732794843
          ],
          [
            -76.9909275658879,
            38.937675938286134
          ],
          [
            -76.990912871043,
            38.93767753014688
          ],
          [
            -76.99089814792295,
            38.93767804713835
          ],
          [
            -76.99088346124181,
            38.93767748133238
          ],
          [
            -76.99086887571357,
            38.93767582480085
          ],
          [
            -76.99085445605229,
            38.937673069615656
          ],
          [
            -76.99084026697197,
            38.93766920784876
          ],
          [
            -76.99082637318661,
            38.93766423157209
          ],
          [
            -76.99081283941014,
            38.937658132857685
          ],
          [
            -76.99079973035651,
            38.937650903777524
          ],
          [
            -76.99078711073953,
            38.93764253640369
          ],
          [
            -76.99077504527303,
            38.93763302280826
          ],
          [
            -76.9907635986707,
            38.93762235506329
          ],
          [
            -76.99075283564616,
            38.937610525240935
          ],
          [
            -76.99074282091296,
            38.9375975254133
          ],
          [
            -76.9907336191845,
            38.937583347652534
          ],
          [
            -76.99072529517404,
            38.93756798403076
          ],
          [
            -76.99072097967702,
            38.937560135336014
          ],
          [
            -76.9907171595893,
            38.93755191281692
          ],
          [
            -76.99071380849759,
            38.937543342479664
          ],
          [
            -76.9907108999886,
            38.937534450330425
          ],
          [
            -76.99070840764905,
            38.937525262375416
          ],
          [
            -76.99070630506564,
            38.9375158046208
          ],
          [
            -76.9907045658251,
            38.937506103072764
          ],
          [
            -76.99070316351411,
            38.93749618373747
          ],
          [
            -76.99070207171941,
            38.93748607262109
          ],
          [
            -76.9907012640277,
            38.93747579572978
          ],
          [
            -76.99070071402576,
            38.937465379069714
          ],
          [
            -76.99070039530028,
            38.937454848647036
          ],
          [
            -76.99070028143805,
            38.93744423046789
          ],
          [
            -76.99070034602582,
            38.937433550538444
          ],
          [
            -76.99070056265037,
            38.93742283486486
          ],
          [
            -76.99070090489853,
            38.937412109453255
          ],
          [
            -76.9907013463571,
            38.937401400309824
          ],
          [
            -76.99070186061287,
            38.93739073344069
          ],
          [
            -76.99070242125273,
            38.937380134852
          ],
          [
            -76.99070300186354,
            38.93736963054991
          ],
          [
            -76.99070357603216,
            38.937359246540574
          ],
          [
            -76.99070411734547,
            38.93734900883016
          ],
          [
            -76.99070459939043,
            38.937338943424784
          ],
          [
            -76.99070499575392,
            38.93732907633062
          ],
          [
            -76.99070528002288,
            38.93731943355385
          ],
          [
            -76.99070542578427,
            38.93731004110057
          ],
          [
            -76.99070540662504,
            38.93730092497696
          ],
          [
            -76.99070519613218,
            38.93729211118916
          ],
          [
            -76.99070476789264,
            38.93728362574332
          ],
          [
            -76.99070409549343,
            38.93727549464558
          ],
          [
            -76.99070315252152,
            38.93726774390212
          ],
          [
            -76.99070191256389,
            38.93726039951905
          ]
        ],
        "type": "LineString"
      }
    },
    {
      "type": "Feature",
      "id": "segment-3246a755a6eaa63b",
      "properties": {
        "segment_id": "segment-3246a755a6eaa63b",
        "fid": 112,
        "name": "Whole retained carrier; geographic association only, not proof of complete service traversal. (DC portion)",
        "estimate_label": "Pennsylvania Avenue 1916 bridge approach",
        "atlas_area_id": "DC",
        "geometry_hash": "9797d594fa9a893597f708c2a4f2dcfcf3b5da4a80b7a5da1f1058b2b7ba5896",
        "estimate_id": "PSL-20261008-segment-3246a755a6eaa63b",
        "start_year": 1916,
        "end_year": 1960,
        "start_earliest_year": 1916,
        "start_latest_year": 1916,
        "end_earliest_year": 1960,
        "end_latest_year": 1960,
        "start_confidence": "high",
        "end_confidence": "high",
        "confidence_group": "medium_high",
        "estimate_status": "provisional_not_verified_not_admitted",
        "mixed_subextent": false,
        "has_known_periods": true,
        "citation_review_warning": "Embedded basis claim DC-TIME-DCLV-C10 explicitly concerns Georgia Avenue–Seventh Street, route 72, rather than this M/Pennsylvania carrier. Confirm the appropriate geographically scoped closing witness; this warning does not establish that the proposed year is wrong.",
        "continuous_operation_asserted": false,
        "whole_segment_uniform_lifespan_asserted": false,
        "source_ids": [
          "AUDIT-DC-NPS2005-DUPONT",
          "AUDIT-NPS2005-MET-EARLY",
          "AUDIT-WILDWOOD-TERMINAL-NPS2005",
          "BR-S006",
          "DC-RECON-NPS2005-E19",
          "G7-S-1955-INHERITED",
          "GAP-CONV-S08",
          "INF-SRC-MD-NPS-STREETCAR",
          "LATE-CONV-S04",
          "LATE-PH-S08",
          "LOOP-S07",
          "MD-EAST-S18",
          "MD-MONT-S02",
          "WB-S01",
          "date-source-9d66f86d24fa03bc",
          "date-source-c556bf8f53aa9934",
          "date-source-d8569aec0d752768"
        ],
        "context_source_ids": [
          "DC-LATE-MAP-S03"
        ],
        "basis_claim_ids": [
          "DC-TIME-ROCKCREEK-EASTBOUND",
          "DC-TIME-ROCKCREEK-WESTBOUND",
          "DC-TIME-DCLV-C10"
        ],
        "evidence_id": "segment-3246a755a6eaa63b",
        "start_estimated_date": null,
        "end_estimated_date": null,
        "start_precision": "year",
        "end_precision": "year",
        "verified_start_date": null,
        "verified_end_date": null,
        "passenger_use_existence": "supported_at_named_corridor_scope",
        "geometry_correspondence": "source_scoped_not_full_segment_proof",
        "uncertainty_reason_group": "ordinary_date_and_scope_uncertainty"
      },
      "geometry": {
        "coordinates": [
          [
            -77.0574134073567,
            38.905222709610875
          ],
          [
            -77.05579064155702,
            38.90465691890342
          ],
          [
            -77.0556149218976,
            38.904566947017024
          ],
          [
            -77.05433977476335,
            38.9031011505718
          ]
        ],
        "type": "LineString"
      }
    },
    {
      "type": "Feature",
      "id": "segment-3d047a0d45f1a3cc",
      "properties": {
        "segment_id": "segment-3d047a0d45f1a3cc",
        "fid": 113,
        "name": "Whole retained carrier; geographic association only, not proof of complete service traversal. (DC portion)",
        "estimate_label": "Bladensburg Road Spa Spring existing band",
        "atlas_area_id": "DC",
        "geometry_hash": "657a4b594e7d51baceef5286c02dbb98b375c42b05d653e2371944083ff0bcf7",
        "estimate_id": "PSL-20261008-segment-3d047a0d45f1a3cc",
        "start_year": 1910,
        "end_year": 1923,
        "start_earliest_year": 1910,
        "start_latest_year": 1912,
        "end_earliest_year": 1923,
        "end_latest_year": 1925,
        "start_confidence": "medium",
        "end_confidence": "medium",
        "confidence_group": "medium_high",
        "estimate_status": "provisional_not_verified_not_admitted",
        "mixed_subextent": false,
        "has_known_periods": false,
        "citation_review_warning": null,
        "continuous_operation_asserted": false,
        "whole_segment_uniform_lifespan_asserted": false,
        "source_ids": [
          "AUDIT-DC-NPS2005-DUPONT",
          "AUDIT-NPS2005-MET-EARLY",
          "AUDIT-WILDWOOD-TERMINAL-NPS2005",
          "DC-RECON-NPS2005-E19",
          "GAP-CONV-S08",
          "INF-SRC-MD-NPS-STREETCAR",
          "INF-SRC-MD-WSSG-CHARTER",
          "LATE-PH-S08",
          "LOOP-S07",
          "MD-EAST-S18",
          "MD-EAST-S19",
          "MD-MONT-S02",
          "WB-S01"
        ],
        "context_source_ids": [],
        "basis_claim_ids": [
          "TA-MD-MD-EAST-C35",
          "TA-MD-MD-EAST-C36-dc"
        ],
        "evidence_id": "segment-3d047a0d45f1a3cc",
        "start_estimated_date": null,
        "end_estimated_date": null,
        "start_precision": "year",
        "end_precision": "year",
        "verified_start_date": null,
        "verified_end_date": null,
        "passenger_use_existence": "inferred_from_corridor_history",
        "geometry_correspondence": "corridor_correspondence_requires_review",
        "uncertainty_reason_group": "ordinary_date_and_scope_uncertainty"
      },
      "geometry": {
        "coordinates": [
          [
            -76.98104503170568,
            38.90369927256587
          ],
          [
            -76.98102980478008,
            38.903722559998215
          ],
          [
            -76.98102715328776,
            38.90372641588519
          ],
          [
            -76.98097284413127,
            38.90380984981681
          ],
          [
            -76.9808713573119,
            38.90396576115444
          ],
          [
            -76.98084611944236,
            38.90400456970363
          ],
          [
            -76.98075599160258,
            38.90413883695902
          ],
          [
            -76.98058762347519,
            38.90438966058532
          ],
          [
            -76.98056622792237,
            38.90442460119879
          ],
          [
            -76.98053928681527,
            38.90446792397224
          ],
          [
            -76.9803322817235,
            38.90480079757864
          ],
          [
            -76.98021251124368,
            38.90499339242362
          ],
          [
            -76.98019881934309,
            38.9050147021432
          ],
          [
            -76.98012505542188,
            38.9051336348582
          ],
          [
            -76.97996992184903,
            38.905383761931276
          ],
          [
            -76.97991819498584,
            38.90546668583187
          ],
          [
            -76.97980095547942,
            38.90565463299453
          ],
          [
            -76.97978204390927,
            38.90568291103571
          ],
          [
            -76.97970611649811,
            38.905787205898555
          ],
          [
            -76.97970063272527,
            38.90579535298279
          ],
          [
            -76.97948016432626,
            38.906122894864566
          ],
          [
            -76.97925969394625,
            38.90645043636536
          ],
          [
            -76.97917893930564,
            38.906570408548454
          ],
          [
            -76.97911697899043,
            38.906670206975
          ],
          [
            -76.97908495174714,
            38.90672068343915
          ],
          [
            -76.97905187863911,
            38.90677233541953
          ],
          [
            -76.97904641252167,
            38.90678091603918
          ],
          [
            -76.97899366103518,
            38.90686372432374
          ],
          [
            -76.9788350716548,
            38.90711224417502
          ],
          [
            -76.97879180819608,
            38.90718004049491
          ],
          [
            -76.97874803916302,
            38.90725493320889
          ],
          [
            -76.97866541294468,
            38.90738506813476
          ],
          [
            -76.97862809538559,
            38.90744517239908
          ],
          [
            -76.97842130689438,
            38.90777822730095
          ],
          [
            -76.97831053627361,
            38.90795663380542
          ],
          [
            -76.97821003248276,
            38.908109533053725
          ],
          [
            -76.97799358322317,
            38.908438820965436
          ],
          [
            -76.97777713201005,
            38.90876810851027
          ],
          [
            -76.97756067884336,
            38.909097395688235
          ],
          [
            -76.97750987551565,
            38.90917468159701
          ],
          [
            -76.97736424412442,
            38.909394542842186
          ],
          [
            -76.97736049426219,
            38.90940168292983
          ],
          [
            -76.97734766759399,
            38.90942778052273
          ],
          [
            -76.97727968877584,
            38.909566092302335
          ],
          [
            -76.97727736775133,
            38.90957192992685
          ],
          [
            -76.97720400347104,
            38.90977979315807
          ],
          [
            -76.97717476786987,
            38.90986262614204
          ],
          [
            -76.97708287686366,
            38.91013764500552
          ],
          [
            -76.97702018162354,
            38.91032528322573
          ],
          [
            -76.9769932902172,
            38.91040772732704
          ],
          [
            -76.97696318128341,
            38.91049582224923
          ],
          [
            -76.97684093993341,
            38.910853482756686
          ],
          [
            -76.97673347744103,
            38.91116789957312
          ],
          [
            -76.97671870489893,
            38.91121114466337
          ],
          [
            -76.97659652303653,
            38.91156881747571
          ],
          [
            -76.97647434001811,
            38.91192649017142
          ],
          [
            -76.97635215584359,
            38.912284162750495
          ],
          [
            -76.97623834389573,
            38.91261732396627
          ],
          [
            -76.97623140645425,
            38.91262994115734
          ],
          [
            -76.97622387973743,
            38.91263983090118
          ],
          [
            -76.97598171428234,
            38.91295802298242
          ],
          [
            -76.97573954670239,
            38.913276214601034
          ],
          [
            -76.97564475627469,
            38.91340076184632
          ],
          [
            -76.97563083965468,
            38.91341800744022
          ],
          [
            -76.9754867649025,
            38.91358922725928
          ],
          [
            -76.97522646440764,
            38.913898568392135
          ],
          [
            -76.97504851094452,
            38.91411004647093
          ],
          [
            -76.97503875875475,
            38.9141221089351
          ],
          [
            -76.9749700540914,
            38.91420983657699
          ],
          [
            -76.97472274746316,
            38.914525615509675
          ],
          [
            -76.9744754386789,
            38.91484139395911
          ],
          [
            -76.97422812773851,
            38.915157171925316
          ],
          [
            -76.97398081464203,
            38.915472949408226
          ],
          [
            -76.9737455470756,
            38.91577334375907
          ],
          [
            -76.97373368471993,
            38.915788813934206
          ],
          [
            -76.9737276371896,
            38.91579670075878
          ],
          [
            -76.97348898422587,
            38.91610582080001
          ],
          [
            -76.9732442513468,
            38.9164228127681
          ],
          [
            -76.97299951632695,
            38.91673980426324
          ],
          [
            -76.97275477916622,
            38.91705679528542
          ],
          [
            -76.97265200531163,
            38.91718991014338
          ],
          [
            -76.97260859512173,
            38.91723715712975
          ],
          [
            -76.97248863742537,
            38.917361888226836
          ],
          [
            -76.97244415125036,
            38.91740814447285
          ],
          [
            -76.9724221446162,
            38.91743505315787
          ],
          [
            -76.97223148801214,
            38.91767248501096
          ],
          [
            -76.97197966477937,
            38.917986087142694
          ],
          [
            -76.97177552431815,
            38.9182403062949
          ],
          [
            -76.9717542885727,
            38.91826812219181
          ],
          [
            -76.97172919017837,
            38.91830030237303
          ],
          [
            -76.97172622441329,
            38.91830410495901
          ],
          [
            -76.97170962474485,
            38.918325338662655
          ],
          [
            -76.97154147509906,
            38.91853995957095
          ],
          [
            -76.97152147981635,
            38.918565494764934
          ],
          [
            -76.97147891680224,
            38.91861438782902
          ],
          [
            -76.97121246031368,
            38.91892047038496
          ],
          [
            -76.97094600156419,
            38.91922655237672
          ],
          [
            -76.9708279025579,
            38.91936221206033
          ],
          [
            -76.97079487933449,
            38.919400130445055
          ],
          [
            -76.97068358349516,
            38.91953474288497
          ],
          [
            -76.97042648071624,
            38.919845706686175
          ],
          [
            -76.97029222607642,
            38.920008085351895
          ],
          [
            -76.97023420227725,
            38.920078495987184
          ],
          [
            -76.97017002846249,
            38.92015699661567
          ],
          [
            -76.96991497973922,
            38.92046898299709
          ],
          [
            -76.96965992881502,
            38.92078096886323
          ],
          [
            -76.96940487568985,
            38.92109295421405
          ],
          [
            -76.96914982036365,
            38.92140493904954
          ],
          [
            -76.96901093251753,
            38.9215748259459
          ],
          [
            -76.96900497333974,
            38.92158211363144
          ],
          [
            -76.96889322467312,
            38.92171615916472
          ],
          [
            -76.96863460725609,
            38.922026375429795
          ],
          [
            -76.96837974651237,
            38.922332082372364
          ],
          [
            -76.96837577833377,
            38.922336476362396
          ],
          [
            -76.96831811762188,
            38.92240032437004
          ],
          [
            -76.96809534170997,
            38.9226347998519
          ],
          [
            -76.96796042981461,
            38.92277679600794
          ],
          [
            -76.96794185402116,
            38.922796328832355
          ],
          [
            -76.96781301532293,
            38.92293211377761
          ],
          [
            -76.96753082802888,
            38.92322951274501
          ],
          [
            -76.96735695266032,
            38.923412759550274
          ],
          [
            -76.96730457279925,
            38.92346141081182
          ],
          [
            -76.96723329463843,
            38.92351653409777
          ],
          [
            -76.9668965794846,
            38.923776932563726
          ],
          [
            -76.96660103974264,
            38.92400548572145
          ],
          [
            -76.9665605984514,
            38.92403791428843
          ],
          [
            -76.9664717951884,
            38.924109122610524
          ],
          [
            -76.96623379784839,
            38.924297281502405
          ],
          [
            -76.9662281511899,
            38.92430174371675
          ],
          [
            -76.96609500877123,
            38.92440695791966
          ],
          [
            -76.9660632165932,
            38.92443215025023
          ],
          [
            -76.96589758038168,
            38.92456699142629
          ],
          [
            -76.96556946426736,
            38.9248341021284
          ],
          [
            -76.96555920561659,
            38.924842453379995
          ],
          [
            -76.96524195862973,
            38.925101676868934
          ],
          [
            -76.96521289252944,
            38.92512542673394
          ],
          [
            -76.96518594928037,
            38.92514739948589
          ],
          [
            -76.96516763723632,
            38.92516305704646
          ],
          [
            -76.96515203704844,
            38.92517668318486
          ],
          [
            -76.96511043924377,
            38.92520921376901
          ],
          [
            -76.96509513174601,
            38.92522119973188
          ],
          [
            -76.96491120935968,
            38.925366544534796
          ],
          [
            -76.96487562825884,
            38.92539466242615
          ],
          [
            -76.96487342026788,
            38.925396371357785
          ],
          [
            -76.96476940649367,
            38.925492038941215
          ],
          [
            -76.96474587656962,
            38.92551377789612
          ],
          [
            -76.96459015604468,
            38.92563806593201
          ],
          [
            -76.96447198282576,
            38.925732385237765
          ],
          [
            -76.96444132448745,
            38.92575678731713
          ],
          [
            -76.96425930049514,
            38.92590311267022
          ],
          [
            -76.9641602675412,
            38.92598272286512
          ],
          [
            -76.96412197792985,
            38.9260150968943
          ],
          [
            -76.96406210054113,
            38.926060128669796
          ],
          [
            -76.96402392740876,
            38.92609915299789
          ],
          [
            -76.96393699190844,
            38.92617349229458
          ],
          [
            -76.96387406764877,
            38.926227299237546
          ],
          [
            -76.96361203273747,
            38.92644292367075
          ],
          [
            -76.96328574665387,
            38.9267114167906
          ],
          [
            -76.9629594581129,
            38.92697990904985
          ],
          [
            -76.96281216474341,
            38.927101111042695
          ],
          [
            -76.96279295816926,
            38.927116940414784
          ],
          [
            -76.96266277946917,
            38.927215269785535
          ],
          [
            -76.96262607122476,
            38.92724261974919
          ],
          [
            -76.96260748316055,
            38.92725646902037
          ],
          [
            -76.96230078195583,
            38.92751174729551
          ],
          [
            -76.96197648620436,
            38.92778166732083
          ],
          [
            -76.96173716107016,
            38.927980862174266
          ],
          [
            -76.96173683455171,
            38.92798113400606
          ],
          [
            -76.96165066193217,
            38.92805046056477
          ],
          [
            -76.96153619921151,
            38.92814254643358
          ],
          [
            -76.9615234369157,
            38.92815213172301
          ],
          [
            -76.96142762938594,
            38.928228487764315
          ],
          [
            -76.96131209241739,
            38.92830894223258
          ],
          [
            -76.96095832504545,
            38.92855528724969
          ],
          [
            -76.96060455521528,
            38.92880163124738
          ],
          [
            -76.96025078292683,
            38.929047974225654
          ],
          [
            -76.95989664305168,
            38.92929420722579
          ],
          [
            -76.95951603318991,
            38.92951078829588
          ],
          [
            -76.95951578128025,
            38.929510910151016
          ],
          [
            -76.95948780521599,
            38.92952371290059
          ],
          [
            -76.95900065587144,
            38.92972367012907
          ],
          [
            -76.95848014739231,
            38.92991367109677
          ],
          [
            -76.95822855403274,
            38.93000442915094
          ],
          [
            -76.9582076374451,
            38.93001206669354
          ],
          [
            -76.95796017980376,
            38.93010324952687
          ],
          [
            -76.95784355411034,
            38.93014805400494
          ],
          [
            -76.95747425083931,
            38.930301530206975
          ],
          [
            -76.95729320779037,
            38.93039284622368
          ]
        ],
        "type": "LineString"
      }
    },
    {
      "type": "Feature",
      "id": "segment-7802bfcbe342d2e2",
      "properties": {
        "segment_id": "segment-7802bfcbe342d2e2",
        "fid": 114,
        "name": "Whole retained carrier; geographic association only, not proof of complete service traversal. (PG portion)",
        "estimate_label": "Bladensburg Road Spa Spring existing band",
        "atlas_area_id": "PG",
        "geometry_hash": "7dffb01cd90c090ea8c341e315fb4bf45eb368f78720f8c20de67aa0792b5138",
        "estimate_id": "PSL-20261008-segment-7802bfcbe342d2e2",
        "start_year": 1910,
        "end_year": 1923,
        "start_earliest_year": 1910,
        "start_latest_year": 1912,
        "end_earliest_year": 1923,
        "end_latest_year": 1925,
        "start_confidence": "medium",
        "end_confidence": "medium",
        "confidence_group": "medium_high",
        "estimate_status": "provisional_not_verified_not_admitted",
        "mixed_subextent": false,
        "has_known_periods": false,
        "citation_review_warning": null,
        "continuous_operation_asserted": false,
        "whole_segment_uniform_lifespan_asserted": false,
        "source_ids": [
          "AUDIT-DC-NPS2005-DUPONT",
          "AUDIT-NPS2005-MET-EARLY",
          "AUDIT-WILDWOOD-TERMINAL-NPS2005",
          "DC-RECON-NPS2005-E19",
          "GAP-CONV-S08",
          "INF-SRC-MD-NPS-STREETCAR",
          "INF-SRC-MD-WSSG-CHARTER",
          "LATE-PH-S08",
          "LOOP-S07",
          "MD-EAST-S18",
          "MD-EAST-S19",
          "MD-MONT-S02",
          "WB-S01"
        ],
        "context_source_ids": [],
        "basis_claim_ids": [
          "TA-MD-MD-EAST-C35",
          "TA-MD-MD-EAST-C36-dc"
        ],
        "evidence_id": "segment-7802bfcbe342d2e2",
        "start_estimated_date": null,
        "end_estimated_date": null,
        "start_precision": "year",
        "end_precision": "year",
        "verified_start_date": null,
        "verified_end_date": null,
        "passenger_use_existence": "inferred_from_corridor_history",
        "geometry_correspondence": "corridor_correspondence_requires_review",
        "uncertainty_reason_group": "ordinary_date_and_scope_uncertainty"
      },
      "geometry": {
        "coordinates": [
          [
            -76.95729320779037,
            38.93039284622368
          ],
          [
            -76.9571600706093,
            38.93045999907556
          ],
          [
            -76.95705844541506,
            38.93052010863621
          ]
        ],
        "type": "LineString"
      }
    },
    {
      "type": "Feature",
      "id": "segment-e806e4f3f3e2975d",
      "properties": {
        "segment_id": "segment-e806e4f3f3e2975d",
        "fid": 115,
        "name": "Whole retained carrier; geographic association only, not proof of complete service traversal. (DC portion)",
        "estimate_label": "Bladensburg southern approach",
        "atlas_area_id": "DC",
        "geometry_hash": "729a9ff6f50a5393bb8ac3c5ee0729708af500c2c70d12a1987323f07f2eb050",
        "estimate_id": "PSL-20261008-segment-e806e4f3f3e2975d",
        "start_year": 1910,
        "end_year": 1923,
        "start_earliest_year": 1910,
        "start_latest_year": 1912,
        "end_earliest_year": 1923,
        "end_latest_year": 1925,
        "start_confidence": "medium",
        "end_confidence": "medium",
        "confidence_group": "medium_high",
        "estimate_status": "provisional_not_verified_not_admitted",
        "mixed_subextent": false,
        "has_known_periods": false,
        "citation_review_warning": null,
        "continuous_operation_asserted": false,
        "whole_segment_uniform_lifespan_asserted": false,
        "source_ids": [
          "AUDIT-DC-NPS2005-DUPONT",
          "AUDIT-NPS2005-MET-EARLY",
          "AUDIT-WILDWOOD-TERMINAL-NPS2005",
          "DC-RECON-NPS2005-E19",
          "GAP-CONV-S08",
          "INF-SRC-MD-NPS-STREETCAR",
          "INF-SRC-MD-WSSG-CHARTER",
          "LATE-PH-S08",
          "LOOP-S07",
          "MD-EAST-S18",
          "MD-EAST-S19",
          "MD-MONT-S02",
          "WB-S01"
        ],
        "context_source_ids": [],
        "basis_claim_ids": [
          "TA-MD-MD-EAST-C35",
          "TA-MD-MD-EAST-C36-dc"
        ],
        "evidence_id": "segment-e806e4f3f3e2975d",
        "start_estimated_date": null,
        "end_estimated_date": null,
        "start_precision": "year",
        "end_precision": "year",
        "verified_start_date": null,
        "verified_end_date": null,
        "passenger_use_existence": "inferred_from_corridor_history",
        "geometry_correspondence": "corridor_correspondence_requires_review",
        "uncertainty_reason_group": "ordinary_date_and_scope_uncertainty"
      },
      "geometry": {
        "coordinates": [
          [
            -76.98104503170568,
            38.90369927256587
          ],
          [
            -76.98118827143676,
            38.903480206809455
          ],
          [
            -76.98140381277969,
            38.90315056275595
          ],
          [
            -76.98161935217608,
            38.902820918338854
          ],
          [
            -76.98169725558522,
            38.90270177259811
          ],
          [
            -76.98172169071985,
            38.90266314340181
          ],
          [
            -76.98183247127876,
            38.90249030711312
          ],
          [
            -76.98204460120216,
            38.902159005358854
          ],
          [
            -76.9822532723722,
            38.90178489155536
          ],
          [
            -76.98229188484243,
            38.90170785135696
          ],
          [
            -76.9823250153397,
            38.90163992248575
          ],
          [
            -76.98245790004559,
            38.90135711338983
          ],
          [
            -76.98266070611598,
            38.9009031639944
          ],
          [
            -76.98286079687627,
            38.900456529219795
          ],
          [
            -76.98286329099818,
            38.90045031324301
          ],
          [
            -76.98286858523039,
            38.90043714044173
          ],
          [
            -76.98288986640749,
            38.9003856333106
          ],
          [
            -76.98290250706778,
            38.90035578340982
          ],
          [
            -76.98291458587384,
            38.900326351693685
          ],
          [
            -76.98292304234309,
            38.90030637016706
          ],
          [
            -76.98295629925036,
            38.90024003986797
          ],
          [
            -76.98306453975128,
            38.90002513740854
          ],
          [
            -76.9831605386967,
            38.899848920738805
          ],
          [
            -76.98323419287145,
            38.899739232919444
          ],
          [
            -76.98329133416681,
            38.899665056534026
          ]
        ],
        "type": "LineString"
      }
    },
    {
      "type": "Feature",
      "id": "segment-67d023b986c93397",
      "properties": {
        "segment_id": "segment-67d023b986c93397",
        "fid": 116,
        "name": "Whole retained carrier; geographic association only, not proof of complete service traversal. (DC portion)",
        "estimate_label": "Benning Road river crossing",
        "atlas_area_id": "DC",
        "geometry_hash": "8cec6479b9289c5aba88a3e8a2eb3f96a60736da72e735880cc219b6ae8f18f1",
        "estimate_id": "PSL-20261008-segment-67d023b986c93397",
        "start_year": 1898,
        "end_year": 1949,
        "start_earliest_year": 1896,
        "start_latest_year": 1900,
        "end_earliest_year": 1948,
        "end_latest_year": 1949,
        "start_confidence": "medium",
        "end_confidence": "medium",
        "confidence_group": "medium_high",
        "estimate_status": "provisional_not_verified_not_admitted",
        "mixed_subextent": false,
        "has_known_periods": false,
        "citation_review_warning": null,
        "continuous_operation_asserted": false,
        "whole_segment_uniform_lifespan_asserted": false,
        "source_ids": [
          "AUDIT-DC-NPS2005-DUPONT",
          "AUDIT-NPS2005-MET-EARLY",
          "AUDIT-WILDWOOD-TERMINAL-NPS2005",
          "DC-RECON-NPS2005-E19",
          "GAP-CONV-S07",
          "GAP-CONV-S08",
          "INF-SRC-MD-NPS-STREETCAR",
          "LATE-PH-S08",
          "LOOP-S07",
          "MD-EAST-S18",
          "MD-MONT-S02",
          "WB-S01"
        ],
        "context_source_ids": [
          "DC-LATE-MAP-S03"
        ],
        "basis_claim_ids": [
          "TA-MD-MD-EAST-C38"
        ],
        "evidence_id": "segment-67d023b986c93397",
        "start_estimated_date": null,
        "end_estimated_date": null,
        "start_precision": "year",
        "end_precision": "year",
        "verified_start_date": null,
        "verified_end_date": null,
        "passenger_use_existence": "supported_at_named_corridor_scope",
        "geometry_correspondence": "source_scoped_not_full_segment_proof",
        "uncertainty_reason_group": "ordinary_date_and_scope_uncertainty"
      },
      "geometry": {
        "coordinates": [
          [
            -76.98347718983631,
            38.899738126323264
          ],
          [
            -76.98329133416681,
            38.899665056534026
          ],
          [
            -76.96980559332633,
            38.89720380258553
          ],
          [
            -76.96072665245175,
            38.89634364614
          ],
          [
            -76.95173455346003,
            38.895258962275015
          ]
        ],
        "type": "LineString"
      }
    },
    {
      "type": "Feature",
      "id": "segment-5781088087d9427b",
      "properties": {
        "segment_id": "segment-5781088087d9427b",
        "fid": 117,
        "name": "Whole retained carrier; geographic association only, not proof of complete service traversal. (DC portion)",
        "estimate_label": "Benning to Kenilworth DC map edge",
        "atlas_area_id": "DC",
        "geometry_hash": "236117c2084a389369d1d9b1f438c55ea6f687a6af43010fa373e5165a96a89d",
        "estimate_id": "PSL-20261008-segment-5781088087d9427b",
        "start_year": 1898,
        "end_year": 1949,
        "start_earliest_year": 1896,
        "start_latest_year": 1900,
        "end_earliest_year": 1948,
        "end_latest_year": 1949,
        "start_confidence": "medium",
        "end_confidence": "medium",
        "confidence_group": "medium_high",
        "estimate_status": "provisional_not_verified_not_admitted",
        "mixed_subextent": false,
        "has_known_periods": false,
        "citation_review_warning": null,
        "continuous_operation_asserted": false,
        "whole_segment_uniform_lifespan_asserted": false,
        "source_ids": [
          "AUDIT-DC-NPS2005-DUPONT",
          "AUDIT-NPS2005-MET-EARLY",
          "AUDIT-WILDWOOD-TERMINAL-NPS2005",
          "DC-RECON-NPS2005-E19",
          "GAP-CONV-S07",
          "GAP-CONV-S08",
          "INF-SRC-MD-NPS-STREETCAR",
          "LATE-PH-S08",
          "LOOP-S07",
          "MD-EAST-S18",
          "MD-MONT-S02",
          "WB-S01"
        ],
        "context_source_ids": [
          "DC-LATE-MAP-S03"
        ],
        "basis_claim_ids": [
          "TA-MD-MD-EAST-C38"
        ],
        "evidence_id": "segment-5781088087d9427b",
        "start_estimated_date": null,
        "end_estimated_date": null,
        "start_precision": "year",
        "end_precision": "year",
        "verified_start_date": null,
        "verified_end_date": null,
        "passenger_use_existence": "supported_at_named_corridor_scope",
        "geometry_correspondence": "source_scoped_not_full_segment_proof",
        "uncertainty_reason_group": "ordinary_date_and_scope_uncertainty"
      },
      "geometry": {
        "coordinates": [
          [
            -76.95173455346003,
            38.895258962275015
          ],
          [
            -76.94302211972746,
            38.90211908036233
          ],
          [
            -76.94046019604752,
            38.90393152110376
          ]
        ],
        "type": "LineString"
      }
    },
    {
      "type": "Feature",
      "id": "segment-8f2439519ea60621",
      "properties": {
        "segment_id": "segment-8f2439519ea60621",
        "fid": 118,
        "name": "Whole retained carrier; geographic association only, not proof of complete service traversal. (DC portion)",
        "estimate_label": "Kenilworth final approach to District boundary",
        "atlas_area_id": "DC",
        "geometry_hash": "ad480c5a61af5aa085043f7bc79171e1e0c28913ffb084db3947a7d071b4889f",
        "estimate_id": "PSL-20261008-segment-8f2439519ea60621",
        "start_year": 1898,
        "end_year": 1949,
        "start_earliest_year": 1896,
        "start_latest_year": 1900,
        "end_earliest_year": 1948,
        "end_latest_year": 1949,
        "start_confidence": "medium",
        "end_confidence": "medium",
        "confidence_group": "medium_high",
        "estimate_status": "provisional_not_verified_not_admitted",
        "mixed_subextent": false,
        "has_known_periods": false,
        "citation_review_warning": null,
        "continuous_operation_asserted": false,
        "whole_segment_uniform_lifespan_asserted": false,
        "source_ids": [
          "AUDIT-DC-NPS2005-DUPONT",
          "AUDIT-NPS2005-MET-EARLY",
          "AUDIT-WILDWOOD-TERMINAL-NPS2005",
          "DC-RECON-NPS2005-E19",
          "GAP-CONV-S07",
          "GAP-CONV-S08",
          "INF-SRC-MD-NPS-STREETCAR",
          "LATE-PH-S08",
          "LOOP-S07",
          "MD-EAST-S18",
          "MD-MONT-S02",
          "WB-S01"
        ],
        "context_source_ids": [
          "DC-LATE-MAP-S03"
        ],
        "basis_claim_ids": [
          "TA-MD-MD-EAST-C38"
        ],
        "evidence_id": "segment-8f2439519ea60621",
        "start_estimated_date": null,
        "end_estimated_date": null,
        "start_precision": "year",
        "end_precision": "year",
        "verified_start_date": null,
        "verified_end_date": null,
        "passenger_use_existence": "supported_at_named_corridor_scope",
        "geometry_correspondence": "source_scoped_not_full_segment_proof",
        "uncertainty_reason_group": "ordinary_date_and_scope_uncertainty"
      },
      "geometry": {
        "coordinates": [
          [
            -76.94046019604752,
            38.90393152110376
          ],
          [
            -76.93776020037225,
            38.90665380165263
          ],
          [
            -76.93566645191379,
            38.90908634500433
          ],
          [
            -76.93322769444204,
            38.91154477797768
          ]
        ],
        "type": "LineString"
      }
    },
    {
      "type": "Feature",
      "id": "segment-2add5fc7913d0dfb",
      "properties": {
        "segment_id": "segment-2add5fc7913d0dfb",
        "fid": 119,
        "name": "Whole retained carrier; geographic association only, not proof of complete service traversal. (PG portion)",
        "estimate_label": "Kenilworth final approach to District boundary",
        "atlas_area_id": "PG",
        "geometry_hash": "0061444313cb1e2dd8eeb1d7fbb43bff784ca91834067711f5f94b15ae26d38f",
        "estimate_id": "PSL-20261008-segment-2add5fc7913d0dfb",
        "start_year": 1898,
        "end_year": 1949,
        "start_earliest_year": 1896,
        "start_latest_year": 1900,
        "end_earliest_year": 1948,
        "end_latest_year": 1949,
        "start_confidence": "medium",
        "end_confidence": "medium",
        "confidence_group": "medium_high",
        "estimate_status": "provisional_not_verified_not_admitted",
        "mixed_subextent": false,
        "has_known_periods": false,
        "citation_review_warning": null,
        "continuous_operation_asserted": false,
        "whole_segment_uniform_lifespan_asserted": false,
        "source_ids": [
          "AUDIT-DC-NPS2005-DUPONT",
          "AUDIT-NPS2005-MET-EARLY",
          "AUDIT-WILDWOOD-TERMINAL-NPS2005",
          "DC-RECON-NPS2005-E19",
          "GAP-CONV-S07",
          "GAP-CONV-S08",
          "INF-SRC-MD-NPS-STREETCAR",
          "LATE-PH-S08",
          "LOOP-S07",
          "MD-EAST-S18",
          "MD-MONT-S02",
          "WB-S01"
        ],
        "context_source_ids": [
          "DC-LATE-MAP-S03"
        ],
        "basis_claim_ids": [
          "TA-MD-MD-EAST-C38"
        ],
        "evidence_id": "segment-2add5fc7913d0dfb",
        "start_estimated_date": null,
        "end_estimated_date": null,
        "start_precision": "year",
        "end_precision": "year",
        "verified_start_date": null,
        "verified_end_date": null,
        "passenger_use_existence": "supported_at_named_corridor_scope",
        "geometry_correspondence": "source_scoped_not_full_segment_proof",
        "uncertainty_reason_group": "ordinary_date_and_scope_uncertainty"
      },
      "geometry": {
        "coordinates": [
          [
            -76.93322769444204,
            38.91154477797768
          ],
          [
            -76.93296726182078,
            38.911807311727294
          ]
        ],
        "type": "LineString"
      }
    },
    {
      "type": "Feature",
      "id": "segment-499da4935bade4f8",
      "properties": {
        "segment_id": "segment-499da4935bade4f8",
        "fid": 120,
        "name": "Whole retained carrier; geographic association only, not proof of complete service traversal. (DC portion)",
        "estimate_label": "Seat Pleasant eastern private corridor",
        "atlas_area_id": "DC",
        "geometry_hash": "dc0cf0f23580fb67908f1199d2ed6561162ab738dd31033ba004ac8ccafb5b23",
        "estimate_id": "PSL-20261008-segment-499da4935bade4f8",
        "start_year": 1898,
        "end_year": 1949,
        "start_earliest_year": 1896,
        "start_latest_year": 1900,
        "end_earliest_year": 1948,
        "end_latest_year": 1949,
        "start_confidence": "medium",
        "end_confidence": "medium",
        "confidence_group": "medium_high",
        "estimate_status": "provisional_not_verified_not_admitted",
        "mixed_subextent": false,
        "has_known_periods": false,
        "citation_review_warning": null,
        "continuous_operation_asserted": false,
        "whole_segment_uniform_lifespan_asserted": false,
        "source_ids": [
          "AUDIT-DC-NPS2005-DUPONT",
          "AUDIT-NPS2005-MET-EARLY",
          "AUDIT-WILDWOOD-TERMINAL-NPS2005",
          "DC-RECON-NPS2005-E19",
          "GAP-CONV-S07",
          "GAP-CONV-S08",
          "INF-SRC-MD-NPS-STREETCAR",
          "LATE-PH-S08",
          "LOOP-S07",
          "MD-EAST-S18",
          "MD-MONT-S02",
          "WB-S01"
        ],
        "context_source_ids": [
          "DC-LATE-MAP-S03"
        ],
        "basis_claim_ids": [
          "TA-MD-MD-EAST-C38"
        ],
        "evidence_id": "segment-499da4935bade4f8",
        "start_estimated_date": null,
        "end_estimated_date": null,
        "start_precision": "year",
        "end_precision": "year",
        "verified_start_date": null,
        "verified_end_date": null,
        "passenger_use_existence": "supported_at_named_corridor_scope",
        "geometry_correspondence": "source_scoped_not_full_segment_proof",
        "uncertainty_reason_group": "ordinary_date_and_scope_uncertainty"
      },
      "geometry": {
        "coordinates": [
          [
            -76.94302211972746,
            38.90211908036233
          ],
          [
            -76.94040942601772,
            38.900833258296686
          ],
          [
            -76.93532448011776,
            38.89895371835264
          ],
          [
            -76.92436044102908,
            38.89668257607358
          ],
          [
            -76.91731338187319,
            38.89417060287592
          ],
          [
            -76.91591330037151,
            38.894127528631586
          ]
        ],
        "type": "LineString"
      }
    },
    {
      "type": "Feature",
      "id": "segment-b7b2cfeda91368dd",
      "properties": {
        "segment_id": "segment-b7b2cfeda91368dd",
        "fid": 121,
        "name": "Whole retained carrier; geographic association only, not proof of complete service traversal. (DC portion)",
        "estimate_label": "Upshur Soldiers Home branch",
        "atlas_area_id": "DC",
        "geometry_hash": "0bf5508556bff4b7559fe4d152a686b91a5920309c3fac7cae100e23eab2e7a7",
        "estimate_id": "PSL-20261008-segment-b7b2cfeda91368dd",
        "start_year": 1893,
        "end_year": 1960,
        "start_earliest_year": 1892,
        "start_latest_year": 1894,
        "end_earliest_year": 1960,
        "end_latest_year": 1960,
        "start_confidence": "medium",
        "end_confidence": "medium",
        "confidence_group": "medium_high",
        "estimate_status": "provisional_not_verified_not_admitted",
        "mixed_subextent": false,
        "has_known_periods": true,
        "citation_review_warning": null,
        "continuous_operation_asserted": false,
        "whole_segment_uniform_lifespan_asserted": false,
        "source_ids": [
          "G7-S-1955-INHERITED",
          "GAP-CONV-S07",
          "LATE-CONV-S04",
          "date-source-9d66f86d24fa03bc",
          "date-source-d8569aec0d752768"
        ],
        "context_source_ids": [
          "DC-LATE-MAP-S03"
        ],
        "basis_claim_ids": [
          "DC-TIME-DCLV-C09"
        ],
        "evidence_id": "segment-b7b2cfeda91368dd",
        "start_estimated_date": null,
        "end_estimated_date": null,
        "start_precision": "year",
        "end_precision": "year",
        "verified_start_date": null,
        "verified_end_date": null,
        "passenger_use_existence": "supported_at_named_corridor_scope",
        "geometry_correspondence": "source_scoped_not_full_segment_proof",
        "uncertainty_reason_group": "ordinary_date_and_scope_uncertainty"
      },
      "geometry": {
        "coordinates": [
          [
            -77.0256670328595,
            38.94133524989016
          ],
          [
            -77.01681034178048,
            38.94151878160287
          ]
        ],
        "type": "LineString"
      }
    },
    {
      "type": "Feature",
      "id": "segment-476f41004f22ec40",
      "properties": {
        "segment_id": "segment-476f41004f22ec40",
        "fid": 122,
        "name": "Whole retained carrier; geographic association only, not proof of complete service traversal. (DC portion)",
        "estimate_label": "Upshur Soldiers Home eastern end",
        "atlas_area_id": "DC",
        "geometry_hash": "8b8dc794f6d6a58fc881b0e22f351fe424f849d00fcae6854791b8411afcdf12",
        "estimate_id": "PSL-20261008-segment-476f41004f22ec40",
        "start_year": 1893,
        "end_year": 1960,
        "start_earliest_year": 1892,
        "start_latest_year": 1894,
        "end_earliest_year": 1960,
        "end_latest_year": 1960,
        "start_confidence": "medium",
        "end_confidence": "medium",
        "confidence_group": "medium_high",
        "estimate_status": "provisional_not_verified_not_admitted",
        "mixed_subextent": false,
        "has_known_periods": true,
        "citation_review_warning": null,
        "continuous_operation_asserted": false,
        "whole_segment_uniform_lifespan_asserted": false,
        "source_ids": [
          "G7-S-1955-INHERITED",
          "GAP-CONV-S07",
          "LATE-CONV-S04",
          "date-source-9d66f86d24fa03bc",
          "date-source-d8569aec0d752768"
        ],
        "context_source_ids": [
          "DC-LATE-MAP-S03"
        ],
        "basis_claim_ids": [
          "DC-TIME-DCLV-C09"
        ],
        "evidence_id": "segment-476f41004f22ec40",
        "start_estimated_date": null,
        "end_estimated_date": null,
        "start_precision": "year",
        "end_precision": "year",
        "verified_start_date": null,
        "verified_end_date": null,
        "passenger_use_existence": "supported_at_named_corridor_scope",
        "geometry_correspondence": "source_scoped_not_full_segment_proof",
        "uncertainty_reason_group": "ordinary_date_and_scope_uncertainty"
      },
      "geometry": {
        "coordinates": [
          [
            -77.01681034178048,
            38.94151878160287
          ],
          [
            -77.01453976979543,
            38.94159965869339
          ],
          [
            -77.01361795638559,
            38.941632480761335
          ]
        ],
        "type": "LineString"
      }
    },
    {
      "type": "Feature",
      "id": "segment-a6132e2c2c9e5df2",
      "properties": {
        "segment_id": "segment-a6132e2c2c9e5df2",
        "fid": 123,
        "name": "Whole retained carrier; geographic association only, not proof of complete service traversal. (DC portion)",
        "estimate_label": "Soldiers Home wye western arm estimate",
        "atlas_area_id": "DC",
        "geometry_hash": "96def5102b7d968d4565fa6f03a7c8d1facf5c5fd9c5ff40521259c818055df0",
        "estimate_id": "PSL-20261008-segment-a6132e2c2c9e5df2",
        "start_year": 1920,
        "end_year": 1960,
        "start_earliest_year": 1893,
        "start_latest_year": 1947,
        "end_earliest_year": 1958,
        "end_latest_year": 1960,
        "start_confidence": "very_low",
        "end_confidence": "low",
        "confidence_group": "very_low",
        "estimate_status": "provisional_not_verified_not_admitted",
        "mixed_subextent": false,
        "has_known_periods": true,
        "citation_review_warning": null,
        "continuous_operation_asserted": false,
        "whole_segment_uniform_lifespan_asserted": false,
        "source_ids": [
          "G7-S-1955-INHERITED",
          "GAP-CONV-S07",
          "LATE-CONV-S04",
          "date-source-9d66f86d24fa03bc",
          "date-source-d8569aec0d752768"
        ],
        "context_source_ids": [],
        "basis_claim_ids": [
          "DC-TIME-DCLV-C09"
        ],
        "evidence_id": "segment-a6132e2c2c9e5df2",
        "start_estimated_date": null,
        "end_estimated_date": null,
        "start_precision": "year",
        "end_precision": "year",
        "verified_start_date": null,
        "verified_end_date": null,
        "passenger_use_existence": "terminal_service_role_inferred_occupancy_unresolved",
        "geometry_correspondence": "estimated_turnback_or_barn_access",
        "uncertainty_reason_group": "possible_empty_turnback_or_barn_movement"
      },
      "geometry": {
        "coordinates": [
          [
            -77.01453976979543,
            38.94159965869339
          ],
          [
            -77.01450228342564,
            38.94160177649018
          ],
          [
            -77.01446546625326,
            38.941605397749484
          ],
          [
            -77.01442935499642,
            38.941610463374595
          ],
          [
            -77.01439398637346,
            38.941616914268714
          ],
          [
            -77.01435939710294,
            38.94162469133512
          ],
          [
            -77.0143256239036,
            38.941633735477154
          ],
          [
            -77.01429270349446,
            38.941643987598084
          ],
          [
            -77.01426067259474,
            38.94165538860127
          ],
          [
            -77.01422956792385,
            38.94166787939007
          ],
          [
            -77.01419942620144,
            38.941681400867814
          ],
          [
            -77.0141702841474,
            38.94169589393791
          ],
          [
            -77.01414217848176,
            38.94171129950371
          ],
          [
            -77.01411514592482,
            38.94172755846861
          ],
          [
            -77.01408922319706,
            38.94174461173597
          ],
          [
            -77.01406444701914,
            38.94176240020918
          ],
          [
            -77.01404085411191,
            38.94178086479163
          ],
          [
            -77.01401848119644,
            38.94179994638666
          ],
          [
            -77.01399736499397,
            38.941819585897605
          ],
          [
            -77.01397754222583,
            38.94183972422782
          ],
          [
            -77.01395904961362,
            38.9418603022806
          ],
          [
            -77.013941923879,
            38.94188126095923
          ],
          [
            -77.01392620174386,
            38.94190254116696
          ],
          [
            -77.01391191993012,
            38.94192408380701
          ],
          [
            -77.01389911515994,
            38.9419458297826
          ],
          [
            -77.01388782415549,
            38.941967719996825
          ],
          [
            -77.01387808363907,
            38.94198969535282
          ],
          [
            -77.01386993033309,
            38.94201169675361
          ],
          [
            -77.01386340096,
            38.942033665102194
          ],
          [
            -77.01385853224234,
            38.94205554130153
          ],
          [
            -77.01385536090267,
            38.942077266254444
          ],
          [
            -77.01385392366359,
            38.94209878086377
          ],
          [
            -77.0138542572477,
            38.94212002603223
          ]
        ],
        "type": "LineString"
      }
    },
    {
      "type": "Feature",
      "id": "segment-78b43f9f6d8a8b71",
      "properties": {
        "segment_id": "segment-78b43f9f6d8a8b71",
        "fid": 124,
        "name": "Whole retained carrier; geographic association only, not proof of complete service traversal. (DC portion)",
        "estimate_label": "Soldiers Home wye eastern arm estimate",
        "atlas_area_id": "DC",
        "geometry_hash": "e11ecf65577d65b6c8744ed578f62c5dc9be67bedb330b9778b27f7f012dae2e",
        "estimate_id": "PSL-20261008-segment-78b43f9f6d8a8b71",
        "start_year": 1920,
        "end_year": 1960,
        "start_earliest_year": 1893,
        "start_latest_year": 1947,
        "end_earliest_year": 1958,
        "end_latest_year": 1960,
        "start_confidence": "very_low",
        "end_confidence": "low",
        "confidence_group": "very_low",
        "estimate_status": "provisional_not_verified_not_admitted",
        "mixed_subextent": false,
        "has_known_periods": true,
        "citation_review_warning": null,
        "continuous_operation_asserted": false,
        "whole_segment_uniform_lifespan_asserted": false,
        "source_ids": [
          "G7-S-1955-INHERITED",
          "GAP-CONV-S07",
          "LATE-CONV-S04",
          "date-source-9d66f86d24fa03bc",
          "date-source-d8569aec0d752768"
        ],
        "context_source_ids": [],
        "basis_claim_ids": [
          "DC-TIME-DCLV-C09"
        ],
        "evidence_id": "segment-78b43f9f6d8a8b71",
        "start_estimated_date": null,
        "end_estimated_date": null,
        "start_precision": "year",
        "end_precision": "year",
        "verified_start_date": null,
        "verified_end_date": null,
        "passenger_use_existence": "terminal_service_role_inferred_occupancy_unresolved",
        "geometry_correspondence": "estimated_turnback_or_barn_access",
        "uncertainty_reason_group": "possible_empty_turnback_or_barn_movement"
      },
      "geometry": {
        "coordinates": [
          [
            -77.01361795638559,
            38.941632480761335
          ],
          [
            -77.01364090780946,
            38.94163257452079
          ],
          [
            -77.01366227003942,
            38.94163449157419
          ],
          [
            -77.01368210156367,
            38.94163814728314
          ],
          [
            -77.01370046087017,
            38.94164345700911
          ],
          [
            -77.01371740644655,
            38.941650336113476
          ],
          [
            -77.0137329967802,
            38.941658699957586
          ],
          [
            -77.01374729035832,
            38.94166846390264
          ],
          [
            -77.01376034566786,
            38.94167954330985
          ],
          [
            -77.01377222119562,
            38.94169185354026
          ],
          [
            -77.01378297542831,
            38.94170530995498
          ],
          [
            -77.01379266685241,
            38.941719827915
          ],
          [
            -77.01380135395439,
            38.94173532278122
          ],
          [
            -77.01380909522058,
            38.94175170991462
          ],
          [
            -77.0138159491373,
            38.94176890467602
          ],
          [
            -77.01382197419078,
            38.94178682242625
          ],
          [
            -77.01382722886727,
            38.94180537852617
          ],
          [
            -77.01383177165295,
            38.941824488336536
          ],
          [
            -77.01383566103405,
            38.94184406721809
          ],
          [
            -77.01383895549678,
            38.941864030531605
          ],
          [
            -77.01384171352741,
            38.94188429363779
          ],
          [
            -77.01384399361218,
            38.941904771897356
          ],
          [
            -77.01384585423747,
            38.94192538067103
          ],
          [
            -77.01384735388962,
            38.941946035319475
          ],
          [
            -77.01384855105506,
            38.94196665120337
          ],
          [
            -77.01384950422026,
            38.94198714368343
          ],
          [
            -77.01385027187179,
            38.9420074281203
          ],
          [
            -77.01385091249624,
            38.942027419874655
          ],
          [
            -77.01385148458029,
            38.942047034307194
          ],
          [
            -77.01385204661064,
            38.94206618677854
          ],
          [
            -77.01385265707408,
            38.942084792649396
          ],
          [
            -77.0138533744575,
            38.94210276728041
          ],
          [
            -77.0138542572477,
            38.94212002603223
          ]
        ],
        "type": "LineString"
      }
    },
    {
      "type": "Feature",
      "id": "segment-a987cd5043f24fc2",
      "properties": {
        "segment_id": "segment-a987cd5043f24fc2",
        "fid": 125,
        "name": "Whole retained carrier; geographic association only, not proof of complete service traversal. (DC portion)",
        "estimate_label": "Soldiers Home wye reversing tail estimate",
        "atlas_area_id": "DC",
        "geometry_hash": "c4918dffe8d9cc49095318d7cc349b8f80ce95f9316986dcf86a4b6b6abb2473",
        "estimate_id": "PSL-20261008-segment-a987cd5043f24fc2",
        "start_year": 1920,
        "end_year": 1960,
        "start_earliest_year": 1893,
        "start_latest_year": 1947,
        "end_earliest_year": 1958,
        "end_latest_year": 1960,
        "start_confidence": "very_low",
        "end_confidence": "low",
        "confidence_group": "very_low",
        "estimate_status": "provisional_not_verified_not_admitted",
        "mixed_subextent": false,
        "has_known_periods": true,
        "citation_review_warning": null,
        "continuous_operation_asserted": false,
        "whole_segment_uniform_lifespan_asserted": false,
        "source_ids": [
          "G7-S-1955-INHERITED",
          "GAP-CONV-S07",
          "LATE-CONV-S04",
          "date-source-9d66f86d24fa03bc",
          "date-source-d8569aec0d752768"
        ],
        "context_source_ids": [],
        "basis_claim_ids": [
          "DC-TIME-DCLV-C09"
        ],
        "evidence_id": "segment-a987cd5043f24fc2",
        "start_estimated_date": null,
        "end_estimated_date": null,
        "start_precision": "year",
        "end_precision": "year",
        "verified_start_date": null,
        "verified_end_date": null,
        "passenger_use_existence": "terminal_service_role_inferred_occupancy_unresolved",
        "geometry_correspondence": "estimated_turnback_or_barn_access",
        "uncertainty_reason_group": "possible_empty_turnback_or_barn_movement"
      },
      "geometry": {
        "coordinates": [
          [
            -77.0138542572477,
            38.94212002603223
          ],
          [
            -77.01385521983836,
            38.942132543172384
          ],
          [
            -77.01385661107555,
            38.94214479738007
          ],
          [
            -77.01385840238311,
            38.94215680618407
          ],
          [
            -77.01386056518479,
            38.942168587113215
          ],
          [
            -77.01386307090429,
            38.9421801576963
          ],
          [
            -77.01386589096538,
            38.94219153546212
          ],
          [
            -77.01386899679173,
            38.94220273793953
          ],
          [
            -77.013872359807,
            38.94221378265728
          ],
          [
            -77.01387595143488,
            38.942224687144225
          ],
          [
            -77.01387974309898,
            38.94223546892914
          ],
          [
            -77.01388370622296,
            38.94224614554087
          ],
          [
            -77.01388781223041,
            38.94225673450823
          ],
          [
            -77.01389203254493,
            38.94226725336004
          ],
          [
            -77.01389633859011,
            38.94227771962514
          ],
          [
            -77.01390070178952,
            38.94228815083233
          ],
          [
            -77.01390509356673,
            38.942298564510466
          ],
          [
            -77.0139094853453,
            38.94230897818838
          ],
          [
            -77.01391384854873,
            38.94231940939493
          ],
          [
            -77.01391815460059,
            38.942329875658956
          ],
          [
            -77.01392237492435,
            38.94234039450931
          ],
          [
            -77.01392648094354,
            38.942350983474846
          ],
          [
            -77.01393044408165,
            38.942361660084444
          ],
          [
            -77.01393423576214,
            38.94237244186695
          ],
          [
            -77.01393782740848,
            38.942383346351235
          ],
          [
            -77.01394119044413,
            38.94239439106617
          ],
          [
            -77.01394429629248,
            38.94240559354065
          ],
          [
            -77.01394711637697,
            38.94241697130352
          ],
          [
            -77.013949622121,
            38.942428541883686
          ],
          [
            -77.0139517849479,
            38.94244032280999
          ],
          [
            -77.01395357628108,
            38.942452331611335
          ],
          [
            -77.01395496754384,
            38.942464585816595
          ],
          [
            -77.01395593015944,
            38.94247710295464
          ]
        ],
        "type": "LineString"
      }
    },
    {
      "type": "Feature",
      "id": "segment-3efb96e7f0e9aff0",
      "properties": {
        "segment_id": "segment-3efb96e7f0e9aff0",
        "fid": 126,
        "name": "Whole retained carrier; geographic association only, not proof of complete service traversal. (DC portion)",
        "estimate_label": "Anacostia / Nichols shared approach",
        "atlas_area_id": "DC",
        "geometry_hash": "a2af998d8909ae194c1d6230ffdcc6d46f8c579f24d0b7deb8004d763ceb7c7b",
        "estimate_id": "PSL-20261008-segment-3efb96e7f0e9aff0",
        "start_year": 1875,
        "end_year": 1935,
        "start_earliest_year": 1875,
        "start_latest_year": 1880,
        "end_earliest_year": 1935,
        "end_latest_year": 1935,
        "start_confidence": "medium",
        "end_confidence": "medium",
        "confidence_group": "medium_high",
        "estimate_status": "provisional_not_verified_not_admitted",
        "mixed_subextent": false,
        "has_known_periods": false,
        "citation_review_warning": null,
        "continuous_operation_asserted": false,
        "whole_segment_uniform_lifespan_asserted": false,
        "source_ids": [
          "AUDIT-DC-NPS2005-DUPONT",
          "AUDIT-NPS2005-MET-EARLY",
          "AUDIT-PUC1935-P35",
          "AUDIT-WILDWOOD-TERMINAL-NPS2005",
          "DC-RECON-NPS2005-E19",
          "GAP-CONV-S08",
          "GDR-SRC-PUC1935",
          "INF-SRC-MD-NPS-STREETCAR",
          "LATE-CONV-S01",
          "LATE-PH-S08",
          "LATE-PH-S11",
          "LOOP-S07",
          "MD-EAST-S18",
          "MD-MONT-S02",
          "WB-S01"
        ],
        "context_source_ids": [
          "GAR1892-LOC"
        ],
        "basis_claim_ids": [
          "DC-TIME-DCLV-C03"
        ],
        "evidence_id": "segment-3efb96e7f0e9aff0",
        "start_estimated_date": null,
        "end_estimated_date": null,
        "start_precision": "year",
        "end_precision": "year",
        "verified_start_date": null,
        "verified_end_date": null,
        "passenger_use_existence": "supported_at_named_corridor_scope",
        "geometry_correspondence": "source_scoped_not_full_segment_proof",
        "uncertainty_reason_group": "ordinary_date_and_scope_uncertainty"
      },
      "geometry": {
        "coordinates": [
          [
            -76.98837007510096,
            38.867917334146064
          ],
          [
            -76.98845959228973,
            38.867521964989145
          ],
          [
            -76.9897295265085,
            38.8645694449679
          ],
          [
            -76.99033939342166,
            38.86347604643283
          ],
          [
            -76.99211456404674,
            38.862530035920244
          ],
          [
            -76.99318876219147,
            38.8619843255684
          ],
          [
            -76.99351632284599,
            38.861583540628054
          ],
          [
            -76.99407748862002,
            38.8610006799352
          ],
          [
            -76.99459230434677,
            38.860271839017884
          ]
        ],
        "type": "LineString"
      }
    },
    {
      "type": "Feature",
      "id": "segment-62a2f299cc434b4c",
      "properties": {
        "segment_id": "segment-62a2f299cc434b4c",
        "fid": 127,
        "name": "Whole retained carrier; geographic association only, not proof of complete service traversal. (DC portion)",
        "estimate_label": "Congress Heights Nichols Avenue trunk",
        "atlas_area_id": "DC",
        "geometry_hash": "5f757829ed2aed3dd5a675ec7c0c643d12c6f1c7a281ea54641ab9da7c2bc17f",
        "estimate_id": "PSL-20261008-segment-62a2f299cc434b4c",
        "start_year": 1896,
        "end_year": 1935,
        "start_earliest_year": 1895,
        "start_latest_year": 1900,
        "end_earliest_year": 1935,
        "end_latest_year": 1935,
        "start_confidence": "medium",
        "end_confidence": "medium",
        "confidence_group": "medium_high",
        "estimate_status": "provisional_not_verified_not_admitted",
        "mixed_subextent": false,
        "has_known_periods": false,
        "citation_review_warning": null,
        "continuous_operation_asserted": false,
        "whole_segment_uniform_lifespan_asserted": false,
        "source_ids": [
          "AUDIT-DC-NPS2005-DUPONT",
          "AUDIT-NPS2005-MET-EARLY",
          "AUDIT-PUC1935-P35",
          "AUDIT-WILDWOOD-TERMINAL-NPS2005",
          "DC-RECON-NPS2005-E19",
          "GAP-CONV-S07",
          "GAP-CONV-S08",
          "GDR-SRC-PUC1935",
          "INF-SRC-MD-NPS-STREETCAR",
          "LATE-CONV-S01",
          "LATE-PH-S08",
          "LATE-PH-S11",
          "LOOP-S07",
          "MD-EAST-S18",
          "MD-MONT-S02",
          "WB-S01"
        ],
        "context_source_ids": [],
        "basis_claim_ids": [
          "DC-TIME-DCLV-C03"
        ],
        "evidence_id": "segment-62a2f299cc434b4c",
        "start_estimated_date": null,
        "end_estimated_date": null,
        "start_precision": "year",
        "end_precision": "year",
        "verified_start_date": null,
        "verified_end_date": null,
        "passenger_use_existence": "inferred_from_corridor_history",
        "geometry_correspondence": "corridor_correspondence_requires_review",
        "uncertainty_reason_group": "ordinary_date_and_scope_uncertainty"
      },
      "geometry": {
        "coordinates": [
          [
            -76.99459230434677,
            38.860271839017884
          ],
          [
            -76.99529435074803,
            38.85917843013072
          ],
          [
            -76.9957163736227,
            38.85808457257169
          ],
          [
            -76.99604490078329,
            38.85699050543888
          ],
          [
            -76.99623380429068,
            38.85560425248947
          ],
          [
            -76.99623914204767,
            38.85133437088985
          ],
          [
            -76.9963815734973,
            38.84677141388484
          ],
          [
            -76.99694111920086,
            38.84549435438912
          ],
          [
            -76.99852562886738,
            38.84370750500673
          ]
        ],
        "type": "LineString"
      }
    },
    {
      "type": "Feature",
      "id": "segment-f4b9e887ee42df15",
      "properties": {
        "segment_id": "segment-f4b9e887ee42df15",
        "fid": 128,
        "name": "Whole retained carrier; geographic association only, not proof of complete service traversal. (DC portion)",
        "estimate_label": "Nichols Avenue Congress Heights to Upsal Street extension estimate",
        "atlas_area_id": "DC",
        "geometry_hash": "436c0b58b3ccdbf3de05bd00ad6a9fbeecd496b3fe662bd24d615c47b8980e30",
        "estimate_id": "PSL-20261008-segment-f4b9e887ee42df15",
        "start_year": 1916,
        "end_year": 1935,
        "start_earliest_year": 1915,
        "start_latest_year": 1918,
        "end_earliest_year": 1935,
        "end_latest_year": 1935,
        "start_confidence": "medium",
        "end_confidence": "medium",
        "confidence_group": "medium_high",
        "estimate_status": "provisional_not_verified_not_admitted",
        "mixed_subextent": false,
        "has_known_periods": false,
        "citation_review_warning": null,
        "continuous_operation_asserted": false,
        "whole_segment_uniform_lifespan_asserted": false,
        "source_ids": [
          "AUDIT-PUC1935-P35",
          "BR-S005",
          "BR-S006",
          "DC-REVIEW-STAR19180420-S01",
          "GDR-SRC-PUC1935",
          "LATE-CONV-S01",
          "LATE-PH-S11",
          "STAR19180420-P8",
          "date-source-75829e555111adb7",
          "date-source-c556bf8f53aa9934"
        ],
        "context_source_ids": [],
        "basis_claim_ids": [
          "DC-TIME-NICHOLS-UPSAL-INCOMPLETE-1915",
          "DC-TIME-NICHOLS-UPSAL-COMPLETE-1916",
          "DC-TIME-OBS-33ff615b92de",
          "DC-TIME-DCLV-C03"
        ],
        "evidence_id": "segment-f4b9e887ee42df15",
        "start_estimated_date": null,
        "end_estimated_date": null,
        "start_precision": "year",
        "end_precision": "year",
        "verified_start_date": null,
        "verified_end_date": null,
        "passenger_use_existence": "inferred_from_corridor_history",
        "geometry_correspondence": "corridor_correspondence_requires_review",
        "uncertainty_reason_group": "ordinary_date_and_scope_uncertainty"
      },
      "geometry": {
        "coordinates": [
          [
            -76.99852562886738,
            38.84370750500673
          ],
          [
            -76.99914159716512,
            38.84333209302298
          ],
          [
            -76.99993916426577,
            38.84299325212921
          ],
          [
            -77.0009204018021,
            38.84267818858268
          ],
          [
            -77.00202402321248,
            38.842386947794196
          ],
          [
            -77.00318858122415,
            38.8421678585511
          ],
          [
            -77.00349534267785,
            38.84202254453586
          ],
          [
            -77.0036800293941,
            38.84175676949523
          ],
          [
            -77.00392664205945,
            38.84129779264339
          ],
          [
            -77.00435783499437,
            38.84059705583298
          ],
          [
            -77.00475821140569,
            38.839944537600566
          ],
          [
            -77.00521989150226,
            38.83926764367186
          ],
          [
            -77.00568153780338,
            38.83859061916462
          ],
          [
            -77.00605095620305,
            38.838010258761486
          ]
        ],
        "type": "LineString"
      }
    },
    {
      "type": "Feature",
      "id": "segment-d2c9a97010b7710e",
      "properties": {
        "segment_id": "segment-d2c9a97010b7710e",
        "fid": 129,
        "name": "Whole retained carrier; geographic association only, not proof of complete service traversal. (DC portion)",
        "estimate_label": "Riverside Georgetown Cabin John main",
        "atlas_area_id": "DC",
        "geometry_hash": "bd28e770ec0db98ba81b12cd67eb39f55d248ae940241def34b12ea5afb96e58",
        "estimate_id": "PSL-20261008-segment-d2c9a97010b7710e",
        "start_year": 1895,
        "end_year": 1960,
        "start_earliest_year": 1895,
        "start_latest_year": 1897,
        "end_earliest_year": 1960,
        "end_latest_year": 1960,
        "start_confidence": "medium",
        "end_confidence": "medium",
        "confidence_group": "medium_high",
        "estimate_status": "provisional_not_verified_not_admitted",
        "mixed_subextent": false,
        "has_known_periods": true,
        "citation_review_warning": null,
        "continuous_operation_asserted": false,
        "whole_segment_uniform_lifespan_asserted": false,
        "source_ids": [
          "EST-DDOT-PALISADES2019",
          "G7-S-1955-INHERITED",
          "LATE-CONV-S04",
          "date-source-9d66f86d24fa03bc",
          "date-source-d8569aec0d752768"
        ],
        "context_source_ids": [
          "DC-LATE-MAP-S03",
          "LATE-CONV-S04"
        ],
        "basis_claim_ids": [
          "TA-MD-NEW-CR-CABIN-1960"
        ],
        "evidence_id": "segment-d2c9a97010b7710e",
        "start_estimated_date": null,
        "end_estimated_date": null,
        "start_precision": "year",
        "end_precision": "year",
        "verified_start_date": null,
        "verified_end_date": null,
        "passenger_use_existence": "supported_at_named_corridor_scope",
        "geometry_correspondence": "source_scoped_not_full_segment_proof",
        "uncertainty_reason_group": "ordinary_date_and_scope_uncertainty"
      },
      "geometry": {
        "coordinates": [
          [
            -77.0718523192579,
            38.905689107124616
          ],
          [
            -77.07304262810224,
            38.90562643564068
          ],
          [
            -77.07470935894503,
            38.905436490943664
          ],
          [
            -77.0756603698123,
            38.9054463565446
          ],
          [
            -77.07679617759031,
            38.90564171280196
          ],
          [
            -77.07779885066176,
            38.90631251881568
          ],
          [
            -77.07832059353181,
            38.9064650149203
          ],
          [
            -77.08053255126269,
            38.906159797470075
          ],
          [
            -77.08255528459986,
            38.9058160712314
          ],
          [
            -77.08397084308363,
            38.905832405238975
          ],
          [
            -77.08619651992116,
            38.90633561376512
          ],
          [
            -77.08875822681624,
            38.90717429785401
          ],
          [
            -77.09118403918507,
            38.908306765848
          ],
          [
            -77.09380904721135,
            38.90995866589458
          ],
          [
            -77.09534778464528,
            38.91145174069064
          ],
          [
            -77.09675911760625,
            38.91353514836449
          ],
          [
            -77.09797974231635,
            38.9154338618469
          ],
          [
            -77.09900807555692,
            38.91711011219429
          ],
          [
            -77.09989519856198,
            38.91874888846352
          ],
          [
            -77.10111626683435,
            38.920541075735954
          ],
          [
            -77.10261535742002,
            38.92215251684219
          ],
          [
            -77.10391007971864,
            38.9231319189478
          ],
          [
            -77.10624954061201,
            38.92453178595034
          ],
          [
            -77.10749189782692,
            38.925325252643475
          ],
          [
            -77.10874358289614,
            38.92648973882694
          ],
          [
            -77.10986176738697,
            38.92794963273325
          ],
          [
            -77.11098946329477,
            38.92978106021003
          ],
          [
            -77.11192433558122,
            38.93142503817833
          ],
          [
            -77.11271530465928,
            38.93295625013401
          ],
          [
            -77.11334293822506,
            38.93363148539735
          ],
          [
            -77.11437006598784,
            38.935239511523214
          ],
          [
            -77.11437158523238,
            38.93778555616678
          ]
        ],
        "type": "LineString"
      }
    },
    {
      "type": "Feature",
      "id": "segment-3bc09fbbfa0fde73",
      "properties": {
        "segment_id": "segment-3bc09fbbfa0fde73",
        "fid": 130,
        "name": "Whole retained carrier; geographic association only, not proof of complete service traversal. (DC portion)",
        "estimate_label": "Belt P Street northern path",
        "atlas_area_id": "DC",
        "geometry_hash": "dfd9cab0df97437bd46e309757baec707802dd4286f3d27b8631757ab08bc80f",
        "estimate_id": "PSL-20261008-segment-3bc09fbbfa0fde73",
        "start_year": 1875,
        "end_year": 1900,
        "start_earliest_year": 1875,
        "start_latest_year": 1880,
        "end_earliest_year": 1892,
        "end_latest_year": 1935,
        "start_confidence": "medium",
        "end_confidence": "low",
        "confidence_group": "low",
        "estimate_status": "provisional_not_verified_not_admitted",
        "mixed_subextent": false,
        "has_known_periods": false,
        "citation_review_warning": null,
        "continuous_operation_asserted": false,
        "whole_segment_uniform_lifespan_asserted": false,
        "source_ids": [
          "AUDIT-DC-NPS2005-DUPONT",
          "AUDIT-NPS2005-MET-EARLY",
          "AUDIT-WILDWOOD-TERMINAL-NPS2005",
          "DC-RECON-NPS2005-E19",
          "GAP-CONV-S08",
          "INF-SRC-MD-NPS-STREETCAR",
          "LATE-PH-S08",
          "LOOP-S07",
          "MD-EAST-S18",
          "MD-MONT-S02",
          "WB-S01"
        ],
        "context_source_ids": [
          "GAR1892-LOC"
        ],
        "basis_claim_ids": [],
        "evidence_id": "segment-3bc09fbbfa0fde73",
        "start_estimated_date": null,
        "end_estimated_date": null,
        "start_precision": "year",
        "end_precision": "year",
        "verified_start_date": null,
        "verified_end_date": null,
        "passenger_use_existence": "supported_at_named_corridor_scope",
        "geometry_correspondence": "source_scoped_not_full_segment_proof",
        "uncertainty_reason_group": "ordinary_date_and_scope_uncertainty"
      },
      "geometry": {
        "coordinates": [
          [
            -77.02697698935306,
            38.910064311741436
          ],
          [
            -77.016163,
            38.909642
          ]
        ],
        "type": "LineString"
      }
    },
    {
      "type": "Feature",
      "id": "segment-4f74668bac9637ed",
      "properties": {
        "segment_id": "segment-4f74668bac9637ed",
        "fid": 131,
        "name": "Whole retained carrier; geographic association only, not proof of complete service traversal. (DC portion)",
        "estimate_label": "Belt O Street southern parallel",
        "atlas_area_id": "DC",
        "geometry_hash": "166668773f81d0f33d91cc4191b3fb47e05301c1e539bd823edb84323c8baf2e",
        "estimate_id": "PSL-20261008-segment-4f74668bac9637ed",
        "start_year": 1875,
        "end_year": 1900,
        "start_earliest_year": 1875,
        "start_latest_year": 1880,
        "end_earliest_year": 1892,
        "end_latest_year": 1935,
        "start_confidence": "medium",
        "end_confidence": "low",
        "confidence_group": "low",
        "estimate_status": "provisional_not_verified_not_admitted",
        "mixed_subextent": false,
        "has_known_periods": false,
        "citation_review_warning": null,
        "continuous_operation_asserted": false,
        "whole_segment_uniform_lifespan_asserted": false,
        "source_ids": [
          "AUDIT-DC-NPS2005-DUPONT",
          "AUDIT-NPS2005-MET-EARLY",
          "AUDIT-WILDWOOD-TERMINAL-NPS2005",
          "DC-RECON-NPS2005-E19",
          "GAP-CONV-S08",
          "INF-SRC-MD-NPS-STREETCAR",
          "LATE-PH-S08",
          "LOOP-S07",
          "MD-EAST-S18",
          "MD-MONT-S02",
          "WB-S01"
        ],
        "context_source_ids": [
          "GAP-DC-OGDEN1876"
        ],
        "basis_claim_ids": [],
        "evidence_id": "segment-4f74668bac9637ed",
        "start_estimated_date": null,
        "end_estimated_date": null,
        "start_precision": "year",
        "end_precision": "year",
        "verified_start_date": null,
        "verified_end_date": null,
        "passenger_use_existence": "supported_at_named_corridor_scope",
        "geometry_correspondence": "source_scoped_not_full_segment_proof",
        "uncertainty_reason_group": "ordinary_date_and_scope_uncertainty"
      },
      "geometry": {
        "coordinates": [
          [
            -77.02689221183604,
            38.9088269420582
          ],
          [
            -77.016173,
            38.908571
          ]
        ],
        "type": "LineString"
      }
    },
    {
      "type": "Feature",
      "id": "segment-dcd506f20252635f",
      "properties": {
        "segment_id": "segment-dcd506f20252635f",
        "fid": 132,
        "name": "Ohio Avenue Fourteenth-to-Twelfth (DC portion)",
        "estimate_label": "Early Belt Ohio Avenue–Twelfth southwest leg",
        "atlas_area_id": "DC",
        "geometry_hash": "69b970102b6b2415e523b8a4f4a0478fe6d9356b38043a32936467ce65ad60c6",
        "estimate_id": "PSL-20261008-segment-dcd506f20252635f",
        "start_year": 1875,
        "end_year": 1900,
        "start_earliest_year": 1875,
        "start_latest_year": 1880,
        "end_earliest_year": 1892,
        "end_latest_year": 1935,
        "start_confidence": "medium",
        "end_confidence": "low",
        "confidence_group": "low",
        "estimate_status": "provisional_not_verified_not_admitted",
        "mixed_subextent": false,
        "has_known_periods": false,
        "citation_review_warning": null,
        "continuous_operation_asserted": false,
        "whole_segment_uniform_lifespan_asserted": false,
        "source_ids": [
          "AUDIT-DC-NPS2005-DUPONT",
          "AUDIT-NPS2005-MET-EARLY",
          "AUDIT-WILDWOOD-TERMINAL-NPS2005",
          "DC-RECON-NPS2005-E19",
          "GAP-CONV-S08",
          "INF-SRC-MD-NPS-STREETCAR",
          "LATE-PH-S08",
          "LOOP-S07",
          "MD-EAST-S18",
          "MD-MONT-S02",
          "WB-S01"
        ],
        "context_source_ids": [
          "GAP-DC-OGDEN1876"
        ],
        "basis_claim_ids": [],
        "evidence_id": "segment-dcd506f20252635f",
        "start_estimated_date": null,
        "end_estimated_date": null,
        "start_precision": "year",
        "end_precision": "year",
        "verified_start_date": null,
        "verified_end_date": null,
        "passenger_use_existence": "supported_at_named_corridor_scope",
        "geometry_correspondence": "source_scoped_not_full_segment_proof",
        "uncertainty_reason_group": "ordinary_date_and_scope_uncertainty"
      },
      "geometry": {
        "coordinates": [
          [
            -77.03134001173524,
            38.893806494872685
          ],
          [
            -77.02814758612068,
            38.892679895746774
          ]
        ],
        "type": "LineString"
      }
    },
    {
      "type": "Feature",
      "id": "segment-10818b1d11455d11",
      "properties": {
        "segment_id": "segment-10818b1d11455d11",
        "fid": 133,
        "name": "Twelfth Street Ohio-to-Virginia (DC portion)",
        "estimate_label": "Early Belt Ohio Avenue–Twelfth southwest leg",
        "atlas_area_id": "DC",
        "geometry_hash": "bfe38373a8577da3851405561675bf307e7b6e60f2736bc4523508d2a3396a9b",
        "estimate_id": "PSL-20261008-segment-10818b1d11455d11",
        "start_year": 1875,
        "end_year": 1900,
        "start_earliest_year": 1875,
        "start_latest_year": 1880,
        "end_earliest_year": 1892,
        "end_latest_year": 1935,
        "start_confidence": "medium",
        "end_confidence": "low",
        "confidence_group": "low",
        "estimate_status": "provisional_not_verified_not_admitted",
        "mixed_subextent": false,
        "has_known_periods": false,
        "citation_review_warning": null,
        "continuous_operation_asserted": false,
        "whole_segment_uniform_lifespan_asserted": false,
        "source_ids": [
          "AUDIT-DC-NPS2005-DUPONT",
          "AUDIT-NPS2005-MET-EARLY",
          "AUDIT-WILDWOOD-TERMINAL-NPS2005",
          "DC-RECON-NPS2005-E19",
          "GAP-CONV-S08",
          "INF-SRC-MD-NPS-STREETCAR",
          "LATE-PH-S08",
          "LOOP-S07",
          "MD-EAST-S18",
          "MD-MONT-S02",
          "WB-S01"
        ],
        "context_source_ids": [],
        "basis_claim_ids": [],
        "evidence_id": "segment-10818b1d11455d11",
        "start_estimated_date": null,
        "end_estimated_date": null,
        "start_precision": "year",
        "end_precision": "year",
        "verified_start_date": null,
        "verified_end_date": null,
        "passenger_use_existence": "inferred_from_corridor_history",
        "geometry_correspondence": "corridor_correspondence_requires_review",
        "uncertainty_reason_group": "ordinary_date_and_scope_uncertainty"
      },
      "geometry": {
        "coordinates": [
          [
            -77.02814758612068,
            38.892679895746774
          ],
          [
            -77.02886730502911,
            38.887159025699475
          ]
        ],
        "type": "LineString"
      }
    },
    {
      "type": "Feature",
      "id": "segment-9ad19743e83e2b18",
      "properties": {
        "segment_id": "segment-9ad19743e83e2b18",
        "fid": 134,
        "name": "Whole retained carrier; geographic association only, not proof of complete service traversal. (DC portion)",
        "estimate_label": "Early Belt Virginia Avenue-C Street-Maryland Avenue link",
        "atlas_area_id": "DC",
        "geometry_hash": "ee152d08a925531b61dcd60a363ce9c262d8b10fc99ace5dc002387238c6b957",
        "estimate_id": "PSL-20261008-segment-9ad19743e83e2b18",
        "start_year": 1875,
        "end_year": 1900,
        "start_earliest_year": 1875,
        "start_latest_year": 1880,
        "end_earliest_year": 1892,
        "end_latest_year": 1935,
        "start_confidence": "medium",
        "end_confidence": "low",
        "confidence_group": "low",
        "estimate_status": "provisional_not_verified_not_admitted",
        "mixed_subextent": false,
        "has_known_periods": false,
        "citation_review_warning": null,
        "continuous_operation_asserted": false,
        "whole_segment_uniform_lifespan_asserted": false,
        "source_ids": [
          "AUDIT-DC-NPS2005-DUPONT",
          "AUDIT-NPS2005-MET-EARLY",
          "AUDIT-WILDWOOD-TERMINAL-NPS2005",
          "DC-RECON-NPS2005-E19",
          "GAP-CONV-S08",
          "INF-SRC-MD-NPS-STREETCAR",
          "LATE-PH-S08",
          "LOOP-S07",
          "MD-EAST-S18",
          "MD-MONT-S02",
          "WB-S01"
        ],
        "context_source_ids": [
          "GAR1892-LOC"
        ],
        "basis_claim_ids": [],
        "evidence_id": "segment-9ad19743e83e2b18",
        "start_estimated_date": null,
        "end_estimated_date": null,
        "start_precision": "year",
        "end_precision": "year",
        "verified_start_date": null,
        "verified_end_date": null,
        "passenger_use_existence": "supported_at_named_corridor_scope",
        "geometry_correspondence": "source_scoped_not_full_segment_proof",
        "uncertainty_reason_group": "ordinary_date_and_scope_uncertainty"
      },
      "geometry": {
        "coordinates": [
          [
            -77.02679677173171,
            38.88661711998621
          ],
          [
            -77.02255740758525,
            38.88461680303109
          ],
          [
            -77.01978359175136,
            38.884715319373285
          ],
          [
            -77.01201597255407,
            38.88849081246903
          ]
        ],
        "type": "LineString"
      }
    },
    {
      "type": "Feature",
      "id": "segment-1fb2224c937f3a5b",
      "properties": {
        "segment_id": "segment-1fb2224c937f3a5b",
        "fid": 135,
        "name": "Whole retained carrier; geographic association only, not proof of complete service traversal. (DC portion)",
        "estimate_label": "Old B&O depot First Street C connector",
        "atlas_area_id": "DC",
        "geometry_hash": "4070b906949b255d8e8db2087b3f5ededb9bb96f58c23445114f2c6625adf632",
        "estimate_id": "PSL-20261008-segment-1fb2224c937f3a5b",
        "start_year": 1862,
        "end_year": 1907,
        "start_earliest_year": 1862,
        "start_latest_year": 1865,
        "end_earliest_year": 1907,
        "end_latest_year": 1908,
        "start_confidence": "low",
        "end_confidence": "low",
        "confidence_group": "low",
        "estimate_status": "provisional_not_verified_not_admitted",
        "mixed_subextent": false,
        "has_known_periods": false,
        "citation_review_warning": null,
        "continuous_operation_asserted": false,
        "whole_segment_uniform_lifespan_asserted": false,
        "source_ids": [
          "AUDIT-DC-NPS2005-DUPONT",
          "AUDIT-NPS2005-MET-EARLY",
          "AUDIT-WILDWOOD-TERMINAL-NPS2005",
          "DC-RECON-NPS2005-E19",
          "GAP-CONV-S08",
          "INF-SRC-MD-NPS-STREETCAR",
          "LATE-PH-S08",
          "LOOP-S07",
          "MD-EAST-S18",
          "MD-MONT-S02",
          "WB-S01"
        ],
        "context_source_ids": [],
        "basis_claim_ids": [],
        "evidence_id": "segment-1fb2224c937f3a5b",
        "start_estimated_date": null,
        "end_estimated_date": null,
        "start_precision": "year",
        "end_precision": "year",
        "verified_start_date": null,
        "verified_end_date": null,
        "passenger_use_existence": "inferred_from_corridor_history",
        "geometry_correspondence": "corridor_correspondence_requires_review",
        "uncertainty_reason_group": "ordinary_date_and_scope_uncertainty"
      },
      "geometry": {
        "coordinates": [
          [
            -77.01190559227996,
            38.89303515330328
          ],
          [
            -77.01054566295747,
            38.892733495013545
          ],
          [
            -77.0101038848844,
            38.891806431373944
          ]
        ],
        "type": "LineString"
      }
    },
    {
      "type": "Feature",
      "id": "segment-d90c9c20473c950f",
      "properties": {
        "segment_id": "segment-d90c9c20473c950f",
        "fid": 136,
        "name": "Whole retained carrier; geographic association only, not proof of complete service traversal. (DC portion)",
        "estimate_label": "1880 M Street waterfront transverse, Water to Eleventh",
        "atlas_area_id": "DC",
        "geometry_hash": "97a32138a3030e26a7929dbf64613e2c1ef6df2b8620a98a8d191a3d472394e1",
        "estimate_id": "PSL-20261008-segment-d90c9c20473c950f",
        "start_year": 1875,
        "end_year": 1935,
        "start_earliest_year": 1875,
        "start_latest_year": 1880,
        "end_earliest_year": 1920,
        "end_latest_year": 1935,
        "start_confidence": "medium",
        "end_confidence": "low",
        "confidence_group": "low",
        "estimate_status": "provisional_not_verified_not_admitted",
        "mixed_subextent": false,
        "has_known_periods": false,
        "citation_review_warning": null,
        "continuous_operation_asserted": false,
        "whole_segment_uniform_lifespan_asserted": false,
        "source_ids": [
          "AUDIT-DC-NPS2005-DUPONT",
          "AUDIT-NPS2005-MET-EARLY",
          "AUDIT-PUC1935-P35",
          "AUDIT-WILDWOOD-TERMINAL-NPS2005",
          "DC-RECON-NPS2005-E19",
          "GAP-CONV-S08",
          "GDR-SRC-PUC1935",
          "INF-SRC-MD-NPS-STREETCAR",
          "LATE-CONV-S01",
          "LATE-PH-S08",
          "LATE-PH-S11",
          "LOOP-S07",
          "MD-EAST-S18",
          "MD-MONT-S02",
          "WB-S01"
        ],
        "context_source_ids": [
          "GAP-DC-MERCHANTS1887"
        ],
        "basis_claim_ids": [
          "DC-TIME-DCLV-C03"
        ],
        "evidence_id": "segment-d90c9c20473c950f",
        "start_estimated_date": null,
        "end_estimated_date": null,
        "start_precision": "year",
        "end_precision": "year",
        "verified_start_date": null,
        "verified_end_date": null,
        "passenger_use_existence": "supported_at_named_corridor_scope",
        "geometry_correspondence": "source_scoped_not_full_segment_proof",
        "uncertainty_reason_group": "ordinary_date_and_scope_uncertainty"
      },
      "geometry": {
        "coordinates": [
          [
            -77.02147867704028,
            38.876184242297654
          ],
          [
            -77.01760146470691,
            38.876180812381236
          ],
          [
            -77.01030509659404,
            38.87617256268912
          ],
          [
            -77.00453718925597,
            38.87613155504873
          ],
          [
            -76.99485077356118,
            38.876164930171115
          ],
          [
            -76.99126090883622,
            38.87616414867787
          ]
        ],
        "type": "LineString"
      }
    },
    {
      "type": "Feature",
      "id": "segment-94e4445b061d4a2a",
      "properties": {
        "segment_id": "segment-94e4445b061d4a2a",
        "fid": 137,
        "name": "Whole retained carrier; geographic association only, not proof of complete service traversal. (DC portion)",
        "estimate_label": "C Street streetcar subway generalized corridor",
        "atlas_area_id": "DC",
        "geometry_hash": "474d018ecfd685470814a3ca85cd11a65aa36925281df0a6a4b1e32ecf46e2de",
        "estimate_id": "PSL-20261008-segment-94e4445b061d4a2a",
        "start_year": 1934,
        "end_year": 1962,
        "start_earliest_year": 1934,
        "start_latest_year": 1935,
        "end_earliest_year": 1960,
        "end_latest_year": 1962,
        "start_confidence": "medium",
        "end_confidence": "low",
        "confidence_group": "low",
        "estimate_status": "provisional_not_verified_not_admitted",
        "mixed_subextent": false,
        "has_known_periods": true,
        "citation_review_warning": null,
        "continuous_operation_asserted": false,
        "whole_segment_uniform_lifespan_asserted": false,
        "source_ids": [
          "AUDIT-DC-NPS2005-DUPONT",
          "AUDIT-NPS2005-MET-EARLY",
          "AUDIT-WILDWOOD-TERMINAL-NPS2005",
          "DC-RECON-NPS2005-E19",
          "GAP-CONV-S08",
          "INF-SRC-MD-NPS-STREETCAR",
          "LATE-PH-S08",
          "LOOP-S07",
          "MD-EAST-S18",
          "MD-MONT-S02",
          "WB-S01"
        ],
        "context_source_ids": [
          "DC-LATE-MAP-S03"
        ],
        "basis_claim_ids": [],
        "evidence_id": "segment-94e4445b061d4a2a",
        "start_estimated_date": null,
        "end_estimated_date": null,
        "start_precision": "year",
        "end_precision": "year",
        "verified_start_date": null,
        "verified_end_date": null,
        "passenger_use_existence": "supported_at_named_corridor_scope",
        "geometry_correspondence": "source_scoped_not_full_segment_proof",
        "uncertainty_reason_group": "ordinary_date_and_scope_uncertainty"
      },
      "geometry": {
        "coordinates": [
          [
            -77.0105243133583,
            38.893001452151545
          ],
          [
            -77.00715328209722,
            38.89322866978504
          ]
        ],
        "type": "LineString"
      }
    },
    {
      "type": "Feature",
      "id": "segment-65d18dc9947adc39",
      "properties": {
        "segment_id": "segment-65d18dc9947adc39",
        "fid": 138,
        "name": "Western Independence approach, first retained part (DC portion)",
        "estimate_label": "Independence Second Third D Southwest government loop",
        "atlas_area_id": "DC",
        "geometry_hash": "e5286b978ee4238703191396f028c89b2b5245fbb9af8e81d217d7203fee74b4",
        "estimate_id": "PSL-20261008-segment-65d18dc9947adc39",
        "start_year": 1941,
        "end_year": 1960,
        "start_earliest_year": 1940,
        "start_latest_year": 1942,
        "end_earliest_year": 1960,
        "end_latest_year": 1960,
        "start_confidence": "medium",
        "end_confidence": "high",
        "confidence_group": "medium_high",
        "estimate_status": "provisional_not_verified_not_admitted",
        "mixed_subextent": false,
        "has_known_periods": true,
        "citation_review_warning": null,
        "continuous_operation_asserted": false,
        "whole_segment_uniform_lifespan_asserted": false,
        "source_ids": [
          "CJ1940-PUC-ORDER1958",
          "LATE-CONV-S05",
          "LATE-PH-S01"
        ],
        "context_source_ids": [
          "DC-LATE-MAP-S03"
        ],
        "basis_claim_ids": [
          "DC-TIME-INH-LATE-PH-E02",
          "DC-TIME-INH-LATE-CONV-E16"
        ],
        "evidence_id": "segment-65d18dc9947adc39",
        "start_estimated_date": null,
        "end_estimated_date": null,
        "start_precision": "year",
        "end_precision": "year",
        "verified_start_date": null,
        "verified_end_date": null,
        "passenger_use_existence": "supported_at_named_corridor_scope",
        "geometry_correspondence": "source_scoped_not_full_segment_proof",
        "uncertainty_reason_group": "ordinary_date_and_scope_uncertainty"
      },
      "geometry": {
        "coordinates": [
          [
            -77.02173540052023,
            38.88708559536571
          ],
          [
            -77.01503812927862,
            38.88718655863904
          ]
        ],
        "type": "LineString"
      }
    },
    {
      "type": "Feature",
      "id": "segment-3a248c86677e9877",
      "properties": {
        "segment_id": "segment-3a248c86677e9877",
        "fid": 139,
        "name": "Whole retained carrier; geographic association only, not proof of complete service traversal. (DC portion)",
        "estimate_label": "Independence and Seventh 1944 route continuity",
        "atlas_area_id": "DC",
        "geometry_hash": "e2524532f8ea90c2d21373ecab6ca6ad91e89d8cddfe2c8a6460d4203bc1d912",
        "estimate_id": "PSL-20261008-segment-3a248c86677e9877",
        "start_year": 1941,
        "end_year": 1960,
        "start_earliest_year": 1940,
        "start_latest_year": 1942,
        "end_earliest_year": 1960,
        "end_latest_year": 1960,
        "start_confidence": "medium",
        "end_confidence": "high",
        "confidence_group": "medium_high",
        "estimate_status": "provisional_not_verified_not_admitted",
        "mixed_subextent": false,
        "has_known_periods": true,
        "citation_review_warning": null,
        "continuous_operation_asserted": false,
        "whole_segment_uniform_lifespan_asserted": false,
        "source_ids": [
          "CJ1940-PUC-ORDER1958",
          "LATE-CONV-S05",
          "LATE-PH-S01"
        ],
        "context_source_ids": [
          "DC-LATE-MAP-S03"
        ],
        "basis_claim_ids": [
          "DC-TIME-INH-LATE-PH-E02",
          "DC-TIME-INH-LATE-CONV-E16"
        ],
        "evidence_id": "segment-3a248c86677e9877",
        "start_estimated_date": null,
        "end_estimated_date": null,
        "start_precision": "year",
        "end_precision": "year",
        "verified_start_date": null,
        "verified_end_date": null,
        "passenger_use_existence": "supported_at_named_corridor_scope",
        "geometry_correspondence": "source_scoped_not_full_segment_proof",
        "uncertainty_reason_group": "ordinary_date_and_scope_uncertainty"
      },
      "geometry": {
        "coordinates": [
          [
            -77.02173540052023,
            38.88708559536571
          ],
          [
            -77.02169118260363,
            38.88708512316145
          ]
        ],
        "type": "LineString"
      }
    },
    {
      "type": "Feature",
      "id": "segment-2a50f893f7310e08",
      "properties": {
        "segment_id": "segment-2a50f893f7310e08",
        "fid": 140,
        "name": "Eastern government terminal loop, second retained part (DC portion)",
        "estimate_label": "Independence Second Third D Southwest government loop",
        "atlas_area_id": "DC",
        "geometry_hash": "1fae74a4cda981e6e8f803996ce33a34036430bf6acbf72e279561796dabe8d1",
        "estimate_id": "PSL-20261008-segment-2a50f893f7310e08",
        "start_year": 1941,
        "end_year": 1960,
        "start_earliest_year": 1940,
        "start_latest_year": 1942,
        "end_earliest_year": 1960,
        "end_latest_year": 1960,
        "start_confidence": "medium",
        "end_confidence": "high",
        "confidence_group": "medium_high",
        "estimate_status": "provisional_not_verified_not_admitted",
        "mixed_subextent": false,
        "has_known_periods": true,
        "citation_review_warning": null,
        "continuous_operation_asserted": false,
        "whole_segment_uniform_lifespan_asserted": false,
        "source_ids": [
          "CJ1940-PUC-ORDER1958",
          "LATE-CONV-S05",
          "LATE-PH-S01"
        ],
        "context_source_ids": [
          "DC-LATE-MAP-S03"
        ],
        "basis_claim_ids": [
          "DC-TIME-INH-LATE-PH-E02",
          "DC-TIME-INH-LATE-CONV-E16"
        ],
        "evidence_id": "segment-2a50f893f7310e08",
        "start_estimated_date": null,
        "end_estimated_date": null,
        "start_precision": "year",
        "end_precision": "year",
        "verified_start_date": null,
        "verified_end_date": null,
        "passenger_use_existence": "supported_at_named_corridor_scope",
        "geometry_correspondence": "source_scoped_not_full_segment_proof",
        "uncertainty_reason_group": "ordinary_date_and_scope_uncertainty"
      },
      "geometry": {
        "coordinates": [
          [
            -77.01411426236042,
            38.88718545222833
          ],
          [
            -77.01350728660557,
            38.88718472134043
          ],
          [
            -77.01351926891356,
            38.88458827949018
          ],
          [
            -77.01490177859688,
            38.88459018356521
          ],
          [
            -77.01503812927862,
            38.88718655863904
          ]
        ],
        "type": "LineString"
      }
    },
    {
      "type": "Feature",
      "id": "segment-fda2bdb11c812145",
      "properties": {
        "segment_id": "segment-fda2bdb11c812145",
        "fid": 141,
        "name": "Whole retained carrier; geographic association only, not proof of complete service traversal. (DC portion)",
        "estimate_label": "Potomac Park Eighteenth Nineteenth long loop",
        "atlas_area_id": "DC",
        "geometry_hash": "93c703976403d8c161b6f763fd6eec094a58153da7884aaa2bb5a91b2e888482",
        "estimate_id": "PSL-20261008-segment-fda2bdb11c812145",
        "start_year": 1936,
        "end_year": 1960,
        "start_earliest_year": 1920,
        "start_latest_year": 1936,
        "end_earliest_year": 1958,
        "end_latest_year": 1960,
        "start_confidence": "low",
        "end_confidence": "low",
        "confidence_group": "low",
        "estimate_status": "provisional_not_verified_not_admitted",
        "mixed_subextent": false,
        "has_known_periods": true,
        "citation_review_warning": null,
        "continuous_operation_asserted": false,
        "whole_segment_uniform_lifespan_asserted": false,
        "source_ids": [
          "G7-S-1955-INHERITED",
          "LATE-CONV-S04",
          "LATE-CONV-S05",
          "date-source-9d66f86d24fa03bc",
          "date-source-d8569aec0d752768"
        ],
        "context_source_ids": [
          "DC-LATE-MAP-S01",
          "DC-LATE-MAP-S03"
        ],
        "basis_claim_ids": [
          "DC-TIME-DCLV-C07",
          "DC-TIME-DCLV-C08",
          "DC-TIME-INH-LATE-CONV-E16"
        ],
        "evidence_id": "segment-fda2bdb11c812145",
        "start_estimated_date": null,
        "end_estimated_date": null,
        "start_precision": "year",
        "end_precision": "year",
        "verified_start_date": null,
        "verified_end_date": null,
        "passenger_use_existence": "supported_at_named_corridor_scope",
        "geometry_correspondence": "source_scoped_not_full_segment_proof",
        "uncertainty_reason_group": "ordinary_date_and_scope_uncertainty"
      },
      "geometry": {
        "coordinates": [
          [
            -77.04119568660984,
            38.8991609806663
          ],
          [
            -77.04134008154182,
            38.89189891052823
          ],
          [
            -77.04308904266756,
            38.892973893507055
          ],
          [
            -77.04297154973159,
            38.89971671116316
          ]
        ],
        "type": "LineString"
      }
    },
    {
      "type": "Feature",
      "id": "segment-94014a6b5953c0cd",
      "properties": {
        "segment_id": "segment-94014a6b5953c0cd",
        "fid": 142,
        "name": "Whole retained carrier; geographic association only, not proof of complete service traversal. (DC portion)",
        "estimate_label": "Glenwood branch: T Street–Second Street–V Street–Lincoln Avenue",
        "atlas_area_id": "DC",
        "geometry_hash": "58a4ea0ef269809e06f2141bb5f2c68353e49cc41004b68407f18491c28ec403",
        "estimate_id": "PSL-20261008-segment-94014a6b5953c0cd",
        "start_year": 1889,
        "end_year": 1894,
        "start_earliest_year": 1889,
        "start_latest_year": 1889,
        "end_earliest_year": 1893,
        "end_latest_year": 1894,
        "start_confidence": "high",
        "end_confidence": "high",
        "confidence_group": "medium_high",
        "estimate_status": "provisional_not_verified_not_admitted",
        "mixed_subextent": false,
        "has_known_periods": true,
        "citation_review_warning": null,
        "continuous_operation_asserted": false,
        "whole_segment_uniform_lifespan_asserted": false,
        "source_ids": [
          "DC-REVIEW-US191103-S01",
          "date-source-6f6032f272e12aaf"
        ],
        "context_source_ids": [
          "DC-REVIEW-US191103-S01"
        ],
        "basis_claim_ids": [
          "DC-TIME-GLENWOOD-OPEN-1889",
          "DC-TIME-GLENWOOD-NIGHT-WITHDRAWAL",
          "DC-TIME-GLENWOOD-ALL-SERVICE-END"
        ],
        "evidence_id": "segment-94014a6b5953c0cd",
        "start_estimated_date": null,
        "end_estimated_date": null,
        "start_precision": "year",
        "end_precision": "year",
        "verified_start_date": null,
        "verified_end_date": null,
        "passenger_use_existence": "supported_at_named_corridor_scope",
        "geometry_correspondence": "source_scoped_not_full_segment_proof",
        "uncertainty_reason_group": "ordinary_date_and_scope_uncertainty"
      },
      "geometry": {
        "coordinates": [
          [
            -77.0021752800632,
            38.91486761464568
          ],
          [
            -77.00263120911079,
            38.91486877395108
          ],
          [
            -77.00328605329216,
            38.9148690103429
          ],
          [
            -77.00346957235531,
            38.91490982973344
          ],
          [
            -77.00354860129652,
            38.91502193083738
          ],
          [
            -77.00355401402473,
            38.91637699644324
          ],
          [
            -77.00355665982399,
            38.917039246441576
          ],
          [
            -77.00359648093449,
            38.91717171037434
          ],
          [
            -77.0036885286058,
            38.917263438994645
          ],
          [
            -77.0038459001989,
            38.91731443679662
          ],
          [
            -77.00526041139297,
            38.91731492678582
          ],
          [
            -77.00696306279626,
            38.917315493839496
          ]
        ],
        "type": "LineString"
      }
    },
    {
      "type": "Feature",
      "id": "segment-05be33fd82a4866a",
      "properties": {
        "segment_id": "segment-05be33fd82a4866a",
        "fid": 143,
        "name": "Whole retained carrier; geographic association only, not proof of complete service traversal. (DC portion)",
        "estimate_label": "Portland Street: Nichols Avenue–Fourth Street steel-plant branch",
        "atlas_area_id": "DC",
        "geometry_hash": "d320724741d6c5726a55aae80fe81056910eee132f843c9452ee4f5570f40333",
        "estimate_id": "PSL-20261008-segment-05be33fd82a4866a",
        "start_year": 1915,
        "end_year": 1923,
        "start_earliest_year": 1915,
        "start_latest_year": 1916,
        "end_earliest_year": 1923,
        "end_latest_year": 1925,
        "start_confidence": "high",
        "end_confidence": "low",
        "confidence_group": "low",
        "estimate_status": "provisional_not_verified_not_admitted",
        "mixed_subextent": false,
        "has_known_periods": false,
        "citation_review_warning": null,
        "continuous_operation_asserted": false,
        "whole_segment_uniform_lifespan_asserted": false,
        "source_ids": [
          "BR-S005",
          "date-source-75829e555111adb7"
        ],
        "context_source_ids": [
          "BR-S005"
        ],
        "basis_claim_ids": [
          "DC-TIME-PORTLAND-OPERATION-1915"
        ],
        "evidence_id": "segment-05be33fd82a4866a",
        "start_estimated_date": null,
        "end_estimated_date": null,
        "start_precision": "year",
        "end_precision": "year",
        "verified_start_date": null,
        "verified_end_date": null,
        "passenger_use_existence": "supported_at_named_corridor_scope",
        "geometry_correspondence": "source_scoped_not_full_segment_proof",
        "uncertainty_reason_group": "ordinary_date_and_scope_uncertainty"
      },
      "geometry": {
        "coordinates": [
          [
            -76.99765088275012,
            38.84469396839005
          ],
          [
            -77.01904362510584,
            38.84474806179039
          ],
          [
            -77.0192417936012,
            38.8447848212134
          ],
          [
            -77.01932182323088,
            38.84485573387561
          ],
          [
            -77.01937283602467,
            38.84495752513543
          ],
          [
            -77.01950843580381,
            38.845181047390675
          ],
          [
            -77.01963347336321,
            38.845386155509495
          ],
          [
            -77.0197585116611,
            38.845591263468364
          ],
          [
            -77.0198705850077,
            38.84579091916593
          ],
          [
            -77.01999382289293,
            38.84600574818708
          ]
        ],
        "type": "LineString"
      }
    },
    {
      "type": "Feature",
      "id": "segment-e24a01f22d807742",
      "properties": {
        "segment_id": "segment-e24a01f22d807742",
        "fid": 144,
        "name": "Whole retained carrier; geographic association only, not proof of complete service traversal. (DC portion)",
        "estimate_label": "West End Twenty-fifth Street arm",
        "atlas_area_id": "DC",
        "geometry_hash": "cb756dda66e54c04c508481713fa4cbf54c752b35eef09a1d60f6a2ecf3b2bc6",
        "estimate_id": "PSL-20261008-segment-e24a01f22d807742",
        "start_year": 1901,
        "end_year": 1936,
        "start_earliest_year": 1900,
        "start_latest_year": 1901,
        "end_earliest_year": 1922,
        "end_latest_year": 1947,
        "start_confidence": "medium",
        "end_confidence": "low",
        "confidence_group": "low",
        "estimate_status": "provisional_not_verified_not_admitted",
        "mixed_subextent": false,
        "has_known_periods": false,
        "citation_review_warning": null,
        "continuous_operation_asserted": false,
        "whole_segment_uniform_lifespan_asserted": false,
        "source_ids": [
          "CORE-S05",
          "date-source-47ff4e773025c711"
        ],
        "context_source_ids": [
          "CORE-S05"
        ],
        "basis_claim_ids": [
          "DC-TIME-WESTEND-START-1901"
        ],
        "evidence_id": "segment-e24a01f22d807742",
        "start_estimated_date": null,
        "end_estimated_date": null,
        "start_precision": "year",
        "end_precision": "year",
        "verified_start_date": null,
        "verified_end_date": null,
        "passenger_use_existence": "supported_at_named_corridor_scope",
        "geometry_correspondence": "source_scoped_not_full_segment_proof",
        "uncertainty_reason_group": "ordinary_date_and_scope_uncertainty"
      },
      "geometry": {
        "coordinates": [
          [
            -77.05290628130213,
            38.902706544653974
          ],
          [
            -77.05281671129424,
            38.89765927595519
          ]
        ],
        "type": "LineString"
      }
    },
    {
      "type": "Feature",
      "id": "segment-d33b109488ef9eb1",
      "properties": {
        "segment_id": "segment-d33b109488ef9eb1",
        "fid": 145,
        "name": "Whole retained carrier; geographic association only, not proof of complete service traversal. (DC portion)",
        "estimate_label": "Kenyon and Marshall Brightwood branch: Fourteenth to Seventh extended",
        "atlas_area_id": "DC",
        "geometry_hash": "4b20dff785f085363f2eaf26c804f8d4261884a5d233dc73c5c42ff4c85121b0",
        "estimate_id": "PSL-20261008-segment-d33b109488ef9eb1",
        "start_year": 1890,
        "end_year": 1898,
        "start_earliest_year": 1890,
        "start_latest_year": 1898,
        "end_earliest_year": 1898,
        "end_latest_year": 1900,
        "start_confidence": "low",
        "end_confidence": "low",
        "confidence_group": "low",
        "estimate_status": "provisional_not_verified_not_admitted",
        "mixed_subextent": false,
        "has_known_periods": false,
        "citation_review_warning": null,
        "continuous_operation_asserted": false,
        "whole_segment_uniform_lifespan_asserted": false,
        "source_ids": [
          "BR-S003",
          "BR-S004",
          "date-source-274c8d382becc44d"
        ],
        "context_source_ids": [
          "BR-S003"
        ],
        "basis_claim_ids": [
          "DC-TIME-INH-EV-BR-CL004"
        ],
        "evidence_id": "segment-d33b109488ef9eb1",
        "start_estimated_date": null,
        "end_estimated_date": null,
        "start_precision": "year",
        "end_precision": "year",
        "verified_start_date": null,
        "verified_end_date": null,
        "passenger_use_existence": "supported_at_named_corridor_scope",
        "geometry_correspondence": "source_scoped_not_full_segment_proof",
        "uncertainty_reason_group": "ordinary_date_and_scope_uncertainty"
      },
      "geometry": {
        "coordinates": [
          [
            -77.03296204500865,
            38.92961825871127
          ],
          [
            -77.02971714385987,
            38.92965602317382
          ],
          [
            -77.02780294932771,
            38.9296535915851
          ],
          [
            -77.026343042749,
            38.92981842794261
          ],
          [
            -77.02357890201212,
            38.92998591552529
          ]
        ],
        "type": "LineString"
      }
    },
    {
      "type": "Feature",
      "id": "segment-0c256bb796afb9ca",
      "properties": {
        "segment_id": "segment-0c256bb796afb9ca",
        "fid": 146,
        "name": "Whole retained carrier; geographic association only, not proof of complete service traversal. (DC portion)",
        "estimate_label": "Bureau Fourteenth C underground return estimate",
        "atlas_area_id": "DC",
        "geometry_hash": "bb7d27001664d049836e3aaa233787345d1fb187db8174bf8d16fd6347d6d3f5",
        "estimate_id": "PSL-20261008-segment-0c256bb796afb9ca",
        "start_year": 1942,
        "end_year": 1962,
        "start_earliest_year": 1942,
        "start_latest_year": 1943,
        "end_earliest_year": 1961,
        "end_latest_year": 1962,
        "start_confidence": "medium",
        "end_confidence": "medium",
        "confidence_group": "medium_high",
        "estimate_status": "provisional_not_verified_not_admitted",
        "mixed_subextent": false,
        "has_known_periods": true,
        "citation_review_warning": null,
        "continuous_operation_asserted": false,
        "whole_segment_uniform_lifespan_asserted": false,
        "source_ids": [
          "AUDIT-DC-NPS2005-DUPONT",
          "AUDIT-NPS2005-MET-EARLY",
          "AUDIT-WILDWOOD-TERMINAL-NPS2005",
          "DC-RECON-NPS2005-E19",
          "GAP-CONV-S08",
          "INF-SRC-MD-NPS-STREETCAR",
          "LATE-PH-S04",
          "LATE-PH-S08",
          "LOOP-S06",
          "LOOP-S07",
          "MD-EAST-S18",
          "MD-MONT-S02",
          "WB-S01"
        ],
        "context_source_ids": [],
        "basis_claim_ids": [
          "DC-TIME-INH-LATE-PH-E12"
        ],
        "evidence_id": "segment-0c256bb796afb9ca",
        "start_estimated_date": null,
        "end_estimated_date": null,
        "start_precision": "year",
        "end_precision": "year",
        "verified_start_date": null,
        "verified_end_date": null,
        "passenger_use_existence": "inferred_from_corridor_history",
        "geometry_correspondence": "corridor_correspondence_requires_review",
        "uncertainty_reason_group": "ordinary_date_and_scope_uncertainty"
      },
      "geometry": {
        "coordinates": [
          [
            -77.03165244382872,
            38.886482152236084
          ],
          [
            -77.0317161270346,
            38.8864697345576
          ],
          [
            -77.03177485952898,
            38.886456036094515
          ],
          [
            -77.03182881674375,
            38.886441054387724
          ],
          [
            -77.03187817560881,
            38.88642478704451
          ],
          [
            -77.03192311305438,
            38.886407231671214
          ],
          [
            -77.03196380601088,
            38.886388385873445
          ],
          [
            -77.03200043140913,
            38.88636824725605
          ],
          [
            -77.03203316618004,
            38.88634681342328
          ],
          [
            -77.03206218725475,
            38.886324081978614
          ],
          [
            -77.03208767156457,
            38.88630005052515
          ],
          [
            -77.03210979604093,
            38.88627471666543
          ],
          [
            -77.03212873761535,
            38.88624807800157
          ],
          [
            -77.03214467321948,
            38.88622013213523
          ],
          [
            -77.03215777978495,
            38.886190876667825
          ],
          [
            -77.03216823424346,
            38.886160309200406
          ],
          [
            -77.03217621352667,
            38.88612842733385
          ],
          [
            -77.03218189456615,
            38.88609522866873
          ],
          [
            -77.0321854542935,
            38.886060710805474
          ],
          [
            -77.03218706964016,
            38.88602487134442
          ],
          [
            -77.0321869175374,
            38.8859877078857
          ],
          [
            -77.03218563054604,
            38.88596766872576
          ],
          [
            -77.03218285181441,
            38.88594811936166
          ],
          [
            -77.03217863476799,
            38.88592911976745
          ],
          [
            -77.03217303283205,
            38.88591072991717
          ],
          [
            -77.03216609943178,
            38.885893009784766
          ],
          [
            -77.03215788799221,
            38.88587601934423
          ],
          [
            -77.03214845193817,
            38.88585981856945
          ],
          [
            -77.03213784469435,
            38.88584446743435
          ],
          [
            -77.03212611968529,
            38.88583002591282
          ],
          [
            -77.03211333033535,
            38.885816553978735
          ],
          [
            -77.03209953006869,
            38.88580411160597
          ],
          [
            -77.03208477230935,
            38.88579275876845
          ],
          [
            -77.03206911048116,
            38.88578255544005
          ],
          [
            -77.0320525980078,
            38.885773561594654
          ],
          [
            -77.03203528831277,
            38.885765837206215
          ],
          [
            -77.03201723481942,
            38.88575944224866
          ],
          [
            -77.03199849095091,
            38.88575443669596
          ],
          [
            -77.03197911013028,
            38.88575088052209
          ],
          [
            -77.03195914578042,
            38.88574883370106
          ],
          [
            -77.03193865132404,
            38.8857483562069
          ],
          [
            -77.03191819820306,
            38.885749479570734
          ],
          [
            -77.03189835576654,
            38.88575215426772
          ],
          [
            -77.03187917429784,
            38.88575631868814
          ],
          [
            -77.03186070408059,
            38.88576191122223
          ],
          [
            -77.03184299539842,
            38.88576887026031
          ],
          [
            -77.03182609853526,
            38.88577713419267
          ],
          [
            -77.03181006377523,
            38.885786641409574
          ],
          [
            -77.03179494140252,
            38.88579733030141
          ],
          [
            -77.03178078170158,
            38.885809139258406
          ],
          [
            -77.031767634957,
            38.88582200667089
          ],
          [
            -77.03175555145356,
            38.885835870929206
          ],
          [
            -77.03174458147616,
            38.885850670423594
          ],
          [
            -77.03173477530993,
            38.885866343544336
          ],
          [
            -77.03172618324012,
            38.88588282868169
          ],
          [
            -77.03171885555219,
            38.88590006422585
          ],
          [
            -77.03171284253165,
            38.88591798856704
          ],
          [
            -77.0317081944643,
            38.885936540095386
          ],
          [
            -77.03170496163591,
            38.88595565720103
          ],
          [
            -77.03170319433255,
            38.88597527827403
          ],
          [
            -77.03170294284028,
            38.88599534170437
          ],
          [
            -77.0317039364555,
            38.8860309511983
          ],
          [
            -77.03170498645183,
            38.88606488356615
          ],
          [
            -77.03170602170225,
            38.88609722062771
          ],
          [
            -77.0317069710796,
            38.886128044202756
          ],
          [
            -77.03170776345661,
            38.88615743611107
          ],
          [
            -77.03170832770594,
            38.88618547817244
          ],
          [
            -77.03170859270016,
            38.88621225220666
          ],
          [
            -77.03170848731179,
            38.88623784003351
          ],
          [
            -77.03170794041328,
            38.886262323472785
          ],
          [
            -77.03170688087702,
            38.886285784344224
          ],
          [
            -77.03170523757532,
            38.886308304467654
          ],
          [
            -77.03170293938055,
            38.88632996566279
          ],
          [
            -77.03169991516494,
            38.88635084974937
          ],
          [
            -77.03169609380069,
            38.886371038547125
          ],
          [
            -77.03169140415994,
            38.88639061387577
          ],
          [
            -77.03168577511485,
            38.88640965755489
          ],
          [
            -77.03167913553744,
            38.88642825140423
          ],
          [
            -77.03167141429974,
            38.8864464772433
          ],
          [
            -77.03166254027364,
            38.88646441689165
          ],
          [
            -77.03165244382872,
            38.886482152236084
          ]
        ],
        "type": "LineString"
      }
    },
    {
      "type": "Feature",
      "id": "segment-1a76fe931f26c723",
      "properties": {
        "segment_id": "segment-1a76fe931f26c723",
        "fid": 147,
        "name": "Whole retained carrier; geographic association only, not proof of complete service traversal. (DC portion)",
        "estimate_label": "McLean Gardens Wisconsin–Idaho counterclockwise loop estimate",
        "atlas_area_id": "DC",
        "geometry_hash": "525e1aed422216c1293ed3352630edb2bc117b9b1081aef6a22cafd152ed2851",
        "estimate_id": "PSL-20261008-segment-1a76fe931f26c723",
        "start_year": 1942,
        "end_year": 1960,
        "start_earliest_year": 1909,
        "start_latest_year": 1947,
        "end_earliest_year": 1958,
        "end_latest_year": 1960,
        "start_confidence": "very_low",
        "end_confidence": "low",
        "confidence_group": "very_low",
        "estimate_status": "provisional_not_verified_not_admitted",
        "mixed_subextent": false,
        "has_known_periods": true,
        "citation_review_warning": null,
        "continuous_operation_asserted": false,
        "whole_segment_uniform_lifespan_asserted": false,
        "source_ids": [
          "G7-S-1955-INHERITED",
          "LATE-CONV-S04",
          "date-source-9d66f86d24fa03bc",
          "date-source-d8569aec0d752768"
        ],
        "context_source_ids": [],
        "basis_claim_ids": [
          "TA-MD-NEW-CR-TENLEY-1960"
        ],
        "evidence_id": "segment-1a76fe931f26c723",
        "start_estimated_date": null,
        "end_estimated_date": null,
        "start_precision": "year",
        "end_precision": "year",
        "verified_start_date": null,
        "verified_end_date": null,
        "passenger_use_existence": "corridor_passenger_use_supported_specific_drawing_unresolved",
        "geometry_correspondence": "hypothetical_or_unregistered_specific_geometry",
        "uncertainty_reason_group": "specific_geometry_correspondence"
      },
      "geometry": {
        "coordinates": [
          [
            -77.07380711042867,
            38.9358633135476
          ],
          [
            -77.07381471531787,
            38.935877014924166
          ],
          [
            -77.07382295534406,
            38.93589048126399
          ],
          [
            -77.07383181482217,
            38.93590368693299
          ],
          [
            -77.07384127688789,
            38.93591660679328
          ],
          [
            -77.07385132352984,
            38.935929216251026
          ],
          [
            -77.07386193562382,
            38.935941491303275
          ],
          [
            -77.07387309296924,
            38.935953408583586
          ],
          [
            -77.07388477432751,
            38.9359649454066
          ],
          [
            -77.07389695746255,
            38.93597607981117
          ],
          [
            -77.07390961918307,
            38.935986790602165
          ],
          [
            -77.07392273538674,
            38.93599705739082
          ],
          [
            -77.07393628110606,
            38.93600686063361
          ],
          [
            -77.07395023055582,
            38.93601618166933
          ],
          [
            -77.07396455718235,
            38.93602500275475
          ],
          [
            -77.07397923371389,
            38.93603330709829
          ],
          [
            -77.07399423221261,
            38.93604107889206
          ],
          [
            -77.07400952412777,
            38.93604830334187
          ],
          [
            -77.07402508035005,
            38.936054966695494
          ],
          [
            -77.07404087126699,
            38.936061056268755
          ],
          [
            -77.07405686681932,
            38.93606656046974
          ],
          [
            -77.07407303655825,
            38.936071468820806
          ],
          [
            -77.07408934970339,
            38.93607577197858
          ],
          [
            -77.07410577520133,
            38.936079461751724
          ],
          [
            -77.07412228178475,
            38.93608253111649
          ],
          [
            -77.07413883803206,
            38.936084974230205
          ],
          [
            -77.074155412427,
            38.9360867864422
          ],
          [
            -77.07417197341888,
            38.93608796430289
          ],
          [
            -77.07418848948244,
            38.93608850557013
          ],
          [
            -77.07420492917797,
            38.936088409213646
          ],
          [
            -77.07422126121114,
            38.93608767541693
          ],
          [
            -77.07423745449253,
            38.936086305576836
          ],
          [
            -77.07425347819695,
            38.936084302301026
          ],
          [
            -77.07426930182193,
            38.93608166940293
          ],
          [
            -77.07428489524591,
            38.93607841189451
          ],
          [
            -77.07430022878556,
            38.93607453597673
          ],
          [
            -77.07431527325228,
            38.93607004902775
          ],
          [
            -77.07433000000775,
            38.93606495958883
          ],
          [
            -77.07434438101848,
            38.936059277348186
          ],
          [
            -77.0743583889091,
            38.93605301312237
          ],
          [
            -77.07437199701461,
            38.93604617883587
          ],
          [
            -77.07438517943099,
            38.936038787498276
          ],
          [
            -77.07439791106462,
            38.936030853179574
          ],
          [
            -77.07441016768001,
            38.93602239098334
          ],
          [
            -77.07442192594588,
            38.936013417017996
          ],
          [
            -77.0744331634797,
            38.93600394836615
          ],
          [
            -77.07444385889013,
            38.935994003052066
          ],
          [
            -77.07445399181795,
            38.93598360000739
          ],
          [
            -77.0744635429746,
            38.93597275903502
          ],
          [
            -77.07447249417902,
            38.93596150077154
          ],
          [
            -77.07448082839223,
            38.93594984664779
          ],
          [
            -77.07448852974977,
            38.93593781884819
          ],
          [
            -77.0744955835919,
            38.935925440268484
          ],
          [
            -77.07450197649148,
            38.93591273447208
          ],
          [
            -77.07450769627955,
            38.935899725645335
          ],
          [
            -77.07451273206847,
            38.93588643855132
          ],
          [
            -77.07451707427266,
            38.93587289848289
          ],
          [
            -77.0745207146269,
            38.93585913121438
          ],
          [
            -77.07452364620191,
            38.93584516295264
          ],
          [
            -77.07452586341768,
            38.935831020287075
          ],
          [
            -77.07452736205403,
            38.9358167301391
          ],
          [
            -77.07452813925867,
            38.93580231971083
          ],
          [
            -77.07452819355255,
            38.93578781643334
          ],
          [
            -77.07452752483282,
            38.93577324791442
          ],
          [
            -77.0745261343728,
            38.935758641886046
          ],
          [
            -77.07452402481984,
            38.9357440261516
          ],
          [
            -77.07452120018995,
            38.93572942853292
          ],
          [
            -77.07451766586043,
            38.93571487681732
          ],
          [
            -77.07451342855953,
            38.935700398704746
          ],
          [
            -77.07450849635354,
            38.93568602175501
          ],
          [
            -77.07450287863165,
            38.93567177333539
          ],
          [
            -77.07449658608783,
            38.935657680568426
          ],
          [
            -77.07448963070065,
            38.93564377028041
          ],
          [
            -77.07448202571041,
            38.9356300689502
          ],
          [
            -77.07447378559392,
            38.935616602658975
          ],
          [
            -77.07446492603698,
            38.935603397040396
          ],
          [
            -77.07445546390447,
            38.935590477232005
          ],
          [
            -77.0744454172083,
            38.93557786782721
          ],
          [
            -77.07443480507305,
            38.93556559282861
          ],
          [
            -77.07442364769969,
            38.9355536756022
          ],
          [
            -77.07441196632698,
            38.935542138832936
          ],
          [
            -77.07439978319108,
            38.93553100448157
          ],
          [
            -77.07438712148334,
            38.935520293742805
          ],
          [
            -77.07437400530596,
            38.935510027005
          ],
          [
            -77.07436045962628,
            38.93550022381132
          ],
          [
            -77.07434651022915,
            38.93549090282259
          ],
          [
            -77.07433218366788,
            38.9354820817817
          ],
          [
            -77.07431750721372,
            38.93547377747985
          ],
          [
            -77.07430250880391,
            38.935466005724656
          ],
          [
            -77.07428721698851,
            38.93545878130997
          ],
          [
            -77.07427166087611,
            38.93545211798777
          ],
          [
            -77.0742558700783,
            38.93544602844201
          ],
          [
            -77.07423987465343,
            38.93544052426438
          ],
          [
            -77.07422370504936,
            38.935435615932334
          ],
          [
            -77.07420739204545,
            38.935431312789134
          ],
          [
            -77.07419096669405,
            38.93542762302597
          ],
          [
            -77.07417446026128,
            38.93542455366652
          ],
          [
            -77.07415790416768,
            38.93542211055346
          ],
          [
            -77.07414132992827,
            38.935420298337384
          ],
          [
            -77.0741247690926,
            38.93541912046797
          ],
          [
            -77.07410825318475,
            38.93541857918739
          ],
          [
            -77.07409181364321,
            38.93541867552602
          ],
          [
            -77.07407548176116,
            38.93541940930053
          ],
          [
            -77.07405928862684,
            38.935420779114246
          ],
          [
            -77.07404326506436,
            38.935422782359666
          ],
          [
            -77.07402744157508,
            38.93542541522359
          ],
          [
            -77.07401184827955,
            38.93542867269435
          ],
          [
            -77.0739965148601,
            38.935432548571235
          ],
          [
            -77.07398147050445,
            38.93543703547642
          ],
          [
            -77.07396674385004,
            38.935442124868985
          ],
          [
            -77.07395236292962,
            38.935447807061074
          ],
          [
            -77.07393835511782,
            38.93545407123645
          ],
          [
            -77.0739247470791,
            38.935460905471054
          ],
          [
            -77.07391156471694,
            38.93546829675567
          ],
          [
            -77.07389883312455,
            38.93547623102073
          ],
          [
            -77.0738865765371,
            38.93548469316308
          ],
          [
            -77.07387481828569,
            38.935493667074674
          ],
          [
            -77.07386358075273,
            38.93550313567332
          ],
          [
            -77.0738528853295,
            38.93551308093517
          ],
          [
            -77.07384275237538,
            38.935523483928996
          ],
          [
            -77.07383320117913,
            38.935534324852235
          ],
          [
            -77.07382424992208,
            38.93554558306874
          ],
          [
            -77.0738159156436,
            38.93555723714796
          ],
          [
            -77.07380821420867,
            38.93556926490587
          ],
          [
            -77.07380116027764,
            38.93558164344701
          ],
          [
            -77.07379476727829,
            38.93559434920829
          ],
          [
            -77.07378904738036,
            38.93560735800361
          ],
          [
            -77.07378401147231,
            38.93562064507012
          ],
          [
            -77.07377966914062,
            38.93563418511519
          ],
          [
            -77.07377602865152,
            38.935647952364675
          ],
          [
            -77.0737730969353,
            38.93566192061185
          ],
          [
            -77.07377087957302,
            38.935676063267415
          ],
          [
            -77.07376938078599,
            38.93569035341007
          ],
          [
            -77.07376860342767,
            38.9357047638377
          ],
          [
            -77.07376854897821,
            38.93571926711928
          ],
          [
            -77.07376921754174,
            38.93573383564693
          ],
          [
            -77.07377060784604,
            38.93574844168863
          ],
          [
            -77.07377271724505,
            38.9357630574409
          ],
          [
            -77.07377554172382,
            38.93577765508181
          ],
          [
            -77.07377907590624,
            38.9357922068238
          ],
          [
            -77.07378331306523,
            38.93580668496678
          ],
          [
            -77.07378824513549,
            38.93582106195066
          ],
          [
            -77.07379386272895,
            38.93583531040793
          ],
          [
            -77.07380015515255,
            38.9358494032158
          ],
          [
            -77.07380711042867,
            38.9358633135476
          ]
        ],
        "type": "LineString"
      }
    },
    {
      "type": "Feature",
      "id": "segment-7ea1f39735d4bcdb",
      "properties": {
        "segment_id": "segment-7ea1f39735d4bcdb",
        "fid": 148,
        "name": "Whole retained carrier; geographic association only, not proof of complete service traversal. (DC portion)",
        "estimate_label": "Early Metropolitan New Jersey–A Street Capitol terminus,1868 map state",
        "atlas_area_id": "DC",
        "geometry_hash": "b3fe87d7836d51405591d6b3419112e1b98a3809c9e35814407b653b2a3c8807",
        "estimate_id": "PSL-20261008-segment-7ea1f39735d4bcdb",
        "start_year": 1865,
        "end_year": 1875,
        "start_earliest_year": 1865,
        "start_latest_year": 1868,
        "end_earliest_year": 1875,
        "end_latest_year": 1876,
        "start_confidence": "medium",
        "end_confidence": "medium",
        "confidence_group": "medium_high",
        "estimate_status": "provisional_not_verified_not_admitted",
        "mixed_subextent": false,
        "has_known_periods": false,
        "citation_review_warning": null,
        "continuous_operation_asserted": false,
        "whole_segment_uniform_lifespan_asserted": false,
        "source_ids": [
          "AUDIT-DC-NPS2005-DUPONT",
          "AUDIT-NPS2005-MET-EARLY",
          "AUDIT-WILDWOOD-TERMINAL-NPS2005",
          "DC-RECON-NPS2005-E19",
          "GAP-CONV-S08",
          "INF-SRC-MD-NPS-STREETCAR",
          "LATE-PH-S08",
          "LOOP-S07",
          "MD-EAST-S18",
          "MD-MONT-S02",
          "WB-S01"
        ],
        "context_source_ids": [
          "AUDIT-ENTHOFFER1873-CAPITOL",
          "AUDIT-MORRISON1868-CAPITOL",
          "AUDIT-NPS2005-MET-EARLY"
        ],
        "basis_claim_ids": [
          "DC-TIME-METROPOLITAN-CAPITOL-CHANGE-1875"
        ],
        "evidence_id": "segment-7ea1f39735d4bcdb",
        "start_estimated_date": null,
        "end_estimated_date": null,
        "start_precision": "year",
        "end_precision": "year",
        "verified_start_date": null,
        "verified_end_date": null,
        "passenger_use_existence": "supported_at_named_corridor_scope",
        "geometry_correspondence": "source_scoped_not_full_segment_proof",
        "uncertainty_reason_group": "ordinary_date_and_scope_uncertainty"
      },
      "geometry": {
        "coordinates": [
          [
            -77.00969410746387,
            38.89303968912282
          ],
          [
            -77.0098654540686,
            38.89281110967606
          ],
          [
            -77.01002158093317,
            38.89250597233983
          ],
          [
            -77.0100692786309,
            38.892182627718
          ],
          [
            -77.01003596818958,
            38.891896053499174
          ],
          [
            -77.00997755713762,
            38.89162400337341
          ],
          [
            -77.00978452256616,
            38.89138127384439
          ],
          [
            -77.00949591026928,
            38.891171382659984
          ],
          [
            -77.00907350684696,
            38.89101040165402
          ],
          [
            -77.00870927225489,
            38.890964828205746
          ],
          [
            -77.0082303072075,
            38.89095278440035
          ],
          [
            -77.00775152000162,
            38.89097011079763
          ],
          [
            -77.00727273247783,
            38.890987435236426
          ]
        ],
        "type": "LineString"
      }
    },
    {
      "type": "Feature",
      "id": "segment-6d39c04bd82fbcd9",
      "properties": {
        "segment_id": "segment-6d39c04bd82fbcd9",
        "fid": 149,
        "name": "Whole retained carrier; geographic association only, not proof of complete service traversal. (DC portion)",
        "estimate_label": "Later early-Metropolitan A Street continuation to FirstStreet,qualified road-grid estimate",
        "atlas_area_id": "DC",
        "geometry_hash": "303f41adbc0995ecdca6a1fd51a5c73c7eeb16429e177fab453eaf8ea2a5d3c9",
        "estimate_id": "PSL-20261008-segment-6d39c04bd82fbcd9",
        "start_year": 1865,
        "end_year": 1875,
        "start_earliest_year": 1865,
        "start_latest_year": 1868,
        "end_earliest_year": 1875,
        "end_latest_year": 1876,
        "start_confidence": "medium",
        "end_confidence": "medium",
        "confidence_group": "medium_high",
        "estimate_status": "provisional_not_verified_not_admitted",
        "mixed_subextent": false,
        "has_known_periods": false,
        "citation_review_warning": null,
        "continuous_operation_asserted": false,
        "whole_segment_uniform_lifespan_asserted": false,
        "source_ids": [
          "AUDIT-DC-NPS2005-DUPONT",
          "AUDIT-NPS2005-MET-EARLY",
          "AUDIT-WILDWOOD-TERMINAL-NPS2005",
          "DC-RECON-NPS2005-E19",
          "GAP-CONV-S08",
          "INF-SRC-MD-NPS-STREETCAR",
          "LATE-PH-S08",
          "LOOP-S07",
          "MD-EAST-S18",
          "MD-MONT-S02",
          "WB-S01"
        ],
        "context_source_ids": [
          "DC-RECON-NPS2005-E19",
          "DC-RECON-STAT1865-13-536"
        ],
        "basis_claim_ids": [
          "DC-TIME-METROPOLITAN-CAPITOL-CHANGE-1875"
        ],
        "evidence_id": "segment-6d39c04bd82fbcd9",
        "start_estimated_date": null,
        "end_estimated_date": null,
        "start_precision": "year",
        "end_precision": "year",
        "verified_start_date": null,
        "verified_end_date": null,
        "passenger_use_existence": "supported_at_named_corridor_scope",
        "geometry_correspondence": "source_scoped_not_full_segment_proof",
        "uncertainty_reason_group": "ordinary_date_and_scope_uncertainty"
      },
      "geometry": {
        "coordinates": [
          [
            -77.00727273247783,
            38.890987435236426
          ],
          [
            -77.0055575388864,
            38.891031832636656
          ]
        ],
        "type": "LineString"
      }
    },
    {
      "type": "Feature",
      "id": "segment-7930fa71bce416b8",
      "properties": {
        "segment_id": "segment-7930fa71bce416b8",
        "fid": 150,
        "name": "Whole displayed feature (DC portion)",
        "estimate_label": "Wisconsin electric: Bethesda–Friendship Heights–Georgetown north",
        "atlas_area_id": "DC",
        "geometry_hash": "034fa269efb9cd474d2788d22d2f38d6d60f1fdf13c6955fec0dbf11247c4cbd",
        "estimate_id": "PSL-20261008-segment-7930fa71bce416b8",
        "start_year": 1890,
        "end_year": 1960,
        "start_earliest_year": 1890,
        "start_latest_year": 1891,
        "end_earliest_year": 1960,
        "end_latest_year": 1960,
        "start_confidence": "medium",
        "end_confidence": "medium",
        "confidence_group": "medium_high",
        "estimate_status": "provisional_not_verified_not_admitted",
        "mixed_subextent": false,
        "has_known_periods": true,
        "citation_review_warning": null,
        "continuous_operation_asserted": false,
        "whole_segment_uniform_lifespan_asserted": false,
        "source_ids": [
          "AUDIT-DC-NPS2005-DUPONT",
          "AUDIT-NPS2005-MET-EARLY",
          "AUDIT-WILDWOOD-TERMINAL-NPS2005",
          "DC-RECON-NPS2005-E19",
          "G7-S-1955-INHERITED",
          "GAP-CONV-S08",
          "GAP-SRC-ELLENBERGER1974",
          "INF-SRC-MD-NPS-STREETCAR",
          "LATE-CONV-S04",
          "LATE-PH-S08",
          "LOOP-S07",
          "MD-EAST-S18",
          "MD-MONT-S01",
          "MD-MONT-S02",
          "WB-S01",
          "date-source-9d66f86d24fa03bc",
          "date-source-d8569aec0d752768"
        ],
        "context_source_ids": [
          "DC-LATE-MAP-S03",
          "GAP-SRC-ELLENBERGER1974",
          "GAP-SRC-PEERLESS2002",
          "GAP-SRC-RAND1916",
          "MDW-S11",
          "MDW-S12"
        ],
        "basis_claim_ids": [
          "TA-MD-NEW-WISCONSIN-OPENING-1890",
          "TA-MD-NEW-CR-TENLEY-1960"
        ],
        "evidence_id": "segment-7930fa71bce416b8",
        "start_estimated_date": null,
        "end_estimated_date": null,
        "start_precision": "year",
        "end_precision": "year",
        "verified_start_date": null,
        "verified_end_date": null,
        "passenger_use_existence": "supported_at_named_corridor_scope",
        "geometry_correspondence": "source_scoped_not_full_segment_proof",
        "uncertainty_reason_group": "ordinary_date_and_scope_uncertainty"
      },
      "geometry": {
        "coordinates": [
          [
            -77.08600072730971,
            38.960569882312
          ],
          [
            -77.0844273035924,
            38.95740396337889
          ],
          [
            -77.08356775774207,
            38.95546371400568
          ],
          [
            -77.08304583829656,
            38.95425119570473
          ],
          [
            -77.08212564767939,
            38.95255436863583
          ],
          [
            -77.08166535402675,
            38.95158472074616
          ],
          [
            -77.0808989747299,
            38.95037326896459
          ],
          [
            -77.0804378665531,
            38.948918592147685
          ],
          [
            -77.07936468258261,
            38.94698052418165
          ],
          [
            -77.07783125766257,
            38.94383156722607
          ],
          [
            -77.07675824917426,
            38.94165227060317
          ],
          [
            -77.07537940662021,
            38.93898973520459
          ],
          [
            -77.07430733273513,
            38.93681191422052
          ],
          [
            -77.07380711042867,
            38.9358633135476
          ],
          [
            -77.07354201474433,
            38.93536058548051
          ],
          [
            -77.07323491514755,
            38.933666137043886
          ],
          [
            -77.07332506473912,
            38.93172890168751
          ],
          [
            -77.07384325230423,
            38.92954901772103
          ],
          [
            -77.07390402441618,
            38.92809701596388
          ],
          [
            -77.0738243558003,
            38.92538775416749
          ]
        ],
        "type": "LineString"
      }
    },
    {
      "type": "Feature",
      "id": "segment-cb00e9a30008c2eb",
      "properties": {
        "segment_id": "segment-cb00e9a30008c2eb",
        "fid": 151,
        "name": "Whole displayed feature (MONT portion)",
        "estimate_label": "Wisconsin electric: Bethesda–Friendship Heights–Georgetown north",
        "atlas_area_id": "MONT",
        "geometry_hash": "45508a4ba0c4efff6d9f7707d940025a8f03f8da36ec6ea784ee7970ca8b6502",
        "estimate_id": "PSL-20261008-segment-cb00e9a30008c2eb",
        "start_year": 1891,
        "end_year": 1935,
        "start_earliest_year": 1890,
        "start_latest_year": 1891,
        "end_earliest_year": 1935,
        "end_latest_year": 1960,
        "start_confidence": "medium",
        "end_confidence": "low",
        "confidence_group": "low",
        "estimate_status": "provisional_not_verified_not_admitted",
        "mixed_subextent": false,
        "has_known_periods": true,
        "citation_review_warning": null,
        "continuous_operation_asserted": false,
        "whole_segment_uniform_lifespan_asserted": false,
        "source_ids": [
          "AUDIT-DC-NPS2005-DUPONT",
          "AUDIT-NPS2005-MET-EARLY",
          "AUDIT-PUC1935-P35",
          "AUDIT-WILDWOOD-TERMINAL-NPS2005",
          "DC-RECON-NPS2005-E19",
          "G7-S-1955-INHERITED",
          "GAP-CONV-S08",
          "GDR-SRC-PUC1935",
          "INF-SRC-MD-NPS-STREETCAR",
          "LATE-CONV-S01",
          "LATE-CONV-S04",
          "LATE-PH-S08",
          "LATE-PH-S11",
          "LOOP-S07",
          "MD-EAST-S18",
          "MD-MONT-S02",
          "RFG-S-BETHESDAPARK1991",
          "WB-S01",
          "WB-S04",
          "date-source-9d66f86d24fa03bc",
          "date-source-d8569aec0d752768"
        ],
        "context_source_ids": [
          "DC-LATE-MAP-S03",
          "GAP-SRC-ELLENBERGER1974",
          "GAP-SRC-PEERLESS2002",
          "GAP-SRC-RAND1916",
          "MDW-S11",
          "MDW-S12"
        ],
        "basis_claim_ids": [
          "RFG-C-RV-1891-FEEDER",
          "DC-TIME-DCLV-C04",
          "TA-MD-NEW-CR-TENLEY-1960"
        ],
        "evidence_id": "segment-cb00e9a30008c2eb",
        "start_estimated_date": null,
        "end_estimated_date": null,
        "start_precision": "year",
        "end_precision": "year",
        "verified_start_date": null,
        "verified_end_date": null,
        "passenger_use_existence": "supported_at_named_corridor_scope",
        "geometry_correspondence": "source_scoped_not_full_segment_proof",
        "uncertainty_reason_group": "ordinary_date_and_scope_uncertainty"
      },
      "geometry": {
        "coordinates": [
          [
            -77.09182900189923,
            38.97711713782519
          ],
          [
            -77.09133783897458,
            38.97585399176541
          ],
          [
            -77.09056821864823,
            38.97245235748253
          ],
          [
            -77.0900132027337,
            38.96953698970951
          ],
          [
            -77.08949057912355,
            38.967837089196465
          ],
          [
            -77.08856914634273,
            38.96540942373742
          ],
          [
            -77.08734227352551,
            38.96322584037125
          ],
          [
            -77.08611496799553,
            38.96079974839714
          ],
          [
            -77.08600072730971,
            38.960569882312
          ]
        ],
        "type": "LineString"
      }
    },
    {
      "type": "Feature",
      "id": "segment-47d95413529fb16b",
      "properties": {
        "segment_id": "segment-47d95413529fb16b",
        "fid": 152,
        "name": "Whole displayed feature (MONT portion)",
        "estimate_label": "Rockville electric: Rockville Pike to Bethesda",
        "atlas_area_id": "MONT",
        "geometry_hash": "7194c09a1afaea0628dc59f014144800f321be25da0db866e088b9a29033f3f1",
        "estimate_id": "PSL-20261008-segment-47d95413529fb16b",
        "start_year": 1891,
        "end_year": 1935,
        "start_earliest_year": 1891,
        "start_latest_year": 1900,
        "end_earliest_year": 1935,
        "end_latest_year": 1935,
        "start_confidence": "medium",
        "end_confidence": "medium",
        "confidence_group": "medium_high",
        "estimate_status": "provisional_not_verified_not_admitted",
        "mixed_subextent": true,
        "has_known_periods": true,
        "citation_review_warning": null,
        "continuous_operation_asserted": false,
        "whole_segment_uniform_lifespan_asserted": false,
        "source_ids": [
          "AUDIT-PUC1935-P35",
          "GDR-SRC-PUC1935",
          "LATE-CONV-S01",
          "LATE-PH-S11",
          "RFG-S-BETHESDAPARK1991",
          "RFG-S-SENTINEL19000413",
          "WB-S04"
        ],
        "context_source_ids": [
          "GAP-SRC-ELLENBERGER1974",
          "GAP-SRC-PEERLESS2002",
          "MDW-S11",
          "MDW-S12"
        ],
        "basis_claim_ids": [
          "RFG-C-RV-1891-FEEDER",
          "RFG-C-RV-CALENDAR-19000408",
          "DC-TIME-DCLV-C04"
        ],
        "evidence_id": "segment-47d95413529fb16b",
        "start_estimated_date": null,
        "end_estimated_date": null,
        "start_precision": "year",
        "end_precision": "year",
        "verified_start_date": null,
        "verified_end_date": null,
        "passenger_use_existence": "supported_at_named_corridor_scope",
        "geometry_correspondence": "source_scoped_not_full_segment_proof",
        "uncertainty_reason_group": "ordinary_date_and_scope_uncertainty"
      },
      "geometry": {
        "coordinates": [
          [
            -77.14236804309773,
            39.07881055425807
          ],
          [
            -77.13602644783484,
            39.07464818681665
          ],
          [
            -77.13016370659878,
            39.0683357615882
          ],
          [
            -77.12510939297061,
            39.06289672122165
          ],
          [
            -77.12092576340355,
            39.057187601636066
          ],
          [
            -77.1173363856447,
            39.05342355327761
          ],
          [
            -77.11535655778682,
            39.04977749964021
          ],
          [
            -77.1142748958397,
            39.04822231774231
          ],
          [
            -77.11417986449011,
            39.04539940199963
          ],
          [
            -77.11405391128686,
            39.042965865591384
          ],
          [
            -77.11395844277185,
            39.040532191742805
          ],
          [
            -77.11355355618242,
            39.03736894974473
          ],
          [
            -77.11308655573305,
            39.03396235999496
          ],
          [
            -77.11305141272919,
            39.03128495566882
          ],
          [
            -77.11258281582724,
            39.02714801288961
          ],
          [
            -77.11239164559142,
            39.02349722986735
          ],
          [
            -77.11229481133864,
            39.021063300967434
          ],
          [
            -77.11232122429551,
            39.0188725133115
          ],
          [
            -77.112500545197,
            39.016437979551284
          ],
          [
            -77.11258712403375,
            39.01376027830477
          ],
          [
            -77.11264345153413,
            39.01132610040608
          ],
          [
            -77.11279178585602,
            39.0088917690308
          ],
          [
            -77.11263592100894,
            39.00767515589623
          ],
          [
            -77.11198994241592,
            39.006703073451156
          ],
          [
            -77.1112196142226,
            39.00475775825588
          ],
          [
            -77.11044872588019,
            39.00232576735851
          ],
          [
            -77.11022984459915,
            38.99989262966009
          ],
          [
            -77.10998005070526,
            38.99721635815033
          ],
          [
            -77.10963852283938,
            38.99454049035131
          ],
          [
            -77.10914597551225,
            38.99308172002119
          ],
          [
            -77.10819501532454,
            38.99223232554599
          ],
          [
            -77.10427176621882,
            38.990173340644
          ],
          [
            -77.09900187131261,
            38.98709599255934
          ],
          [
            -77.09566337774528,
            38.98496322436909
          ],
          [
            -77.09455931799081,
            38.98292271842976
          ],
          [
            -77.09317887864044,
            38.98003190778094
          ],
          [
            -77.09182900189923,
            38.97711713782519
          ]
        ],
        "type": "LineString"
      }
    },
    {
      "type": "Feature",
      "id": "segment-498fc9951839e5a0",
      "properties": {
        "segment_id": "segment-498fc9951839e5a0",
        "fid": 153,
        "name": "Whole displayed feature (MONT portion)",
        "estimate_label": "Rockville later town path: Woodlawn–Commerce–Montgomery",
        "atlas_area_id": "MONT",
        "geometry_hash": "176529ba4cf661d514f08cb51686955f20e71d5354083722ccbbade081ea4474",
        "estimate_id": "PSL-20261008-segment-498fc9951839e5a0",
        "start_year": 1900,
        "end_year": 1935,
        "start_earliest_year": 1900,
        "start_latest_year": 1900,
        "end_earliest_year": 1935,
        "end_latest_year": 1935,
        "start_confidence": "medium",
        "end_confidence": "medium",
        "confidence_group": "medium_high",
        "estimate_status": "provisional_not_verified_not_admitted",
        "mixed_subextent": true,
        "has_known_periods": true,
        "citation_review_warning": null,
        "continuous_operation_asserted": false,
        "whole_segment_uniform_lifespan_asserted": false,
        "source_ids": [
          "AUDIT-PUC1935-P35",
          "GDR-SRC-PUC1935",
          "LATE-CONV-S01",
          "LATE-PH-S11",
          "RFG-S-SENTINEL19000413",
          "RFG-S-SENTINEL19051215",
          "RFG-S-SENTINEL19080410",
          "RFG-S-SENTINEL19080619"
        ],
        "context_source_ids": [
          "GAP-SRC-ELLENBERGER1974",
          "GAP-SRC-PEERLESS2002",
          "MDW-S11",
          "MDW-S12"
        ],
        "basis_claim_ids": [
          "RFG-C-RV-CALENDAR-19000408",
          "RFG-C-RV-COURTHOUSE-RESUMPTION-CALENDAR-19051208",
          "RFG-C-RV-WESTERN-OPENING-WINDOW-1908",
          "DC-TIME-DCLV-C04"
        ],
        "evidence_id": "segment-498fc9951839e5a0",
        "start_estimated_date": null,
        "end_estimated_date": null,
        "start_precision": "year",
        "end_precision": "year",
        "verified_start_date": null,
        "verified_end_date": null,
        "passenger_use_existence": "supported_at_named_corridor_scope",
        "geometry_correspondence": "source_scoped_not_full_segment_proof",
        "uncertainty_reason_group": "ordinary_date_and_scope_uncertainty"
      },
      "geometry": {
        "coordinates": [
          [
            -77.1635517959981,
            39.08460463851572
          ],
          [
            -77.16186273188787,
            39.08420882494554
          ],
          [
            -77.16092383039039,
            39.083999870799104
          ],
          [
            -77.15904118366491,
            39.083680403582086
          ],
          [
            -77.15735864891374,
            39.083580633340866
          ],
          [
            -77.15525647152644,
            39.08343537552395
          ],
          [
            -77.15357232308496,
            39.0833683717256
          ],
          [
            -77.15191334132653,
            39.08279248363701
          ],
          [
            -77.15036618065628,
            39.08208839320415
          ],
          [
            -77.14881417369573,
            39.08148280238486
          ],
          [
            -77.14778138994595,
            39.08104073769571
          ],
          [
            -77.146538842082,
            39.080575930975996
          ],
          [
            -77.14572813014831,
            39.079910378549
          ],
          [
            -77.14471735123055,
            39.079025068048686
          ],
          [
            -77.14236804309773,
            39.07881055425807
          ]
        ],
        "type": "LineString"
      }
    },
    {
      "type": "Feature",
      "id": "segment-598ce7770775317e",
      "properties": {
        "segment_id": "segment-598ce7770775317e",
        "fid": 154,
        "name": "Whole displayed feature (MONT portion)",
        "estimate_label": "Bradley Hills–Great Falls electric main",
        "atlas_area_id": "MONT",
        "geometry_hash": "91f14ad8e96f00dee9304985cd4a47ce73b4d017c724498545647873042be365",
        "estimate_id": "PSL-20261008-segment-598ce7770775317e",
        "start_year": 1913,
        "end_year": 1921,
        "start_earliest_year": 1913,
        "start_latest_year": 1916,
        "end_earliest_year": 1921,
        "end_latest_year": 1925,
        "start_confidence": "medium",
        "end_confidence": "medium",
        "confidence_group": "medium_high",
        "estimate_status": "provisional_not_verified_not_admitted",
        "mixed_subextent": false,
        "has_known_periods": true,
        "citation_review_warning": null,
        "continuous_operation_asserted": false,
        "whole_segment_uniform_lifespan_asserted": false,
        "source_ids": [
          "GAP-SRC-RAND1916",
          "MDW-S11",
          "RFG-S-STAR19130801-AD",
          "RFG-S-STAR19131012-AD",
          "RFG-S-STAR19210225",
          "RFG-S-TIMES19130911-AD",
          "date-source-529774805fdea6ac"
        ],
        "context_source_ids": [
          "GAP-SRC-ELLENBERGER1974",
          "GAP-SRC-RAND1916",
          "MDW-S11"
        ],
        "basis_claim_ids": [
          "RFG-C-MD-GF-19130801-FORECAST",
          "RFG-C-MD-GF-19130911-SHUTTLE-OFFER",
          "RFG-C-MD-GF-19131012-DAILY-DEPARTURES",
          "RFG-C-MD-GF-19210225-SUSPENSION"
        ],
        "evidence_id": "segment-598ce7770775317e",
        "start_estimated_date": null,
        "end_estimated_date": null,
        "start_precision": "year",
        "end_precision": "year",
        "verified_start_date": null,
        "verified_end_date": null,
        "passenger_use_existence": "supported_at_named_corridor_scope",
        "geometry_correspondence": "source_scoped_not_full_segment_proof",
        "uncertainty_reason_group": "ordinary_date_and_scope_uncertainty"
      },
      "geometry": {
        "coordinates": [
          [
            -77.09182900189923,
            38.97711713782519
          ],
          [
            -77.09286944248763,
            38.977430762793425
          ],
          [
            -77.09378800496665,
            38.978036475737596
          ],
          [
            -77.09470629536328,
            38.97839905207596
          ],
          [
            -77.09593051560793,
            38.978687975910034
          ],
          [
            -77.0971545474207,
            38.978758067199045
          ],
          [
            -77.0986844481466,
            38.97863293233904
          ],
          [
            -77.10205060107776,
            38.97818750462845
          ],
          [
            -77.10511152404943,
            38.977815822141565
          ],
          [
            -77.10541763829436,
            38.9777665015529
          ],
          [
            -77.10587863582101,
            38.978981204817565
          ],
          [
            -77.10621648598102,
            38.979709926767576
          ],
          [
            -77.10670738508952,
            38.980389694477054
          ],
          [
            -77.10762716624681,
            38.981165787318034
          ],
          [
            -77.10796507597648,
            38.98189459071083
          ],
          [
            -77.1080583576637,
            38.982867181391896
          ],
          [
            -77.10833461978898,
            38.98330433029192
          ],
          [
            -77.10873293111084,
            38.98342503141358
          ],
          [
            -77.11001920990263,
            38.98337347055698
          ],
          [
            -77.11277572440163,
            38.98314835125965
          ],
          [
            -77.1149207540354,
            38.983459684626396
          ],
          [
            -77.11538089012205,
            38.98382346156801
          ],
          [
            -77.11574968151365,
            38.98455227656207
          ],
          [
            -77.1160894800059,
            38.98630276756508
          ],
          [
            -77.11646017938492,
            38.98812630923836
          ],
          [
            -77.11707525870301,
            38.98941423071696
          ],
          [
            -77.11768988924906,
            38.99038594888038
          ],
          [
            -77.11845830430792,
            38.99160064601276
          ],
          [
            -77.11882771013025,
            38.992451349064304
          ],
          [
            -77.11922696540867,
            38.9928640562324
          ],
          [
            -77.11984042237434,
            38.99308163460797
          ],
          [
            -77.12106648582034,
            38.993054510997325
          ],
          [
            -77.12198662049613,
            38.99329572143475
          ],
          [
            -77.12321442208719,
            38.99402285390079
          ],
          [
            -77.12444265795004,
            38.99487165848368
          ],
          [
            -77.12567051580703,
            38.99547715656814
          ],
          [
            -77.12720458900199,
            38.99583863162474
          ],
          [
            -77.12904610780711,
            38.99644272642678
          ],
          [
            -77.13042813103857,
            38.99716954482514
          ],
          [
            -77.13135058728295,
            38.998019100246175
          ],
          [
            -77.13224323680868,
            38.999112085312674
          ],
          [
            -77.13252220165151,
            39.00008484019228
          ],
          [
            -77.1329247808746,
            39.00130068822661
          ],
          [
            -77.13311200291017,
            39.00227370130269
          ],
          [
            -77.13351223887378,
            39.00268649183371
          ],
          [
            -77.1342803880835,
            39.003001080181235
          ],
          [
            -77.13581565003922,
            39.00328953692266
          ],
          [
            -77.13765848016855,
            39.00372327834369
          ],
          [
            -77.1391957639692,
            39.00444976361404
          ],
          [
            -77.14073403124618,
            39.005346592894476
          ],
          [
            -77.14165622145214,
            39.00566078171477
          ],
          [
            -77.14288328618179,
            39.00546315128703
          ],
          [
            -77.14410996946852,
            39.00516816325493
          ],
          [
            -77.14503042241469,
            39.005044261725814
          ],
          [
            -77.14626004838506,
            39.00540633827658
          ],
          [
            -77.14810788644087,
            39.00661867502438
          ],
          [
            -77.15026314878402,
            39.00775719304516
          ],
          [
            -77.15195659596593,
            39.008556081497446
          ],
          [
            -77.1524854051482,
            39.009771603019125
          ],
          [
            -77.15310392183746,
            39.01050015283175
          ],
          [
            -77.15427422586102,
            39.010983910965045
          ],
          [
            -77.15566010754812,
            39.011515758929555
          ],
          [
            -77.15673980897995,
            39.01219439316754
          ],
          [
            -77.15754128315946,
            39.01258168884837
          ],
          [
            -77.15858705492256,
            39.01270061363128
          ],
          [
            -77.15950826379235,
            39.01255213988944
          ],
          [
            -77.1613496140403,
            39.0120604522317
          ],
          [
            -77.16288451967527,
            39.01169122331803
          ],
          [
            -77.16411136506733,
            39.01120111659023
          ],
          [
            -77.16503084573684,
            39.010711837359885
          ],
          [
            -77.16779471907006,
            39.010022628105595
          ],
          [
            -77.17086694889589,
            39.00928365378382
          ],
          [
            -77.17271170438464,
            39.00898616913606
          ],
          [
            -77.17378689310786,
            39.008617911033895
          ],
          [
            -77.17578063046459,
            39.00727337719467
          ],
          [
            -77.17746743303655,
            39.00592969734972
          ],
          [
            -77.17900251826552,
            39.00490280449994
          ],
          [
            -77.18007839365366,
            39.00441271385878
          ],
          [
            -77.18161620172842,
            39.00384814301299
          ],
          [
            -77.18407941851815,
            39.00352398225009
          ],
          [
            -77.186852211822,
            39.00353951235863
          ],
          [
            -77.19055050103137,
            39.00389279252821
          ],
          [
            -77.19424800617637,
            39.00407571456979
          ],
          [
            -77.1973292144291,
            39.004284966608395
          ],
          [
            -77.19887018005703,
            39.004547810327495
          ],
          [
            -77.20056594505726,
            39.0051265923263
          ],
          [
            -77.2022613619917,
            39.005656727030036
          ],
          [
            -77.2038023263206,
            39.006090015947265
          ],
          [
            -77.2071912015077,
            39.006809680161524
          ],
          [
            -77.2102710031253,
            39.0073600342867
          ],
          [
            -77.2130422567823,
            39.00788709607678
          ],
          [
            -77.2142736386625,
            39.00807810519354
          ],
          [
            -77.2151967170058,
            39.008002305918474
          ],
          [
            -77.21611929274549,
            39.00763442771607
          ],
          [
            -77.2198086512105,
            39.00518948445168
          ],
          [
            -77.22411438351847,
            39.002743180997236
          ],
          [
            -77.22503714139522,
            39.0022538126617
          ],
          [
            -77.22811345291176,
            39.001271744541384
          ],
          [
            -77.2308819058301,
            39.00036376330825
          ],
          [
            -77.2325735512792,
            38.999677856281835
          ],
          [
            -77.23426530521033,
            38.99967339999572
          ]
        ],
        "type": "LineString"
      }
    },
    {
      "type": "Feature",
      "id": "segment-0f098095d2969ed3",
      "properties": {
        "segment_id": "segment-0f098095d2969ed3",
        "fid": 155,
        "name": "Whole displayed feature (MONT portion)",
        "estimate_label": "Bradley Hills terminal approach",
        "atlas_area_id": "MONT",
        "geometry_hash": "e1cabe401f94b77fa1c055c67f3305c1124432f6b606282f79c12a8c5b903777",
        "estimate_id": "PSL-20261008-segment-0f098095d2969ed3",
        "start_year": 1913,
        "end_year": 1921,
        "start_earliest_year": 1913,
        "start_latest_year": 1916,
        "end_earliest_year": 1921,
        "end_latest_year": 1925,
        "start_confidence": "low",
        "end_confidence": "medium",
        "confidence_group": "low",
        "estimate_status": "provisional_not_verified_not_admitted",
        "mixed_subextent": false,
        "has_known_periods": true,
        "citation_review_warning": null,
        "continuous_operation_asserted": false,
        "whole_segment_uniform_lifespan_asserted": false,
        "source_ids": [
          "GAP-SRC-RAND1916",
          "MDW-S11",
          "RFG-S-STAR19130801-AD",
          "RFG-S-STAR19131012-AD",
          "RFG-S-STAR19210225",
          "RFG-S-TIMES19130911-AD",
          "date-source-529774805fdea6ac"
        ],
        "context_source_ids": [
          "GAP-SRC-ELLENBERGER1974",
          "GAP-SRC-RAND1916",
          "MDW-S11"
        ],
        "basis_claim_ids": [
          "RFG-C-MD-GF-19130801-FORECAST",
          "RFG-C-MD-GF-19130911-SHUTTLE-OFFER",
          "RFG-C-MD-GF-19131012-DAILY-DEPARTURES",
          "RFG-C-MD-GF-19210225-SUSPENSION"
        ],
        "evidence_id": "segment-0f098095d2969ed3",
        "start_estimated_date": null,
        "end_estimated_date": null,
        "start_precision": "year",
        "end_precision": "year",
        "verified_start_date": null,
        "verified_end_date": null,
        "passenger_use_existence": "supported_at_named_corridor_scope",
        "geometry_correspondence": "source_scoped_not_full_segment_proof",
        "uncertainty_reason_group": "ordinary_date_and_scope_uncertainty"
      },
      "geometry": {
        "coordinates": [
          [
            -77.23426530521033,
            38.99967339999572
          ],
          [
            -77.23518791962312,
            38.999427655035674
          ],
          [
            -77.2364179292624,
            38.99884047586783
          ],
          [
            -77.23758641059293,
            38.99852117102559
          ],
          [
            -77.23881629446329,
            38.99825041923719
          ],
          [
            -77.24072239725353,
            38.9980753770301
          ],
          [
            -77.24407255089857,
            38.998067297402635
          ]
        ],
        "type": "LineString"
      }
    },
    {
      "type": "Feature",
      "id": "segment-49467ac0281d6af8",
      "properties": {
        "segment_id": "segment-49467ac0281d6af8",
        "fid": 156,
        "name": "Whole displayed feature (MONT portion)",
        "estimate_label": "Bradley Hills terminal loop",
        "atlas_area_id": "MONT",
        "geometry_hash": "20fe0ae42393ccef0445489291d22ea6ca3c4156fadf0b9666160dc8dc3960c5",
        "estimate_id": "PSL-20261008-segment-49467ac0281d6af8",
        "start_year": 1913,
        "end_year": 1921,
        "start_earliest_year": 1913,
        "start_latest_year": 1917,
        "end_earliest_year": 1917,
        "end_latest_year": 1925,
        "start_confidence": "very_low",
        "end_confidence": "low",
        "confidence_group": "very_low",
        "estimate_status": "provisional_not_verified_not_admitted",
        "mixed_subextent": false,
        "has_known_periods": false,
        "citation_review_warning": null,
        "continuous_operation_asserted": false,
        "whole_segment_uniform_lifespan_asserted": false,
        "source_ids": [
          "RFG-S-STAR19210225"
        ],
        "context_source_ids": [],
        "basis_claim_ids": [
          "RFG-C-MD-GF-19210225-SUSPENSION"
        ],
        "evidence_id": "segment-49467ac0281d6af8",
        "start_estimated_date": null,
        "end_estimated_date": null,
        "start_precision": "year",
        "end_precision": "year",
        "verified_start_date": null,
        "verified_end_date": null,
        "passenger_use_existence": "corridor_passenger_use_supported_specific_drawing_unresolved",
        "geometry_correspondence": "hypothetical_or_unregistered_specific_geometry",
        "uncertainty_reason_group": "specific_geometry_correspondence"
      },
      "geometry": {
        "coordinates": [
          [
            -77.24407255089857,
            38.998067297402635
          ],
          [
            -77.2445641985311,
            38.9983337757552
          ],
          [
            -77.24493291254237,
            38.998357236419515
          ],
          [
            -77.24520944548564,
            38.99816193769169
          ],
          [
            -77.24508654789115,
            38.99791891774217
          ],
          [
            -77.24465637906073,
            38.9978226065352
          ],
          [
            -77.24407255089857,
            38.998067297402635
          ]
        ],
        "type": "LineString"
      }
    },
    {
      "type": "Feature",
      "id": "segment-4335c33750740322",
      "properties": {
        "segment_id": "segment-4335c33750740322",
        "fid": 157,
        "name": "Whole displayed feature (MONT portion)",
        "estimate_label": "Connecticut electric: Chevy Chase Circle–Chevy Chase Lake",
        "atlas_area_id": "MONT",
        "geometry_hash": "e27a8555ddbfc87d7a008c22c04810e50e92e5538ed2d406d60d41bc82bff9c0",
        "estimate_id": "PSL-20261008-segment-4335c33750740322",
        "start_year": 1892,
        "end_year": 1935,
        "start_earliest_year": 1892,
        "start_latest_year": 1893,
        "end_earliest_year": 1935,
        "end_latest_year": 1935,
        "start_confidence": "medium",
        "end_confidence": "medium",
        "confidence_group": "medium_high",
        "estimate_status": "provisional_not_verified_not_admitted",
        "mixed_subextent": false,
        "has_known_periods": false,
        "citation_review_warning": null,
        "continuous_operation_asserted": false,
        "whole_segment_uniform_lifespan_asserted": false,
        "source_ids": [
          "AUDIT-DC-NPS2005-DUPONT",
          "AUDIT-NPS2005-MET-EARLY",
          "AUDIT-PUC1935-P35",
          "AUDIT-WILDWOOD-TERMINAL-NPS2005",
          "DC-RECON-NPS2005-E19",
          "GAP-CONV-S08",
          "GDR-SRC-PUC1935",
          "INF-SRC-MD-NPS-STREETCAR",
          "LATE-CONV-S01",
          "LATE-PH-S08",
          "LATE-PH-S11",
          "LOOP-S07",
          "MD-EAST-S18",
          "MD-MONT-S02",
          "WB-S01"
        ],
        "context_source_ids": [
          "CORE-S05"
        ],
        "basis_claim_ids": [
          "TA-MD-MD-MONT-C01",
          "DC-TIME-DCLV-C06"
        ],
        "evidence_id": "segment-4335c33750740322",
        "start_estimated_date": null,
        "end_estimated_date": null,
        "start_precision": "year",
        "end_precision": "year",
        "verified_start_date": null,
        "verified_end_date": null,
        "passenger_use_existence": "supported_at_named_corridor_scope",
        "geometry_correspondence": "source_scoped_not_full_segment_proof",
        "uncertainty_reason_group": "ordinary_date_and_scope_uncertainty"
      },
      "geometry": {
        "coordinates": [
          [
            -77.07772220881321,
            38.96776889680952
          ],
          [
            -77.0777888951769,
            38.97126842815511
          ],
          [
            -77.07782299069069,
            38.973699133340695
          ],
          [
            -77.07788881344835,
            38.97734577632605
          ],
          [
            -77.07789270589471,
            38.98099324983184
          ],
          [
            -77.07789550390267,
            38.98439809919415
          ],
          [
            -77.07789708443906,
            38.98707366317382
          ],
          [
            -77.07789829642276,
            38.99072256461889
          ],
          [
            -77.07789836739389,
            38.99425022073869
          ]
        ],
        "type": "LineString"
      }
    },
    {
      "type": "Feature",
      "id": "segment-50ea329b54ebdaa2",
      "properties": {
        "segment_id": "segment-50ea329b54ebdaa2",
        "fid": 158,
        "name": "Whole displayed feature (MONT portion)",
        "estimate_label": "Kensington electric: Chevy Chase Lake–Kensington south",
        "atlas_area_id": "MONT",
        "geometry_hash": "b0284890f7b30ea771fc955ccf933945864cadd99f734f8cac5560fed80c069c",
        "estimate_id": "PSL-20261008-segment-50ea329b54ebdaa2",
        "start_year": 1895,
        "end_year": 1935,
        "start_earliest_year": 1895,
        "start_latest_year": 1895,
        "end_earliest_year": 1935,
        "end_latest_year": 1935,
        "start_confidence": "medium",
        "end_confidence": "medium",
        "confidence_group": "medium_high",
        "estimate_status": "provisional_not_verified_not_admitted",
        "mixed_subextent": false,
        "has_known_periods": false,
        "citation_review_warning": null,
        "continuous_operation_asserted": false,
        "whole_segment_uniform_lifespan_asserted": false,
        "source_ids": [
          "GAP-SRC-ELLENBERGER1974",
          "MD-MONT-S01"
        ],
        "context_source_ids": [
          "GAP-SRC-ELLENBERGER1974",
          "GAP-SRC-PSC1917",
          "INF-SRC-MD-KHS-HOWARD",
          "INF-SRC-MD-TOWNSEND1963",
          "MD-MONT-S04",
          "MDW-S14"
        ],
        "basis_claim_ids": [
          "TA-MD-MD-MONT-C03",
          "TA-MD-MD-MONT-C05"
        ],
        "evidence_id": "segment-50ea329b54ebdaa2",
        "start_estimated_date": null,
        "end_estimated_date": null,
        "start_precision": "year",
        "end_precision": "year",
        "verified_start_date": null,
        "verified_end_date": null,
        "passenger_use_existence": "supported_at_named_corridor_scope",
        "geometry_correspondence": "source_scoped_not_full_segment_proof",
        "uncertainty_reason_group": "ordinary_date_and_scope_uncertainty"
      },
      "geometry": {
        "coordinates": [
          [
            -77.07789836739389,
            38.99425022073869
          ],
          [
            -77.07789770828775,
            38.996804931961925
          ],
          [
            -77.07789679140967,
            38.99875147701066
          ],
          [
            -77.07768154951972,
            39.00045527315307
          ],
          [
            -77.0763650624904,
            39.001675042522294
          ],
          [
            -77.0751400196026,
            39.0028945936676
          ],
          [
            -77.0745272044235,
            39.00362603538546
          ],
          [
            -77.0745258290826,
            39.004599385400354
          ],
          [
            -77.07489192195074,
            39.00532855142865
          ],
          [
            -77.07528823743499,
            39.00630100297655
          ],
          [
            -77.07537887223916,
            39.007030830654244
          ],
          [
            -77.07491852249119,
            39.007761934577
          ],
          [
            -77.0739071032094,
            39.00849430155994
          ],
          [
            -77.0734459729413,
            39.009468745485876
          ],
          [
            -77.07319893982616,
            39.01044270015537
          ],
          [
            -77.07353346505633,
            39.01141533958121
          ],
          [
            -77.07359296521994,
            39.01214525895242
          ],
          [
            -77.0736530183198,
            39.01263182796677
          ],
          [
            -77.07404991318127,
            39.013117641580635
          ],
          [
            -77.07512004246776,
            39.0138453053301
          ],
          [
            -77.07603777874321,
            39.01432996445482
          ],
          [
            -77.0763429495148,
            39.01481600221709
          ],
          [
            -77.07655503773321,
            39.01578897566005
          ],
          [
            -77.0767057934291,
            39.01676209122577
          ],
          [
            -77.07670389969336,
            39.017492185023
          ],
          [
            -77.07602804904123,
            39.01810208371642
          ],
          [
            -77.07479895769805,
            39.01919990304356
          ],
          [
            -77.07387557818952,
            39.020418700705356
          ],
          [
            -77.07304375405599,
            39.02163727029927
          ],
          [
            -77.0725496971443,
            39.0226117380019
          ],
          [
            -77.07233043008274,
            39.02382895570112
          ],
          [
            -77.07217226642337,
            39.02504603217444
          ],
          [
            -77.07226078820185,
            39.025897560587495
          ]
        ],
        "type": "LineString"
      }
    },
    {
      "type": "Feature",
      "id": "segment-2591454fadfe9745",
      "properties": {
        "segment_id": "segment-2591454fadfe9745",
        "fid": 159,
        "name": "Whole displayed feature (MONT portion)",
        "estimate_label": "Kensington town and independent B&O bridge estimate",
        "atlas_area_id": "MONT",
        "geometry_hash": "6e03b6380bef0a5471dce9c119a93b0504cd86358fe5ac17ecdb8dd235c9ae14",
        "estimate_id": "PSL-20261008-segment-2591454fadfe9745",
        "start_year": 1895,
        "end_year": 1935,
        "start_earliest_year": 1895,
        "start_latest_year": 1911,
        "end_earliest_year": 1935,
        "end_latest_year": 1935,
        "start_confidence": "low",
        "end_confidence": "medium",
        "confidence_group": "low",
        "estimate_status": "provisional_not_verified_not_admitted",
        "mixed_subextent": true,
        "has_known_periods": false,
        "citation_review_warning": null,
        "continuous_operation_asserted": false,
        "whole_segment_uniform_lifespan_asserted": false,
        "source_ids": [
          "GAP-SRC-ELLENBERGER1974",
          "MD-MONT-S01",
          "MDW-S14"
        ],
        "context_source_ids": [
          "GAP-SRC-PSC1917",
          "INF-SRC-MD-KHS-HOWARD",
          "INF-SRC-MD-TOWNSEND1963",
          "MD-MONT-S04",
          "MDW-S14"
        ],
        "basis_claim_ids": [
          "TA-MD-MD-MONT-C05"
        ],
        "evidence_id": "segment-2591454fadfe9745",
        "start_estimated_date": null,
        "end_estimated_date": null,
        "start_precision": "year",
        "end_precision": "year",
        "verified_start_date": null,
        "verified_end_date": null,
        "passenger_use_existence": "supported_at_named_corridor_scope",
        "geometry_correspondence": "source_scoped_not_full_segment_proof",
        "uncertainty_reason_group": "ordinary_date_and_scope_uncertainty"
      },
      "geometry": {
        "coordinates": [
          [
            -77.07226078820185,
            39.025897560587495
          ],
          [
            -77.07219772262043,
            39.02631138146807
          ],
          [
            -77.07219670038131,
            39.02655472932022
          ],
          [
            -77.07240967918291,
            39.02696797161481
          ],
          [
            -77.0728379274908,
            39.02725909245652
          ],
          [
            -77.07338923599707,
            39.027476953177484
          ],
          [
            -77.07366475703822,
            39.02762238614294
          ],
          [
            -77.0746143360741,
            39.028009759383735
          ],
          [
            -77.0761461969603,
            39.02863926678976
          ],
          [
            -77.07734124487585,
            39.02914780569376
          ],
          [
            -77.07819929185962,
            39.029535375250624
          ],
          [
            -77.07813653972785,
            39.02990054073368
          ]
        ],
        "type": "LineString"
      }
    },
    {
      "type": "Feature",
      "id": "segment-dced1ffc54079c7a",
      "properties": {
        "segment_id": "segment-dced1ffc54079c7a",
        "fid": 160,
        "name": "Whole displayed feature (MONT portion)",
        "estimate_label": "Sandy Spring Railway: Kensington north–Norris depicted branch",
        "atlas_area_id": "MONT",
        "geometry_hash": "6bdac0d46177d52a74f4b12579d4c8bd6d1e2f25a702b6c31f8e3435b61d3e95",
        "estimate_id": "PSL-20261008-segment-dced1ffc54079c7a",
        "start_year": 1910,
        "end_year": 1935,
        "start_earliest_year": 1906,
        "start_latest_year": 1911,
        "end_earliest_year": 1935,
        "end_latest_year": 1935,
        "start_confidence": "low",
        "end_confidence": "medium",
        "confidence_group": "low",
        "estimate_status": "provisional_not_verified_not_admitted",
        "mixed_subextent": false,
        "has_known_periods": false,
        "citation_review_warning": null,
        "continuous_operation_asserted": false,
        "whole_segment_uniform_lifespan_asserted": false,
        "source_ids": [
          "GAP-SRC-ELLENBERGER1974",
          "MD-MONT-S01",
          "MDW-S14"
        ],
        "context_source_ids": [
          "GAP-SRC-PSC1917",
          "INF-SRC-MD-KHS-HOWARD",
          "INF-SRC-MD-TOWNSEND1963",
          "MD-MONT-S04",
          "MDW-S14"
        ],
        "basis_claim_ids": [
          "TA-MD-MD-MONT-C05"
        ],
        "evidence_id": "segment-dced1ffc54079c7a",
        "start_estimated_date": null,
        "end_estimated_date": null,
        "start_precision": "year",
        "end_precision": "year",
        "verified_start_date": null,
        "verified_end_date": null,
        "passenger_use_existence": "supported_at_named_corridor_scope",
        "geometry_correspondence": "source_scoped_not_full_segment_proof",
        "uncertainty_reason_group": "ordinary_date_and_scope_uncertainty"
      },
      "geometry": {
        "coordinates": [
          [
            -77.07813653972785,
            39.02990054073368
          ],
          [
            -77.07730559609935,
            39.030437654853834
          ],
          [
            -77.07598272503836,
            39.03112177989696
          ],
          [
            -77.07505856831018,
            39.03185372027981
          ],
          [
            -77.0741331044316,
            39.032828976746096
          ],
          [
            -77.07320793304048,
            39.033682529804764
          ],
          [
            -77.07197643141649,
            39.03434200013526
          ],
          [
            -77.07105297944067,
            39.03478183075259
          ]
        ],
        "type": "LineString"
      }
    },
    {
      "type": "Feature",
      "id": "segment-e25c93011cb9ceef",
      "properties": {
        "segment_id": "segment-e25c93011cb9ceef",
        "fid": 161,
        "name": "Whole displayed feature (MONT portion)",
        "estimate_label": "Silver Spring Georgia crossing continuity estimate",
        "atlas_area_id": "MONT",
        "geometry_hash": "8d2d44404e950b8d3230502f7f3869a887093f42a10edd3664e16740c324f78f",
        "estimate_id": "PSL-20261008-segment-e25c93011cb9ceef",
        "start_year": 1895,
        "end_year": 1924,
        "start_earliest_year": 1895,
        "start_latest_year": 1898,
        "end_earliest_year": 1924,
        "end_latest_year": 1927,
        "start_confidence": "medium",
        "end_confidence": "low",
        "confidence_group": "low",
        "estimate_status": "provisional_not_verified_not_admitted",
        "mixed_subextent": false,
        "has_known_periods": false,
        "citation_review_warning": null,
        "continuous_operation_asserted": false,
        "whole_segment_uniform_lifespan_asserted": false,
        "source_ids": [
          "GAP-CONV-S07",
          "GAP-SRC-ELLENBERGER1974",
          "MD-MONT-S01"
        ],
        "context_source_ids": [],
        "basis_claim_ids": [
          "TA-MD-MD-MONT-C17"
        ],
        "evidence_id": "segment-e25c93011cb9ceef",
        "start_estimated_date": null,
        "end_estimated_date": null,
        "start_precision": "year",
        "end_precision": "year",
        "verified_start_date": null,
        "verified_end_date": null,
        "passenger_use_existence": "corridor_passenger_use_supported_specific_drawing_unresolved",
        "geometry_correspondence": "hypothetical_or_unregistered_specific_geometry",
        "uncertainty_reason_group": "specific_geometry_correspondence"
      },
      "geometry": {
        "coordinates": [
          [
            -77.02657221770018,
            38.984571827485055
          ],
          [
            -77.02675481339593,
            38.9850089782197
          ]
        ],
        "type": "LineString"
      }
    },
    {
      "type": "Feature",
      "id": "segment-2a8a7c52357d73e3",
      "properties": {
        "segment_id": "segment-2a8a7c52357d73e3",
        "fid": 162,
        "name": "Whole displayed feature (MONT portion)",
        "estimate_label": "Forest Glen electric: District line–Silver Spring–Forest Glen",
        "atlas_area_id": "MONT",
        "geometry_hash": "2015ed128b12e7386b7b92482d5f5e07564735588acd35a946b4429ca0de506c",
        "estimate_id": "PSL-20261008-segment-2a8a7c52357d73e3",
        "start_year": 1895,
        "end_year": 1924,
        "start_earliest_year": 1895,
        "start_latest_year": 1898,
        "end_earliest_year": 1924,
        "end_latest_year": 1927,
        "start_confidence": "medium",
        "end_confidence": "low",
        "confidence_group": "low",
        "estimate_status": "provisional_not_verified_not_admitted",
        "mixed_subextent": false,
        "has_known_periods": false,
        "citation_review_warning": null,
        "continuous_operation_asserted": false,
        "whole_segment_uniform_lifespan_asserted": false,
        "source_ids": [
          "GAP-CONV-S07",
          "GAP-SRC-ELLENBERGER1974",
          "MD-MONT-S01"
        ],
        "context_source_ids": [],
        "basis_claim_ids": [
          "TA-MD-MD-MONT-C17"
        ],
        "evidence_id": "segment-2a8a7c52357d73e3",
        "start_estimated_date": null,
        "end_estimated_date": null,
        "start_precision": "year",
        "end_precision": "year",
        "verified_start_date": null,
        "verified_end_date": null,
        "passenger_use_existence": "inferred_from_corridor_history",
        "geometry_correspondence": "corridor_correspondence_requires_review",
        "uncertainty_reason_group": "date_or_course_attribution_only"
      },
      "geometry": {
        "coordinates": [
          [
            -77.02675481339593,
            38.9850089782197
          ],
          [
            -77.0268405004802,
            38.988412091918505
          ],
          [
            -77.02689768876805,
            38.99011375824076
          ],
          [
            -77.02689021868599,
            38.99278815668776
          ],
          [
            -77.02719165958074,
            38.99400323670368
          ],
          [
            -77.02764547716286,
            38.99521804998565
          ],
          [
            -77.0287108229027,
            38.99618852792344
          ],
          [
            -77.02992874955056,
            38.997158719027446
          ],
          [
            -77.03251489209671,
            38.999585210135116
          ],
          [
            -77.0354037218157,
            39.00249762431655
          ],
          [
            -77.0378349578118,
            39.00516796671103
          ],
          [
            -77.0399629615776,
            39.007352642826184
          ],
          [
            -77.04087070283626,
            39.00905342874746
          ],
          [
            -77.04111462597461,
            39.00917455431123
          ],
          [
            -77.04255025782777,
            39.00943920620713
          ],
          [
            -77.0448424490412,
            39.00965342513412
          ],
          [
            -77.04691935837295,
            39.0101356249515
          ],
          [
            -77.04905769235212,
            39.01061767347733
          ],
          [
            -77.0506456243723,
            39.01112519586537
          ],
          [
            -77.0526281594224,
            39.01231307581337
          ],
          [
            -77.05445684058952,
            39.01376894101384
          ],
          [
            -77.05552552879328,
            39.01425326893909
          ],
          [
            -77.05674840444813,
            39.01451830213556
          ]
        ],
        "type": "LineString"
      }
    },
    {
      "type": "Feature",
      "id": "segment-897adb6d182097e3",
      "properties": {
        "segment_id": "segment-897adb6d182097e3",
        "fid": 163,
        "name": "Whole displayed feature (DC portion)",
        "estimate_label": "Cabin John–Glen Echo–Palisades riverside electric",
        "atlas_area_id": "DC",
        "geometry_hash": "89357df57db097dc506c562f19dd66ae77379b1c53f1ff8cb35737d988e8b1fc",
        "estimate_id": "PSL-20261008-segment-897adb6d182097e3",
        "start_year": 1895,
        "end_year": 1960,
        "start_earliest_year": 1895,
        "start_latest_year": 1897,
        "end_earliest_year": 1960,
        "end_latest_year": 1960,
        "start_confidence": "medium",
        "end_confidence": "medium",
        "confidence_group": "medium_high",
        "estimate_status": "provisional_not_verified_not_admitted",
        "mixed_subextent": false,
        "has_known_periods": true,
        "citation_review_warning": null,
        "continuous_operation_asserted": false,
        "whole_segment_uniform_lifespan_asserted": false,
        "source_ids": [
          "EST-DDOT-PALISADES2019",
          "G7-S-1955-INHERITED",
          "LATE-CONV-S04",
          "date-source-9d66f86d24fa03bc",
          "date-source-d8569aec0d752768"
        ],
        "context_source_ids": [
          "DC-LATE-MAP-S03",
          "LATE-CONV-S04"
        ],
        "basis_claim_ids": [
          "TA-MD-NEW-CR-CABIN-1960"
        ],
        "evidence_id": "segment-897adb6d182097e3",
        "start_estimated_date": null,
        "end_estimated_date": null,
        "start_precision": "year",
        "end_precision": "year",
        "verified_start_date": null,
        "verified_end_date": null,
        "passenger_use_existence": "supported_at_named_corridor_scope",
        "geometry_correspondence": "source_scoped_not_full_segment_proof",
        "uncertainty_reason_group": "ordinary_date_and_scope_uncertainty"
      },
      "geometry": {
        "coordinates": [
          [
            -77.11431691464524,
            38.93885630793506
          ],
          [
            -77.11437158523238,
            38.93778555616678
          ]
        ],
        "type": "LineString"
      }
    },
    {
      "type": "Feature",
      "id": "segment-253b83cec0717aab",
      "properties": {
        "segment_id": "segment-253b83cec0717aab",
        "fid": 164,
        "name": "Whole displayed feature (MONT portion)",
        "estimate_label": "Cabin John–Glen Echo–Palisades riverside electric",
        "atlas_area_id": "MONT",
        "geometry_hash": "045f071708c862c1c59615f3c7d68a449ae09bb50f51d479a5d16e5670c7c76b",
        "estimate_id": "PSL-20261008-segment-253b83cec0717aab",
        "start_year": 1896,
        "end_year": 1960,
        "start_earliest_year": 1896,
        "start_latest_year": 1897,
        "end_earliest_year": 1960,
        "end_latest_year": 1960,
        "start_confidence": "medium",
        "end_confidence": "medium",
        "confidence_group": "medium_high",
        "estimate_status": "provisional_not_verified_not_admitted",
        "mixed_subextent": true,
        "has_known_periods": true,
        "citation_review_warning": null,
        "continuous_operation_asserted": false,
        "whole_segment_uniform_lifespan_asserted": false,
        "source_ids": [
          "AUDIT-DC-NPS2005-DUPONT",
          "AUDIT-NPS2005-MET-EARLY",
          "AUDIT-WILDWOOD-TERMINAL-NPS2005",
          "DC-RECON-NPS2005-E19",
          "G7-S-1955-INHERITED",
          "GAP-CONV-S08",
          "INF-SRC-MD-NPS-STREETCAR",
          "LATE-CONV-S04",
          "LATE-PH-S08",
          "LOOP-S07",
          "MD-EAST-S18",
          "MD-MONT-S02",
          "WB-S01",
          "date-source-9d66f86d24fa03bc",
          "date-source-d8569aec0d752768"
        ],
        "context_source_ids": [
          "DC-LATE-MAP-S03",
          "LATE-CONV-S04"
        ],
        "basis_claim_ids": [
          "TA-MD-NEW-CR-CABIN-1960"
        ],
        "evidence_id": "segment-253b83cec0717aab",
        "start_estimated_date": null,
        "end_estimated_date": null,
        "start_precision": "year",
        "end_precision": "year",
        "verified_start_date": null,
        "verified_end_date": null,
        "passenger_use_existence": "supported_at_named_corridor_scope",
        "geometry_correspondence": "source_scoped_not_full_segment_proof",
        "uncertainty_reason_group": "ordinary_date_and_scope_uncertainty"
      },
      "geometry": {
        "coordinates": [
          [
            -77.14532939663854,
            38.97197249807916
          ],
          [
            -77.14416814771776,
            38.97170385718791
          ],
          [
            -77.14066085508897,
            38.96887116374191
          ],
          [
            -77.13832559307592,
            38.96737814921906
          ],
          [
            -77.13692438057896,
            38.96449251553676
          ],
          [
            -77.13150898499602,
            38.95953298245808
          ],
          [
            -77.1276937116029,
            38.95234060234283
          ],
          [
            -77.12166401701448,
            38.945349575893715
          ],
          [
            -77.12111995345087,
            38.94278490133475
          ],
          [
            -77.11909538084704,
            38.941093437325605
          ],
          [
            -77.11633740692956,
            38.940338566334326
          ],
          [
            -77.11431478452724,
            38.938898027399496
          ],
          [
            -77.11431691464524,
            38.93885630793506
          ]
        ],
        "type": "LineString"
      }
    },
    {
      "type": "Feature",
      "id": "segment-44af4edc3a11ea01",
      "properties": {
        "segment_id": "segment-44af4edc3a11ea01",
        "fid": 165,
        "name": "Whole displayed feature (MONT portion)",
        "estimate_label": "Cabin John retained terminal loop",
        "atlas_area_id": "MONT",
        "geometry_hash": "c374a73b6bbc58d779c63bceb6bd8230752fc40cc13c4232189ebb67b4973deb",
        "estimate_id": "PSL-20261008-segment-44af4edc3a11ea01",
        "start_year": 1898,
        "end_year": 1960,
        "start_earliest_year": 1896,
        "start_latest_year": 1910,
        "end_earliest_year": 1960,
        "end_latest_year": 1960,
        "start_confidence": "very_low",
        "end_confidence": "medium",
        "confidence_group": "very_low",
        "estimate_status": "provisional_not_verified_not_admitted",
        "mixed_subextent": false,
        "has_known_periods": true,
        "citation_review_warning": null,
        "continuous_operation_asserted": false,
        "whole_segment_uniform_lifespan_asserted": false,
        "source_ids": [
          "AUDIT-DC-NPS2005-DUPONT",
          "AUDIT-NPS2005-MET-EARLY",
          "AUDIT-WILDWOOD-TERMINAL-NPS2005",
          "DC-RECON-NPS2005-E19",
          "G7-S-1955-INHERITED",
          "GAP-CONV-S08",
          "INF-SRC-MD-NPS-STREETCAR",
          "LATE-CONV-S04",
          "LATE-PH-S08",
          "LOOP-S07",
          "MD-EAST-S18",
          "MD-MONT-S02",
          "WB-S01",
          "date-source-9d66f86d24fa03bc",
          "date-source-d8569aec0d752768"
        ],
        "context_source_ids": [],
        "basis_claim_ids": [
          "TA-MD-NEW-CR-CABIN-1960"
        ],
        "evidence_id": "segment-44af4edc3a11ea01",
        "start_estimated_date": null,
        "end_estimated_date": null,
        "start_precision": "year",
        "end_precision": "year",
        "verified_start_date": null,
        "verified_end_date": null,
        "passenger_use_existence": "corridor_passenger_use_supported_specific_drawing_unresolved",
        "geometry_correspondence": "hypothetical_or_unregistered_specific_geometry",
        "uncertainty_reason_group": "specific_geometry_correspondence"
      },
      "geometry": {
        "coordinates": [
          [
            -77.14532939663854,
            38.97197249807916
          ],
          [
            -77.14651538069185,
            38.97178542917019
          ],
          [
            -77.14739981283994,
            38.97116672747746
          ],
          [
            -77.14828596439449,
            38.970707513007895
          ],
          [
            -77.14917686655082,
            38.970703948312504
          ],
          [
            -77.14968474740422,
            38.97099810684597
          ],
          [
            -77.14992980527356,
            38.97172621352472
          ],
          [
            -77.14978721087763,
            38.97229638516284
          ],
          [
            -77.14830379716422,
            38.97241619149643
          ],
          [
            -77.14711604394934,
            38.97242094144052
          ],
          [
            -77.14622276070469,
            38.972196704480055
          ],
          [
            -77.14532939663854,
            38.97197249807916
          ]
        ],
        "type": "LineString"
      }
    },
    {
      "type": "Feature",
      "id": "segment-41311f83458d1324",
      "properties": {
        "segment_id": "segment-41311f83458d1324",
        "fid": 166,
        "name": "Whole displayed feature (MONT portion)",
        "estimate_label": "Glen Echo inland shared section: Conduit–Walhonding–Little Falls",
        "atlas_area_id": "MONT",
        "geometry_hash": "2771f786c12f7d3e5b560c5ba06b13aa521761bc7b39b74795f854ef3b9a10c2",
        "estimate_id": "PSL-20261008-segment-41311f83458d1324",
        "start_year": 1891,
        "end_year": 1902,
        "start_earliest_year": 1891,
        "start_latest_year": 1891,
        "end_earliest_year": 1900,
        "end_latest_year": 1902,
        "start_confidence": "medium",
        "end_confidence": "medium",
        "confidence_group": "medium_high",
        "estimate_status": "provisional_not_verified_not_admitted",
        "mixed_subextent": false,
        "has_known_periods": false,
        "citation_review_warning": null,
        "continuous_operation_asserted": false,
        "whole_segment_uniform_lifespan_asserted": false,
        "source_ids": [
          "AUDIT-DC-NPS2005-DUPONT",
          "AUDIT-NPS2005-MET-EARLY",
          "AUDIT-WILDWOOD-TERMINAL-NPS2005",
          "DC-RECON-NPS2005-E19",
          "GAP-CONV-S08",
          "GAP-SRC-ELLENBERGER1974",
          "INF-SRC-MD-NPS-STREETCAR",
          "LATE-PH-S08",
          "LOOP-S07",
          "MD-EAST-S18",
          "MD-MONT-S01",
          "MD-MONT-S02",
          "WB-S01"
        ],
        "context_source_ids": [],
        "basis_claim_ids": [
          "TA-MD-NEW-GLEN-OPENING-1891",
          "TA-MD-NEW-GLEN-WITHDRAWAL-1900"
        ],
        "evidence_id": "segment-41311f83458d1324",
        "start_estimated_date": null,
        "end_estimated_date": null,
        "start_precision": "year",
        "end_precision": "year",
        "verified_start_date": null,
        "verified_end_date": null,
        "passenger_use_existence": "inferred_from_corridor_history",
        "geometry_correspondence": "corridor_correspondence_requires_review",
        "uncertainty_reason_group": "ordinary_date_and_scope_uncertainty"
      },
      "geometry": {
        "coordinates": [
          [
            -77.13150898499602,
            38.95953298245808
          ],
          [
            -77.13032675024994,
            38.960198772589116
          ],
          [
            -77.12944601730065,
            38.96115890363277
          ],
          [
            -77.12915943613021,
            38.96202509025025
          ],
          [
            -77.12905490030418,
            38.96316351976985
          ],
          [
            -77.12888796797408,
            38.96407470161832
          ],
          [
            -77.12830167545448,
            38.964760299481114
          ],
          [
            -77.12741358724888,
            38.965105925875974
          ],
          [
            -77.12657912770503,
            38.96499611542842
          ],
          [
            -77.12576989699615,
            38.9645448507306
          ],
          [
            -77.12472098840632,
            38.963981039554135
          ],
          [
            -77.122035046996,
            38.96342542216124
          ],
          [
            -77.1187496186781,
            38.962622927664306
          ],
          [
            -77.11575894053686,
            38.96168296592819
          ],
          [
            -77.11276393366258,
            38.96051615006683
          ],
          [
            -77.10976160235676,
            38.95894079583075
          ],
          [
            -77.1081109918748,
            38.9581542051905
          ],
          [
            -77.10676939533826,
            38.958093295482904
          ]
        ],
        "type": "LineString"
      }
    },
    {
      "type": "Feature",
      "id": "segment-986758d221869e70",
      "properties": {
        "segment_id": "segment-986758d221869e70",
        "fid": 167,
        "name": "Whole displayed feature (MONT portion)",
        "estimate_label": "Early Glen Echo abandoned Willard approach: Wisconsin–Little Falls",
        "atlas_area_id": "MONT",
        "geometry_hash": "f187033914b7195342602b0a1c815de34b2e24a659b23342ed07ed005cca539e",
        "estimate_id": "PSL-20261008-segment-986758d221869e70",
        "start_year": 1891,
        "end_year": 1900,
        "start_earliest_year": 1891,
        "start_latest_year": 1891,
        "end_earliest_year": 1900,
        "end_latest_year": 1902,
        "start_confidence": "medium",
        "end_confidence": "medium",
        "confidence_group": "medium_high",
        "estimate_status": "provisional_not_verified_not_admitted",
        "mixed_subextent": false,
        "has_known_periods": false,
        "citation_review_warning": null,
        "continuous_operation_asserted": false,
        "whole_segment_uniform_lifespan_asserted": false,
        "source_ids": [
          "AUDIT-DC-NPS2005-DUPONT",
          "AUDIT-NPS2005-MET-EARLY",
          "AUDIT-WILDWOOD-TERMINAL-NPS2005",
          "DC-RECON-NPS2005-E19",
          "GAP-CONV-S08",
          "GAP-SRC-ELLENBERGER1974",
          "INF-SRC-MD-NPS-STREETCAR",
          "LATE-PH-S08",
          "LOOP-S07",
          "MD-EAST-S18",
          "MD-MONT-S01",
          "MD-MONT-S02",
          "WB-S01"
        ],
        "context_source_ids": [],
        "basis_claim_ids": [
          "TA-MD-NEW-GLEN-OPENING-1891",
          "TA-MD-NEW-GLEN-WITHDRAWAL-1900"
        ],
        "evidence_id": "segment-986758d221869e70",
        "start_estimated_date": null,
        "end_estimated_date": null,
        "start_precision": "year",
        "end_precision": "year",
        "verified_start_date": null,
        "verified_end_date": null,
        "passenger_use_existence": "inferred_from_corridor_history",
        "geometry_correspondence": "corridor_correspondence_requires_review",
        "uncertainty_reason_group": "ordinary_date_and_scope_uncertainty"
      },
      "geometry": {
        "coordinates": [
          [
            -77.0861295638688,
            38.961380543538176
          ],
          [
            -77.08662597347697,
            38.96150050376883
          ],
          [
            -77.08726036396034,
            38.96163163689537
          ],
          [
            -77.08774293835762,
            38.961762337109946
          ],
          [
            -77.08850182371371,
            38.96183993254191
          ],
          [
            -77.08898460094815,
            38.96192751055034
          ],
          [
            -77.08960521037508,
            38.96205859182741
          ],
          [
            -77.09012938022983,
            38.96214628143207
          ],
          [
            -77.09070867859486,
            38.962255691272794
          ],
          [
            -77.0912606247452,
            38.962311120121676
          ],
          [
            -77.09195035532282,
            38.96242083269579
          ],
          [
            -77.09259877241534,
            38.962508857934225
          ],
          [
            -77.09326115106846,
            38.9625646035906
          ],
          [
            -77.09377163785425,
            38.96263068912424
          ],
          [
            -77.09429596331834,
            38.962686026741274
          ],
          [
            -77.0949168815099,
            38.96275241331013
          ],
          [
            -77.0954689804456,
            38.96277548905948
          ],
          [
            -77.0959521863117,
            38.962766057465764
          ]
        ],
        "type": "LineString"
      }
    },
    {
      "type": "Feature",
      "id": "segment-b11767cfc2f0fb1a",
      "properties": {
        "segment_id": "segment-b11767cfc2f0fb1a",
        "fid": 168,
        "name": "Whole displayed feature (MONT portion)",
        "estimate_label": "Glen Echo later Chevy Chase/Somerset branch: Little Falls–District boundary",
        "atlas_area_id": "MONT",
        "geometry_hash": "2897c3a6a06a7c38771909c7ba92f85fc62de057223a03c8cd6fecb6a979ba15",
        "estimate_id": "PSL-20261008-segment-b11767cfc2f0fb1a",
        "start_year": 1897,
        "end_year": 1902,
        "start_earliest_year": 1896,
        "start_latest_year": 1897,
        "end_earliest_year": 1900,
        "end_latest_year": 1902,
        "start_confidence": "medium",
        "end_confidence": "medium",
        "confidence_group": "medium_high",
        "estimate_status": "provisional_not_verified_not_admitted",
        "mixed_subextent": false,
        "has_known_periods": true,
        "citation_review_warning": null,
        "continuous_operation_asserted": false,
        "whole_segment_uniform_lifespan_asserted": false,
        "source_ids": [
          "AUDIT-DC-NPS2005-DUPONT",
          "AUDIT-NPS2005-MET-EARLY",
          "AUDIT-WILDWOOD-TERMINAL-NPS2005",
          "DC-RECON-NPS2005-E19",
          "GAP-CONV-S08",
          "INF-SRC-MD-NPS-STREETCAR",
          "LATE-PH-S08",
          "LOOP-S07",
          "MD-EAST-S18",
          "MD-MONT-S02",
          "WB-S01",
          "WB-S03"
        ],
        "context_source_ids": [],
        "basis_claim_ids": [
          "WB-O11"
        ],
        "evidence_id": "segment-b11767cfc2f0fb1a",
        "start_estimated_date": null,
        "end_estimated_date": null,
        "start_precision": "year",
        "end_precision": "year",
        "verified_start_date": null,
        "verified_end_date": null,
        "passenger_use_existence": "inferred_from_corridor_history",
        "geometry_correspondence": "corridor_correspondence_requires_review",
        "uncertainty_reason_group": "ordinary_date_and_scope_uncertainty"
      },
      "geometry": {
        "coordinates": [
          [
            -77.10676939533826,
            38.958093295482904
          ],
          [
            -77.10588216766276,
            38.958507135511155
          ],
          [
            -77.10469967827271,
            38.95908159893165
          ],
          [
            -77.10291981337902,
            38.95954559036807
          ],
          [
            -77.10113088690984,
            38.95944155337815
          ],
          [
            -77.10008097125876,
            38.958992804861786
          ],
          [
            -77.09854151507847,
            38.95956897858161
          ],
          [
            -77.09757752221687,
            38.96070994921025
          ],
          [
            -77.09655791707812,
            38.9620783577313
          ],
          [
            -77.09493735952192,
            38.96310906021637
          ],
          [
            -77.09346400878081,
            38.96402532553581
          ],
          [
            -77.09287893204714,
            38.96464168231658
          ],
          [
            -77.09230765906851,
            38.96607583116759
          ],
          [
            -77.09217409374176,
            38.966985289589616
          ],
          [
            -77.0917352792126,
            38.96744187702882
          ],
          [
            -77.09089849786953,
            38.96724154606482
          ],
          [
            -77.08994263668703,
            38.96704182297344
          ],
          [
            -77.08919779248647,
            38.967000088721846
          ],
          [
            -77.08755694455859,
            38.966781081096215
          ],
          [
            -77.08517118422355,
            38.966520376637774
          ],
          [
            -77.08159286629878,
            38.96615207426986
          ],
          [
            -77.08009433092036,
            38.96556908799326
          ]
        ],
        "type": "LineString"
      }
    },
    {
      "type": "Feature",
      "id": "segment-2e21836f745f05a2",
      "properties": {
        "segment_id": "segment-2e21836f745f05a2",
        "fid": 169,
        "name": "Whole displayed feature (DC portion)",
        "estimate_label": "Glen Echo1897 Chevy Chase District terminal approach",
        "atlas_area_id": "DC",
        "geometry_hash": "9907ada33535ea86c7d6d2a335d09278bb8c330b0881d18594efb5da6bc2aa2e",
        "estimate_id": "PSL-20261008-segment-2e21836f745f05a2",
        "start_year": 1897,
        "end_year": 1902,
        "start_earliest_year": 1896,
        "start_latest_year": 1897,
        "end_earliest_year": 1900,
        "end_latest_year": 1902,
        "start_confidence": "medium",
        "end_confidence": "medium",
        "confidence_group": "medium_high",
        "estimate_status": "provisional_not_verified_not_admitted",
        "mixed_subextent": false,
        "has_known_periods": true,
        "citation_review_warning": null,
        "continuous_operation_asserted": false,
        "whole_segment_uniform_lifespan_asserted": false,
        "source_ids": [
          "AUDIT-DC-NPS2005-DUPONT",
          "AUDIT-NPS2005-MET-EARLY",
          "AUDIT-WILDWOOD-TERMINAL-NPS2005",
          "DC-RECON-NPS2005-E19",
          "GAP-CONV-S08",
          "INF-SRC-MD-NPS-STREETCAR",
          "LATE-PH-S08",
          "LOOP-S07",
          "MD-EAST-S18",
          "MD-MONT-S02",
          "WB-S01",
          "WB-S03"
        ],
        "context_source_ids": [],
        "basis_claim_ids": [
          "WB-O11"
        ],
        "evidence_id": "segment-2e21836f745f05a2",
        "start_estimated_date": null,
        "end_estimated_date": null,
        "start_precision": "year",
        "end_precision": "year",
        "verified_start_date": null,
        "verified_end_date": null,
        "passenger_use_existence": "inferred_from_corridor_history",
        "geometry_correspondence": "corridor_correspondence_requires_review",
        "uncertainty_reason_group": "ordinary_date_and_scope_uncertainty"
      },
      "geometry": {
        "coordinates": [
          [
            -77.07966891120297,
            38.96551938503154
          ],
          [
            -77.07962992213481,
            38.965514829756735
          ],
          [
            -77.07955252073162,
            38.965505786535566
          ],
          [
            -77.07947511934587,
            38.96549674326248
          ],
          [
            -77.07939771797756,
            38.96548769993746
          ],
          [
            -77.07932155678287,
            38.96547469712981
          ],
          [
            -77.07924754385202,
            38.96545483564205
          ],
          [
            -77.07917353096069,
            38.965434974106145
          ],
          [
            -77.07909951810888,
            38.96541511252206
          ],
          [
            -77.07902550529656,
            38.965395250889806
          ],
          [
            -77.07895149252376,
            38.96537538920938
          ],
          [
            -77.07887747979045,
            38.965355527480796
          ],
          [
            -77.07880346709666,
            38.965335665704025
          ],
          [
            -77.0787294544424,
            38.9653158038791
          ],
          [
            -77.07865544182764,
            38.96529594200602
          ],
          [
            -77.07858127824547,
            38.96527643649315
          ],
          [
            -77.07850669326551,
            38.96525792560925
          ],
          [
            -77.07843210832252,
            38.965239414676546
          ],
          [
            -77.07835752341643,
            38.96522090369501
          ],
          [
            -77.07828293854728,
            38.96520239266466
          ],
          [
            -77.07820835371506,
            38.96518388158549
          ],
          [
            -77.07813376891977,
            38.9651653704575
          ],
          [
            -77.0780591841614,
            38.965146859280686
          ],
          [
            -77.07798459943997,
            38.965128348055046
          ],
          [
            -77.07791001475547,
            38.965109836780606
          ],
          [
            -77.0778354301079,
            38.965091325457344
          ],
          [
            -77.07776084549725,
            38.96507281408525
          ],
          [
            -77.07768584856022,
            38.965055485648215
          ],
          [
            -77.07760953381693,
            38.96504193775899
          ],
          [
            -77.0775332191006,
            38.965028389819
          ],
          [
            -77.07745690441126,
            38.96501484182825
          ],
          [
            -77.0773805897489,
            38.965001293786734
          ],
          [
            -77.07730427511349,
            38.96498774569445
          ],
          [
            -77.07722800685657,
            38.96497418183424
          ],
          [
            -77.07715592282557,
            38.96495919912143
          ],
          [
            -77.07709024975023,
            38.964942042513556
          ],
          [
            -77.07703034285719,
            38.964922930654765
          ],
          [
            -77.07697555729449,
            38.9649020824529
          ],
          [
            -77.07692524827206,
            38.964879716598595
          ],
          [
            -77.07687877110625,
            38.96485605141357
          ],
          [
            -77.07683548102091,
            38.9648313055347
          ],
          [
            -77.07679473323994,
            38.964805697597605
          ],
          [
            -77.07675588298727,
            38.9647794462368
          ],
          [
            -77.07671828548723,
            38.96475277008581
          ],
          [
            -77.07668129596449,
            38.964725887777284
          ],
          [
            -77.07664426964412,
            38.96469901794299
          ],
          [
            -77.07660656175172,
            38.96467237921391
          ],
          [
            -77.07656790157387,
            38.96464498950568
          ],
          [
            -77.07652745055007,
            38.96461768949782
          ],
          [
            -77.07648438363525,
            38.964591276483006
          ],
          [
            -77.07643805605643,
            38.96456596908839
          ],
          [
            -77.07638782304075,
            38.96454198593981
          ],
          [
            -77.07633303981505,
            38.96451954566169
          ],
          [
            -77.07627306160573,
            38.964498866876724
          ],
          [
            -77.07620724363841,
            38.96448016820572
          ],
          [
            -77.07613494113748,
            38.964463668267165
          ]
        ],
        "type": "LineString"
      }
    },
    {
      "type": "Feature",
      "id": "segment-b4b0b1b27ea85215",
      "properties": {
        "segment_id": "segment-b4b0b1b27ea85215",
        "fid": 170,
        "name": "Whole displayed feature (MONT portion)",
        "estimate_label": "Glen Echo1897 Chevy Chase District terminal approach",
        "atlas_area_id": "MONT",
        "geometry_hash": "ff67dd7326ead4cee28f7254d5695910e66227cfd53f42992c7177d7e442c5a9",
        "estimate_id": "PSL-20261008-segment-b4b0b1b27ea85215",
        "start_year": 1897,
        "end_year": 1902,
        "start_earliest_year": 1896,
        "start_latest_year": 1897,
        "end_earliest_year": 1900,
        "end_latest_year": 1902,
        "start_confidence": "medium",
        "end_confidence": "medium",
        "confidence_group": "medium_high",
        "estimate_status": "provisional_not_verified_not_admitted",
        "mixed_subextent": false,
        "has_known_periods": true,
        "citation_review_warning": null,
        "continuous_operation_asserted": false,
        "whole_segment_uniform_lifespan_asserted": false,
        "source_ids": [
          "AUDIT-DC-NPS2005-DUPONT",
          "AUDIT-NPS2005-MET-EARLY",
          "AUDIT-WILDWOOD-TERMINAL-NPS2005",
          "DC-RECON-NPS2005-E19",
          "GAP-CONV-S08",
          "INF-SRC-MD-NPS-STREETCAR",
          "LATE-PH-S08",
          "LOOP-S07",
          "MD-EAST-S18",
          "MD-MONT-S02",
          "WB-S01",
          "WB-S03"
        ],
        "context_source_ids": [],
        "basis_claim_ids": [
          "WB-O11"
        ],
        "evidence_id": "segment-b4b0b1b27ea85215",
        "start_estimated_date": null,
        "end_estimated_date": null,
        "start_precision": "year",
        "end_precision": "year",
        "verified_start_date": null,
        "verified_end_date": null,
        "passenger_use_existence": "inferred_from_corridor_history",
        "geometry_correspondence": "corridor_correspondence_requires_review",
        "uncertainty_reason_group": "ordinary_date_and_scope_uncertainty"
      },
      "geometry": {
        "coordinates": [
          [
            -77.08009433092036,
            38.96556908799326
          ],
          [
            -77.0800169294125,
            38.96556004508364
          ],
          [
            -77.07993952792206,
            38.96555100212211
          ],
          [
            -77.0798621264491,
            38.96554195910867
          ],
          [
            -77.07978472499356,
            38.96553291604328
          ],
          [
            -77.07970732355548,
            38.965523872925964
          ],
          [
            -77.07966891120297,
            38.96551938503154
          ]
        ],
        "type": "LineString"
      }
    },
    {
      "type": "Feature",
      "id": "segment-d95cce9b166109b6",
      "properties": {
        "segment_id": "segment-d95cce9b166109b6",
        "fid": 171,
        "name": "Whole displayed feature (DC portion)",
        "estimate_label": "Takoma early DC link: Susquehanna/Aspen–Laurel approach",
        "atlas_area_id": "DC",
        "geometry_hash": "07790c6a1e93876d659e908e865d61fa8402832b5700a48c7a44c94a0c8de6de",
        "estimate_id": "PSL-20261008-segment-d95cce9b166109b6",
        "start_year": 1897,
        "end_year": 1927,
        "start_earliest_year": 1897,
        "start_latest_year": 1898,
        "end_earliest_year": 1927,
        "end_latest_year": 1927,
        "start_confidence": "medium",
        "end_confidence": "medium",
        "confidence_group": "medium_high",
        "estimate_status": "provisional_not_verified_not_admitted",
        "mixed_subextent": false,
        "has_known_periods": true,
        "citation_review_warning": null,
        "continuous_operation_asserted": false,
        "whole_segment_uniform_lifespan_asserted": false,
        "source_ids": [
          "GAP-SRC-ELLENBERGER1974",
          "MD-MONT-S01",
          "MD-MONT-S07"
        ],
        "context_source_ids": [
          "BR-S001"
        ],
        "basis_claim_ids": [
          "TA-MD-MD-MONT-C19",
          "TA-MD-MD-MONT-C25-withdrawal"
        ],
        "evidence_id": "segment-d95cce9b166109b6",
        "start_estimated_date": null,
        "end_estimated_date": null,
        "start_precision": "year",
        "end_precision": "year",
        "verified_start_date": null,
        "verified_end_date": null,
        "passenger_use_existence": "supported_at_named_corridor_scope",
        "geometry_correspondence": "source_scoped_not_full_segment_proof",
        "uncertainty_reason_group": "ordinary_date_and_scope_uncertainty"
      },
      "geometry": {
        "coordinates": [
          [
            -77.01921683159804,
            38.97163811986846
          ],
          [
            -77.01511452220308,
            38.9716549731688
          ],
          [
            -77.01418015517586,
            38.97268067295998
          ],
          [
            -77.01308486783286,
            38.97407314645212
          ]
        ],
        "type": "LineString"
      }
    },
    {
      "type": "Feature",
      "id": "segment-1d9d1cd482ef664d",
      "properties": {
        "segment_id": "segment-1d9d1cd482ef664d",
        "fid": 172,
        "name": "Whole displayed feature (MONT portion)",
        "estimate_label": "Takoma early DC link: Susquehanna/Aspen–Laurel approach",
        "atlas_area_id": "MONT",
        "geometry_hash": "4ced3e3f642429925224a2ed79399b64017e65b5a4e62b380c2602a7e52433f3",
        "estimate_id": "PSL-20261008-segment-1d9d1cd482ef664d",
        "start_year": 1897,
        "end_year": 1927,
        "start_earliest_year": 1897,
        "start_latest_year": 1898,
        "end_earliest_year": 1927,
        "end_latest_year": 1927,
        "start_confidence": "medium",
        "end_confidence": "medium",
        "confidence_group": "medium_high",
        "estimate_status": "provisional_not_verified_not_admitted",
        "mixed_subextent": false,
        "has_known_periods": true,
        "citation_review_warning": null,
        "continuous_operation_asserted": false,
        "whole_segment_uniform_lifespan_asserted": false,
        "source_ids": [
          "GAP-SRC-ELLENBERGER1974",
          "MD-MONT-S01",
          "MD-MONT-S07"
        ],
        "context_source_ids": [
          "BR-S001",
          "GAP-SRC-DINKY2000",
          "MDW-S16"
        ],
        "basis_claim_ids": [
          "TA-MD-MD-MONT-C19",
          "TA-MD-MD-MONT-C25-withdrawal"
        ],
        "evidence_id": "segment-1d9d1cd482ef664d",
        "start_estimated_date": null,
        "end_estimated_date": null,
        "start_precision": "year",
        "end_precision": "year",
        "verified_start_date": null,
        "verified_end_date": null,
        "passenger_use_existence": "supported_at_named_corridor_scope",
        "geometry_correspondence": "source_scoped_not_full_segment_proof",
        "uncertainty_reason_group": "ordinary_date_and_scope_uncertainty"
      },
      "geometry": {
        "coordinates": [
          [
            -77.01308486783286,
            38.97407314645212
          ],
          [
            -77.01301532732577,
            38.97416155550147
          ]
        ],
        "type": "LineString"
      }
    },
    {
      "type": "Feature",
      "id": "segment-3ea19f5e305150f1",
      "properties": {
        "segment_id": "segment-3ea19f5e305150f1",
        "fid": 173,
        "name": "Whole displayed feature (MONT portion)",
        "estimate_label": "Takoma early common Maryland approach to Carroll",
        "atlas_area_id": "MONT",
        "geometry_hash": "f02a90d55b324537dad09ea55826a9e5486f0cdf4d7623963044d2c6db9b2587",
        "estimate_id": "PSL-20261008-segment-3ea19f5e305150f1",
        "start_year": 1897,
        "end_year": 1927,
        "start_earliest_year": 1897,
        "start_latest_year": 1898,
        "end_earliest_year": 1927,
        "end_latest_year": 1927,
        "start_confidence": "medium",
        "end_confidence": "medium",
        "confidence_group": "medium_high",
        "estimate_status": "provisional_not_verified_not_admitted",
        "mixed_subextent": false,
        "has_known_periods": true,
        "citation_review_warning": null,
        "continuous_operation_asserted": false,
        "whole_segment_uniform_lifespan_asserted": false,
        "source_ids": [
          "GAP-SRC-ELLENBERGER1974",
          "MD-MONT-S01",
          "MD-MONT-S07"
        ],
        "context_source_ids": [
          "GAP-SRC-DINKY2000",
          "INF-SRC-MD-TAKOMA-MINUTES1918",
          "MDW-S12",
          "MDW-S16"
        ],
        "basis_claim_ids": [
          "TA-MD-MD-MONT-C19",
          "TA-MD-MD-MONT-C25-withdrawal"
        ],
        "evidence_id": "segment-3ea19f5e305150f1",
        "start_estimated_date": null,
        "end_estimated_date": null,
        "start_precision": "year",
        "end_precision": "year",
        "verified_start_date": null,
        "verified_end_date": null,
        "passenger_use_existence": "supported_at_named_corridor_scope",
        "geometry_correspondence": "source_scoped_not_full_segment_proof",
        "uncertainty_reason_group": "ordinary_date_and_scope_uncertainty"
      },
      "geometry": {
        "coordinates": [
          [
            -77.01301532732577,
            38.97416155550147
          ],
          [
            -77.0121357610669,
            38.974914584478896
          ],
          [
            -77.01124728107578,
            38.97512257437263
          ],
          [
            -77.0100611704299,
            38.975309036822786
          ],
          [
            -77.00917196297914,
            38.97547158180335
          ]
        ],
        "type": "LineString"
      }
    },
    {
      "type": "Feature",
      "id": "segment-3e5f97dcfcabe7dc",
      "properties": {
        "segment_id": "segment-3e5f97dcfcabe7dc",
        "fid": 174,
        "name": "Whole displayed feature (MONT portion)",
        "estimate_label": "Takoma old Wildwood branch east of paper fold",
        "atlas_area_id": "MONT",
        "geometry_hash": "446579aebf59bf3d9a11e3541ad0f1cc61b2a240c5384cd6242c3da467de44ad",
        "estimate_id": "PSL-20261008-segment-3e5f97dcfcabe7dc",
        "start_year": 1897,
        "end_year": 1907,
        "start_earliest_year": 1897,
        "start_latest_year": 1898,
        "end_earliest_year": 1900,
        "end_latest_year": 1910,
        "start_confidence": "medium",
        "end_confidence": "low",
        "confidence_group": "low",
        "estimate_status": "provisional_not_verified_not_admitted",
        "mixed_subextent": false,
        "has_known_periods": false,
        "citation_review_warning": null,
        "continuous_operation_asserted": false,
        "whole_segment_uniform_lifespan_asserted": false,
        "source_ids": [
          "GAP-SRC-ELLENBERGER1974",
          "MD-MONT-S01",
          "MD-MONT-S07"
        ],
        "context_source_ids": [
          "GAP-SRC-DINKY2000"
        ],
        "basis_claim_ids": [
          "TA-MD-MD-MONT-C19",
          "TA-MD-MD-MONT-C20",
          "TA-MD-MD-MONT-C21"
        ],
        "evidence_id": "segment-3e5f97dcfcabe7dc",
        "start_estimated_date": null,
        "end_estimated_date": null,
        "start_precision": "year",
        "end_precision": "year",
        "verified_start_date": null,
        "verified_end_date": null,
        "passenger_use_existence": "supported_at_named_corridor_scope",
        "geometry_correspondence": "source_scoped_not_full_segment_proof",
        "uncertainty_reason_group": "ordinary_date_and_scope_uncertainty"
      },
      "geometry": {
        "coordinates": [
          [
            -76.99935502307133,
            38.977804176794514
          ],
          [
            -76.99701006969467,
            38.97706358283053
          ],
          [
            -76.99581413443497,
            38.97661384748098
          ]
        ],
        "type": "LineString"
      }
    },
    {
      "type": "Feature",
      "id": "segment-1f8fa09ff067d227",
      "properties": {
        "segment_id": "segment-1f8fa09ff067d227",
        "fid": 175,
        "name": "Whole displayed feature (MONT portion)",
        "estimate_label": "Wildwood final cross-country approach to Elm–Heather terminal estimate",
        "atlas_area_id": "MONT",
        "geometry_hash": "3fee5431b3e73e7a4460cc350cb56a57ddd1bcf40e0639c0d4f01d28e8f64ab8",
        "estimate_id": "PSL-20261008-segment-1f8fa09ff067d227",
        "start_year": 1897,
        "end_year": 1907,
        "start_earliest_year": 1897,
        "start_latest_year": 1898,
        "end_earliest_year": 1900,
        "end_latest_year": 1910,
        "start_confidence": "medium",
        "end_confidence": "low",
        "confidence_group": "low",
        "estimate_status": "provisional_not_verified_not_admitted",
        "mixed_subextent": false,
        "has_known_periods": false,
        "citation_review_warning": null,
        "continuous_operation_asserted": false,
        "whole_segment_uniform_lifespan_asserted": false,
        "source_ids": [
          "GAP-SRC-ELLENBERGER1974",
          "MD-MONT-S01",
          "MD-MONT-S07"
        ],
        "context_source_ids": [
          "GAP-SRC-DINKY2000"
        ],
        "basis_claim_ids": [
          "TA-MD-MD-MONT-C19",
          "TA-MD-MD-MONT-C20",
          "TA-MD-MD-MONT-C21"
        ],
        "evidence_id": "segment-1f8fa09ff067d227",
        "start_estimated_date": null,
        "end_estimated_date": null,
        "start_precision": "year",
        "end_precision": "year",
        "verified_start_date": null,
        "verified_end_date": null,
        "passenger_use_existence": "supported_at_named_corridor_scope",
        "geometry_correspondence": "source_scoped_not_full_segment_proof",
        "uncertainty_reason_group": "ordinary_date_and_scope_uncertainty"
      },
      "geometry": {
        "coordinates": [
          [
            -76.99581413443497,
            38.97661384748098
          ],
          [
            -76.99562007256345,
            38.976583490701636
          ],
          [
            -76.99552655040766,
            38.9766654527417
          ],
          [
            -76.99550630439946,
            38.97683337802656
          ],
          [
            -76.99553207141292,
            38.977060910770724
          ],
          [
            -76.99557658825815,
            38.97732169513342
          ],
          [
            -76.99561259137876,
            38.97758937530406
          ],
          [
            -76.99561281675325,
            38.97783759551766
          ],
          [
            -76.99555,
            38.97804
          ],
          [
            -76.99522,
            38.97823
          ],
          [
            -76.99477,
            38.97838
          ],
          [
            -76.994316,
            38.978492
          ],
          [
            -76.993728,
            38.979263
          ],
          [
            -76.993579,
            38.979515
          ],
          [
            -76.993247,
            38.980075
          ]
        ],
        "type": "LineString"
      }
    },
    {
      "type": "Feature",
      "id": "segment-85d69846b5dddfb6",
      "properties": {
        "segment_id": "segment-85d69846b5dddfb6",
        "fid": 176,
        "name": "Whole displayed feature (MONT portion)",
        "estimate_label": "Carroll Avenue to Sligo Creek Sanitarium approach estimate",
        "atlas_area_id": "MONT",
        "geometry_hash": "ae8f6e707ec50d877904393b3bcf5d68c669fb96273df1e954fdac85975cef95",
        "estimate_id": "PSL-20261008-segment-85d69846b5dddfb6",
        "start_year": 1918,
        "end_year": 1927,
        "start_earliest_year": 1918,
        "start_latest_year": 1919,
        "end_earliest_year": 1927,
        "end_latest_year": 1927,
        "start_confidence": "medium",
        "end_confidence": "medium",
        "confidence_group": "medium_high",
        "estimate_status": "provisional_not_verified_not_admitted",
        "mixed_subextent": false,
        "has_known_periods": false,
        "citation_review_warning": null,
        "continuous_operation_asserted": false,
        "whole_segment_uniform_lifespan_asserted": false,
        "source_ids": [
          "GAP-SRC-ELLENBERGER1974",
          "MD-MONT-S01"
        ],
        "context_source_ids": [
          "GAP-SRC-DINKY2000"
        ],
        "basis_claim_ids": [
          "TA-MD-MD-MONT-C25-extension",
          "TA-MD-MD-MONT-C25-withdrawal"
        ],
        "evidence_id": "segment-85d69846b5dddfb6",
        "start_estimated_date": null,
        "end_estimated_date": null,
        "start_precision": "year",
        "end_precision": "year",
        "verified_start_date": null,
        "verified_end_date": null,
        "passenger_use_existence": "supported_at_named_corridor_scope",
        "geometry_correspondence": "source_scoped_not_full_segment_proof",
        "uncertainty_reason_group": "ordinary_date_and_scope_uncertainty"
      },
      "geometry": {
        "coordinates": [
          [
            -77.0053397476483,
            38.9774855670723
          ],
          [
            -77.00558494282623,
            38.97887451882957
          ],
          [
            -77.00497211026841,
            38.97965279656573
          ],
          [
            -77.00429794524848,
            38.98038256687057
          ],
          [
            -77.00368497380865,
            38.98099076959732
          ],
          [
            -77.00307192117619,
            38.981550369617764
          ],
          [
            -77.00258179470904,
            38.98174535462246
          ],
          [
            -77.00184675008731,
            38.98189202939105
          ],
          [
            -77.00101968364548,
            38.98206307914587
          ],
          [
            -77.0004680747719,
            38.98225808028068
          ],
          [
            -77.00006934819011,
            38.982550082564885
          ],
          [
            -76.99991556540871,
            38.98286610834853
          ]
        ],
        "type": "LineString"
      }
    },
    {
      "type": "Feature",
      "id": "segment-db971506248ca2d7",
      "properties": {
        "segment_id": "segment-db971506248ca2d7",
        "fid": 177,
        "name": "Whole displayed feature (DC portion)",
        "estimate_label": "Massachusetts Avenue west branch via Macomb",
        "atlas_area_id": "DC",
        "geometry_hash": "625f615f557ac905c2083c4ae9c0dabf97e006fc013eb3ad40324976c21fca97",
        "estimate_id": "PSL-20261008-segment-db971506248ca2d7",
        "start_year": 1914,
        "end_year": 1925,
        "start_earliest_year": 1914,
        "start_latest_year": 1914,
        "end_earliest_year": 1925,
        "end_latest_year": 1925,
        "start_confidence": "high",
        "end_confidence": "medium",
        "confidence_group": "medium_high",
        "estimate_status": "provisional_not_verified_not_admitted",
        "mixed_subextent": true,
        "has_known_periods": false,
        "citation_review_warning": null,
        "continuous_operation_asserted": false,
        "whole_segment_uniform_lifespan_asserted": false,
        "source_ids": [
          "BR-S001",
          "GAP-CONV-S07",
          "RFG-S-DCPU1914-O89",
          "date-source-edd51fea3333c994"
        ],
        "context_source_ids": [
          "BR-S001",
          "GAP-SRC-RAND1916"
        ],
        "basis_claim_ids": [
          "DC-TIME-MACOMB-NEBRASKA-OPEN",
          "DC-TIME-MACOMB-DISTRICT-OPEN"
        ],
        "evidence_id": "segment-db971506248ca2d7",
        "start_estimated_date": null,
        "end_estimated_date": null,
        "start_precision": "year",
        "end_precision": "year",
        "verified_start_date": null,
        "verified_end_date": null,
        "passenger_use_existence": "supported_at_named_corridor_scope",
        "geometry_correspondence": "source_scoped_not_full_segment_proof",
        "uncertainty_reason_group": "ordinary_date_and_scope_uncertainty"
      },
      "geometry": {
        "coordinates": [
          [
            -77.07349556230653,
            38.935104286074285
          ],
          [
            -77.07422643644176,
            38.935039275996594
          ],
          [
            -77.07504898704312,
            38.93495819075153
          ],
          [
            -77.07581565473957,
            38.93489584021471
          ],
          [
            -77.07648901952457,
            38.93485525771704
          ],
          [
            -77.07718115181991,
            38.93481318157256
          ],
          [
            -77.07834088480357,
            38.9347190469936
          ],
          [
            -77.07946314615775,
            38.934599750452676
          ],
          [
            -77.08039871988622,
            38.934523959088956
          ],
          [
            -77.08084884272294,
            38.93460069775722
          ],
          [
            -77.0813379269446,
            38.934844073903236
          ],
          [
            -77.08227939600432,
            38.93540461092333
          ],
          [
            -77.08303304556479,
            38.93589552276448
          ],
          [
            -77.08397538321978,
            38.93652692046842
          ],
          [
            -77.0849178462162,
            38.93715840740558
          ],
          [
            -77.08586030091352,
            38.93777583619439
          ],
          [
            -77.08680299446539,
            38.938407487180086
          ],
          [
            -77.08755709879449,
            38.9388987185168
          ],
          [
            -77.08834885713824,
            38.93940112219889
          ],
          [
            -77.08925346189257,
            38.939936958457984
          ],
          [
            -77.09000776675853,
            38.94042832698079
          ],
          [
            -77.09076212793127,
            38.940919734913315
          ],
          [
            -77.09123371061861,
            38.94123572637896
          ],
          [
            -77.09151654302259,
            38.94141118058134
          ],
          [
            -77.09193092840712,
            38.941618532159
          ],
          [
            -77.09249688992486,
            38.941997764032834
          ],
          [
            -77.09359242735565,
            38.942872497244245
          ],
          [
            -77.09453558544335,
            38.94347636187874
          ],
          [
            -77.09547893838149,
            38.9440944240104
          ],
          [
            -77.09623389483008,
            38.94461437962137
          ],
          [
            -77.09698914280061,
            38.945162670012735
          ],
          [
            -77.09774455370228,
            38.945725144851444
          ],
          [
            -77.0982155070223,
            38.94594225025719
          ],
          [
            -77.0988011053812,
            38.94639093839349
          ],
          [
            -77.09944322280153,
            38.94686343626068
          ],
          [
            -77.10004685920435,
            38.94722572777274
          ],
          [
            -77.10066989479981,
            38.947657302003115
          ],
          [
            -77.10119806628883,
            38.94796902133198
          ]
        ],
        "type": "LineString"
      }
    },
    {
      "type": "Feature",
      "id": "segment-b94ef5ff840d5897",
      "properties": {
        "segment_id": "segment-b94ef5ff840d5897",
        "fid": 178,
        "name": "Whole displayed feature (PG portion)",
        "estimate_label": "City & Suburban: Brentwood–Riverdale",
        "atlas_area_id": "PG",
        "geometry_hash": "d12a82609a0bac115b28fafa2c5d75a50673b14d4aefd08922c163f105e4f645",
        "estimate_id": "PSL-20261008-segment-b94ef5ff840d5897",
        "start_year": 1898,
        "end_year": 1958,
        "start_earliest_year": 1898,
        "start_latest_year": 1899,
        "end_earliest_year": 1958,
        "end_latest_year": 1958,
        "start_confidence": "medium",
        "end_confidence": "medium",
        "confidence_group": "medium_high",
        "estimate_status": "provisional_not_verified_not_admitted",
        "mixed_subextent": true,
        "has_known_periods": true,
        "citation_review_warning": null,
        "continuous_operation_asserted": false,
        "whole_segment_uniform_lifespan_asserted": false,
        "source_ids": [
          "G7-S-1955-INHERITED",
          "LATE-CONV-S04",
          "MD-EAST-S31",
          "date-source-9d66f86d24fa03bc",
          "date-source-d8569aec0d752768"
        ],
        "context_source_ids": [
          "DC-LATE-MAP-S03"
        ],
        "basis_claim_ids": [
          "TA-MD-MD-EAST-C39-brentwood",
          "TA-MD-MD-EAST-C39-riverdale",
          "TA-MD-NEW-CR-MARYLAND-1958"
        ],
        "evidence_id": "segment-b94ef5ff840d5897",
        "start_estimated_date": null,
        "end_estimated_date": null,
        "start_precision": "year",
        "end_precision": "year",
        "verified_start_date": null,
        "verified_end_date": null,
        "passenger_use_existence": "supported_at_named_corridor_scope",
        "geometry_correspondence": "source_scoped_not_full_segment_proof",
        "uncertainty_reason_group": "ordinary_date_and_scope_uncertainty"
      },
      "geometry": {
        "coordinates": [
          [
            -76.9624770981401,
            38.93560866981492
          ],
          [
            -76.95721508442168,
            38.938019416207176
          ],
          [
            -76.95445480189713,
            38.93934879424864
          ],
          [
            -76.9510778767189,
            38.94145209554493
          ],
          [
            -76.94860941666694,
            38.94575961917951
          ],
          [
            -76.9455361114291,
            38.94745200515354
          ],
          [
            -76.94369275065364,
            38.94817672862899
          ],
          [
            -76.94283048755689,
            38.94890247225067
          ],
          [
            -76.94100583876846,
            38.95180759352301
          ],
          [
            -76.94034976029873,
            38.95398768454873
          ],
          [
            -76.93995814006189,
            38.95810764927145
          ],
          [
            -76.93826259979966,
            38.9592692332106
          ],
          [
            -76.93798359175568,
            38.959705277290944
          ],
          [
            -76.9364108519028,
            38.96077006009224
          ],
          [
            -76.93616129845095,
            38.96137590111224
          ],
          [
            -76.9357533673225,
            38.96270901768267
          ],
          [
            -76.935559402225,
            38.964163786878935
          ],
          [
            -76.93450279582208,
            38.97022633243581
          ]
        ],
        "type": "LineString"
      }
    },
    {
      "type": "Feature",
      "id": "segment-2e1842c73d7e56d0",
      "properties": {
        "segment_id": "segment-2e1842c73d7e56d0",
        "fid": 179,
        "name": "Whole displayed feature (PG portion)",
        "estimate_label": "City & Suburban: Riverdale–Berwyn shared corridor",
        "atlas_area_id": "PG",
        "geometry_hash": "b1ed748605119b37e83c6914e23d9774dc4fd63e95bb6deb05a2895d1d1dba76",
        "estimate_id": "PSL-20261008-segment-2e1842c73d7e56d0",
        "start_year": 1899,
        "end_year": 1958,
        "start_earliest_year": 1899,
        "start_latest_year": 1901,
        "end_earliest_year": 1958,
        "end_latest_year": 1958,
        "start_confidence": "medium",
        "end_confidence": "medium",
        "confidence_group": "medium_high",
        "estimate_status": "provisional_not_verified_not_admitted",
        "mixed_subextent": false,
        "has_known_periods": true,
        "citation_review_warning": null,
        "continuous_operation_asserted": false,
        "whole_segment_uniform_lifespan_asserted": false,
        "source_ids": [
          "G7-S-1955-INHERITED",
          "LATE-CONV-S04",
          "MD-EAST-S31",
          "date-source-9d66f86d24fa03bc",
          "date-source-d8569aec0d752768"
        ],
        "context_source_ids": [
          "DC-LATE-MAP-S03"
        ],
        "basis_claim_ids": [
          "TA-MD-MD-EAST-C39-riverdale",
          "TA-MD-NEW-CR-MARYLAND-1958"
        ],
        "evidence_id": "segment-2e1842c73d7e56d0",
        "start_estimated_date": null,
        "end_estimated_date": null,
        "start_precision": "year",
        "end_precision": "year",
        "verified_start_date": null,
        "verified_end_date": null,
        "passenger_use_existence": "supported_at_named_corridor_scope",
        "geometry_correspondence": "source_scoped_not_full_segment_proof",
        "uncertainty_reason_group": "ordinary_date_and_scope_uncertainty"
      },
      "geometry": {
        "coordinates": [
          [
            -76.93450279582208,
            38.97022633243581
          ],
          [
            -76.93387207602053,
            38.97629135525386
          ],
          [
            -76.93305883855412,
            38.97798893109921
          ],
          [
            -76.93249830293563,
            38.9788375231674
          ],
          [
            -76.93132372110315,
            38.9830832068251
          ],
          [
            -76.93053503408898,
            38.9852666046719
          ],
          [
            -76.92973175963475,
            38.9889066446593
          ],
          [
            -76.92831650707954,
            38.99206034087739
          ],
          [
            -76.92726917314256,
            38.995214748968266
          ],
          [
            -76.92617949196386,
            38.99934035553047
          ]
        ],
        "type": "LineString"
      }
    },
    {
      "type": "Feature",
      "id": "segment-b8554f6577db7962",
      "properties": {
        "segment_id": "segment-b8554f6577db7962",
        "fid": 180,
        "name": "Whole displayed feature (PG portion)",
        "estimate_label": "City & Suburban: Berwyn–Beltsville–Muirkirk approach",
        "atlas_area_id": "PG",
        "geometry_hash": "f8167b206aaaec009b8f69469fbc150782d24e025c6291b17b1dbc19724b8d67",
        "estimate_id": "PSL-20261008-segment-b8554f6577db7962",
        "start_year": 1901,
        "end_year": 1958,
        "start_earliest_year": 1900,
        "start_latest_year": 1902,
        "end_earliest_year": 1949,
        "end_latest_year": 1958,
        "start_confidence": "medium",
        "end_confidence": "medium",
        "confidence_group": "medium_high",
        "estimate_status": "provisional_not_verified_not_admitted",
        "mixed_subextent": true,
        "has_known_periods": true,
        "citation_review_warning": null,
        "continuous_operation_asserted": false,
        "whole_segment_uniform_lifespan_asserted": false,
        "source_ids": [
          "G7-S-1955-INHERITED",
          "GAP-CONV-S07",
          "LATE-CONV-S04",
          "MD-EAST-S23",
          "MD-EAST-S32",
          "date-source-9d66f86d24fa03bc",
          "date-source-d8569aec0d752768"
        ],
        "context_source_ids": [
          "DC-LATE-MAP-S03"
        ],
        "basis_claim_ids": [
          "TA-MD-MD-EAST-C34",
          "TA-MD-NEW-CR-MARYLAND-1958"
        ],
        "evidence_id": "segment-b8554f6577db7962",
        "start_estimated_date": null,
        "end_estimated_date": null,
        "start_precision": "year",
        "end_precision": "year",
        "verified_start_date": null,
        "verified_end_date": null,
        "passenger_use_existence": "supported_at_named_corridor_scope",
        "geometry_correspondence": "source_scoped_not_full_segment_proof",
        "uncertainty_reason_group": "ordinary_date_and_scope_uncertainty"
      },
      "geometry": {
        "coordinates": [
          [
            -76.92617949196386,
            38.99934035553047
          ],
          [
            -76.92550693445516,
            39.00176716510398
          ],
          [
            -76.9248562762024,
            39.004922467262105
          ],
          [
            -76.92335163643598,
            39.01001858557647
          ],
          [
            -76.92207526193587,
            39.01390096313506
          ],
          [
            -76.92112351411556,
            39.0163270292965
          ],
          [
            -76.92015936218158,
            39.019724236539176
          ],
          [
            -76.91620057000408,
            39.029183881044005
          ],
          [
            -76.91461311499609,
            39.03330711400807
          ],
          [
            -76.91335520381301,
            39.035731445868734
          ],
          [
            -76.91240407991856,
            39.038156512144425
          ],
          [
            -76.90976389676509,
            39.04106173350667
          ],
          [
            -76.9080563624745,
            39.042998383758075
          ],
          [
            -76.90464699276187,
            39.04674953621624
          ],
          [
            -76.90032452891914,
            39.05086031246935
          ],
          [
            -76.89579769295752,
            39.05509001257307
          ],
          [
            -76.89017688238822,
            39.060526523650715
          ],
          [
            -76.88680648765992,
            39.063860016882224
          ],
          [
            -76.88313961586431,
            39.06704594501213
          ],
          [
            -76.8782551634459,
            39.07163267866288
          ],
          [
            -76.87502001940312,
            39.0748909047576
          ]
        ],
        "type": "LineString"
      }
    },
    {
      "type": "Feature",
      "id": "segment-e8174aaf93ac9e9a",
      "properties": {
        "segment_id": "segment-e8174aaf93ac9e9a",
        "fid": 181,
        "name": "Whole displayed feature (PG portion)",
        "estimate_label": "City & Suburban Electric: Muirkirk overlap–Laurel arrival",
        "atlas_area_id": "PG",
        "geometry_hash": "2c5fdc5854a8b5bf54d711ad4b947a5ee27358be065353d30ef05cfa688e3da5",
        "estimate_id": "PSL-20261008-segment-e8174aaf93ac9e9a",
        "start_year": 1902,
        "end_year": 1925,
        "start_earliest_year": 1902,
        "start_latest_year": 1902,
        "end_earliest_year": 1925,
        "end_latest_year": 1925,
        "start_confidence": "medium",
        "end_confidence": "medium",
        "confidence_group": "medium_high",
        "estimate_status": "provisional_not_verified_not_admitted",
        "mixed_subextent": false,
        "has_known_periods": false,
        "citation_review_warning": null,
        "continuous_operation_asserted": false,
        "whole_segment_uniform_lifespan_asserted": false,
        "source_ids": [
          "MD-EAST-S23",
          "MD-EAST-S32"
        ],
        "context_source_ids": [],
        "basis_claim_ids": [
          "TA-MD-MD-EAST-C34"
        ],
        "evidence_id": "segment-e8174aaf93ac9e9a",
        "start_estimated_date": null,
        "end_estimated_date": null,
        "start_precision": "year",
        "end_precision": "year",
        "verified_start_date": null,
        "verified_end_date": null,
        "passenger_use_existence": "inferred_from_corridor_history",
        "geometry_correspondence": "corridor_correspondence_requires_review",
        "uncertainty_reason_group": "ordinary_date_and_scope_uncertainty"
      },
      "geometry": {
        "coordinates": [
          [
            -76.87502001940312,
            39.0748909047576
          ],
          [
            -76.87326554112443,
            39.07736200961893
          ],
          [
            -76.86945208009716,
            39.081308788171604
          ],
          [
            -76.86687660981161,
            39.083913460326976
          ],
          [
            -76.86429526260193,
            39.08699480068723
          ],
          [
            -76.86223572564036,
            39.08904700073242
          ],
          [
            -76.86017019183994,
            39.0915757939574
          ],
          [
            -76.85840968455445,
            39.09410650791364
          ],
          [
            -76.8572620768878,
            39.0964026677591
          ],
          [
            -76.85620688733025,
            39.09941401906639
          ],
          [
            -76.85525025571161,
            39.10266403124773
          ],
          [
            -76.85491460773959,
            39.105044074488
          ],
          [
            -76.85408630383952,
            39.10623030956103
          ]
        ],
        "type": "LineString"
      }
    },
    {
      "type": "Feature",
      "id": "segment-9f2bfde2bac856aa",
      "properties": {
        "segment_id": "segment-9f2bfde2bac856aa",
        "fid": 182,
        "name": "Whole displayed feature (PG portion)",
        "estimate_label": "WSSG Bladensburg to East Riverdale estimated approach",
        "atlas_area_id": "PG",
        "geometry_hash": "eca8fa8c80f6a9103bf53ada2eedb016358c2af61d399191ac502297294c8132",
        "estimate_id": "PSL-20261008-segment-9f2bfde2bac856aa",
        "start_year": 1910,
        "end_year": 1925,
        "start_earliest_year": 1910,
        "start_latest_year": 1912,
        "end_earliest_year": 1923,
        "end_latest_year": 1925,
        "start_confidence": "medium",
        "end_confidence": "medium",
        "confidence_group": "medium_high",
        "estimate_status": "provisional_not_verified_not_admitted",
        "mixed_subextent": false,
        "has_known_periods": false,
        "citation_review_warning": null,
        "continuous_operation_asserted": false,
        "whole_segment_uniform_lifespan_asserted": false,
        "source_ids": [
          "AUDIT-DC-NPS2005-DUPONT",
          "AUDIT-NPS2005-MET-EARLY",
          "AUDIT-WILDWOOD-TERMINAL-NPS2005",
          "DC-RECON-NPS2005-E19",
          "GAP-CONV-S08",
          "INF-SRC-MD-NPS-STREETCAR",
          "INF-SRC-MD-WSSG-CHARTER",
          "LATE-PH-S08",
          "LOOP-S07",
          "MD-EAST-S18",
          "MD-EAST-S19",
          "MD-MONT-S02",
          "WB-S01"
        ],
        "context_source_ids": [],
        "basis_claim_ids": [
          "TA-MD-MD-EAST-C35",
          "TA-MD-MD-EAST-C36-shuttle"
        ],
        "evidence_id": "segment-9f2bfde2bac856aa",
        "start_estimated_date": null,
        "end_estimated_date": null,
        "start_precision": "year",
        "end_precision": "year",
        "verified_start_date": null,
        "verified_end_date": null,
        "passenger_use_existence": "inferred_from_corridor_history",
        "geometry_correspondence": "corridor_correspondence_requires_review",
        "uncertainty_reason_group": "ordinary_date_and_scope_uncertainty"
      },
      "geometry": {
        "coordinates": [
          [
            -76.95705844541506,
            38.93052010863621
          ],
          [
            -76.9550887428136,
            38.93197085153267
          ],
          [
            -76.95232901885608,
            38.93354092737031
          ],
          [
            -76.94864766162576,
            38.935593934170164
          ],
          [
            -76.94496440129574,
            38.93757424238926
          ],
          [
            -76.94250785630402,
            38.9388540552891
          ],
          [
            -76.94097361236443,
            38.93928785879565
          ],
          [
            -76.93913410417656,
            38.93938237028894
          ],
          [
            -76.93637446931844,
            38.93952390377164
          ],
          [
            -76.93453434796228,
            38.93964231386432
          ],
          [
            -76.93452998675862,
            38.94053788183856
          ],
          [
            -76.93446447130361,
            38.94138502386114
          ],
          [
            -76.9336002951976,
            38.94247317999019
          ],
          [
            -76.93206027231996,
            38.94370570795807
          ],
          [
            -76.93036810234044,
            38.94462328353125
          ],
          [
            -76.9295363857833,
            38.94522740013884
          ],
          [
            -76.92891709392607,
            38.9462193764159
          ],
          [
            -76.927556979524,
            38.94791270108646
          ],
          [
            -76.92644331742618,
            38.94936438316485
          ],
          [
            -76.92582297291848,
            38.95040514500756
          ],
          [
            -76.92455734779418,
            38.951517614804
          ],
          [
            -76.92353893705656,
            38.95233978194975
          ],
          [
            -76.92328417799142,
            38.953720668760305
          ],
          [
            -76.92318390571876,
            38.954932297442014
          ],
          [
            -76.92271552875907,
            38.95607069629701
          ],
          [
            -76.92206460775985,
            38.956942227238414
          ],
          [
            -76.92116857401403,
            38.957716417159915
          ],
          [
            -76.9203026011279,
            38.958563415717826
          ]
        ],
        "type": "LineString"
      }
    },
    {
      "type": "Feature",
      "id": "segment-fcff7be0326b2718",
      "properties": {
        "segment_id": "segment-fcff7be0326b2718",
        "fid": 183,
        "name": "Whole displayed feature (PG portion)",
        "estimate_label": "Washington, Spa Spring & Gretta: East Riverdale–Berwyn Heights",
        "atlas_area_id": "PG",
        "geometry_hash": "f966c7411e19534c02a06edc2f61d992a3e3762105c5728e0a5c3eb4f96b771b",
        "estimate_id": "PSL-20261008-segment-fcff7be0326b2718",
        "start_year": 1912,
        "end_year": 1921,
        "start_earliest_year": 1912,
        "start_latest_year": 1912,
        "end_earliest_year": 1921,
        "end_latest_year": 1922,
        "start_confidence": "medium",
        "end_confidence": "medium",
        "confidence_group": "medium_high",
        "estimate_status": "provisional_not_verified_not_admitted",
        "mixed_subextent": false,
        "has_known_periods": false,
        "citation_review_warning": null,
        "continuous_operation_asserted": false,
        "whole_segment_uniform_lifespan_asserted": false,
        "source_ids": [
          "AUDIT-DC-NPS2005-DUPONT",
          "AUDIT-NPS2005-MET-EARLY",
          "AUDIT-WILDWOOD-TERMINAL-NPS2005",
          "DC-RECON-NPS2005-E19",
          "GAP-CONV-S08",
          "INF-SRC-MD-NPS-STREETCAR",
          "INF-SRC-MD-WSSG-CHARTER",
          "LATE-PH-S08",
          "LOOP-S07",
          "MD-EAST-S18",
          "MD-EAST-S19",
          "MD-MONT-S02",
          "WB-S01"
        ],
        "context_source_ids": [],
        "basis_claim_ids": [
          "TA-MD-MD-EAST-C35",
          "TA-MD-MD-EAST-C36-north"
        ],
        "evidence_id": "segment-fcff7be0326b2718",
        "start_estimated_date": null,
        "end_estimated_date": null,
        "start_precision": "year",
        "end_precision": "year",
        "verified_start_date": null,
        "verified_end_date": null,
        "passenger_use_existence": "inferred_from_corridor_history",
        "geometry_correspondence": "corridor_correspondence_requires_review",
        "uncertainty_reason_group": "ordinary_date_and_scope_uncertainty"
      },
      "geometry": {
        "coordinates": [
          [
            -76.9203026011279,
            38.95856341571784
          ],
          [
            -76.92010594150516,
            38.96026019807278
          ],
          [
            -76.91975360977558,
            38.962199376174034
          ],
          [
            -76.91903788282185,
            38.9634106121425
          ],
          [
            -76.91901902426872,
            38.96583579182272
          ],
          [
            -76.91764423612702,
            38.968695518812126
          ],
          [
            -76.916645573784,
            38.970561619348345
          ],
          [
            -76.91450375255742,
            38.97310507525077
          ],
          [
            -76.91341560087133,
            38.97455879975722
          ],
          [
            -76.91217576596445,
            38.97576964300065
          ],
          [
            -76.91059781807743,
            38.97697984884722
          ],
          [
            -76.91006443570248,
            38.97819208124277
          ],
          [
            -76.91017842124698,
            38.97916294604792
          ],
          [
            -76.91157388986134,
            38.98110703022494
          ],
          [
            -76.91272799468796,
            38.98256536979813
          ],
          [
            -76.91537185306538,
            38.98572556782509
          ],
          [
            -76.91649271464765,
            38.987426741404676
          ],
          [
            -76.916665258629,
            38.988640718315374
          ],
          [
            -76.91664354714084,
            38.99082531949417
          ],
          [
            -76.91661996831306,
            38.9931556506949
          ]
        ],
        "type": "LineString"
      }
    },
    {
      "type": "Feature",
      "id": "segment-d46afe7e8c1804b6",
      "properties": {
        "segment_id": "segment-d46afe7e8c1804b6",
        "fid": 184,
        "name": "Whole displayed feature (DC portion)",
        "estimate_label": "Seat Pleasant shared electric connection estimate",
        "atlas_area_id": "DC",
        "geometry_hash": "862b0a6fb894b5d03754cc763e3e2e2465d7ac580126b7bd06fae4b5b18a026d",
        "estimate_id": "PSL-20261008-segment-d46afe7e8c1804b6",
        "start_year": 1898,
        "end_year": 1949,
        "start_earliest_year": 1898,
        "start_latest_year": 1908,
        "end_earliest_year": 1935,
        "end_latest_year": 1949,
        "start_confidence": "low",
        "end_confidence": "low",
        "confidence_group": "low",
        "estimate_status": "provisional_not_verified_not_admitted",
        "mixed_subextent": false,
        "has_known_periods": false,
        "citation_review_warning": null,
        "continuous_operation_asserted": false,
        "whole_segment_uniform_lifespan_asserted": false,
        "source_ids": [
          "AUDIT-DC-NPS2005-DUPONT",
          "AUDIT-NPS2005-MET-EARLY",
          "AUDIT-WILDWOOD-TERMINAL-NPS2005",
          "DC-RECON-NPS2005-E19",
          "GAP-CONV-S07",
          "GAP-CONV-S08",
          "INF-SRC-MD-NPS-STREETCAR",
          "LATE-PH-S08",
          "LOOP-S07",
          "MD-EAST-S18",
          "MD-MONT-S02",
          "WB-S01"
        ],
        "context_source_ids": [],
        "basis_claim_ids": [
          "TA-MD-MD-EAST-C38"
        ],
        "evidence_id": "segment-d46afe7e8c1804b6",
        "start_estimated_date": null,
        "end_estimated_date": null,
        "start_precision": "year",
        "end_precision": "year",
        "verified_start_date": null,
        "verified_end_date": null,
        "passenger_use_existence": "inferred_from_corridor_history",
        "geometry_correspondence": "corridor_correspondence_requires_review",
        "uncertainty_reason_group": "ordinary_date_and_scope_uncertainty"
      },
      "geometry": {
        "coordinates": [
          [
            -76.91591330037151,
            38.894127528631586
          ],
          [
            -76.91135302427983,
            38.89401052985734
          ]
        ],
        "type": "LineString"
      }
    },
    {
      "type": "Feature",
      "id": "segment-73031f521620a451",
      "properties": {
        "segment_id": "segment-73031f521620a451",
        "fid": 185,
        "name": "Whole displayed feature (DC portion)",
        "estimate_label": "WB&A: Chesapeake Junction–Huntsville",
        "atlas_area_id": "DC",
        "geometry_hash": "2bfa9cc529550ec9630858f92ca2729eff0ff627bd6eb8bf36d27d1d17f29937",
        "estimate_id": "PSL-20261008-segment-73031f521620a451",
        "start_year": 1908,
        "end_year": 1935,
        "start_earliest_year": 1908,
        "start_latest_year": 1908,
        "end_earliest_year": 1935,
        "end_latest_year": 1935,
        "start_confidence": "high",
        "end_confidence": "medium",
        "confidence_group": "medium_high",
        "estimate_status": "provisional_not_verified_not_admitted",
        "mixed_subextent": false,
        "has_known_periods": false,
        "citation_review_warning": null,
        "continuous_operation_asserted": false,
        "whole_segment_uniform_lifespan_asserted": false,
        "source_ids": [
          "F3-SR-S01",
          "GAP-SRC-SRJ1908",
          "MD-EAST-S05",
          "MD-EAST-S20"
        ],
        "context_source_ids": [],
        "basis_claim_ids": [
          "TA-MD-MD-EAST-C12",
          "TA-MD-MD-EAST-C27"
        ],
        "evidence_id": "segment-73031f521620a451",
        "start_estimated_date": null,
        "end_estimated_date": null,
        "start_precision": "year",
        "end_precision": "year",
        "verified_start_date": null,
        "verified_end_date": null,
        "passenger_use_existence": "inferred_from_corridor_history",
        "geometry_correspondence": "corridor_correspondence_requires_review",
        "uncertainty_reason_group": "ordinary_date_and_scope_uncertainty"
      },
      "geometry": {
        "coordinates": [
          [
            -76.91135302427983,
            38.89401052985734
          ],
          [
            -76.91100785203298,
            38.89415776689666
          ]
        ],
        "type": "LineString"
      }
    },
    {
      "type": "Feature",
      "id": "segment-4e221cf540dc6dc1",
      "properties": {
        "segment_id": "segment-4e221cf540dc6dc1",
        "fid": 186,
        "name": "Whole displayed feature (PG portion)",
        "estimate_label": "WB&A: Chesapeake Junction–Huntsville",
        "atlas_area_id": "PG",
        "geometry_hash": "260fbe698f32c71c48ace08e9600e024e4994c51aa943cb886c1eddaf9ac90cb",
        "estimate_id": "PSL-20261008-segment-4e221cf540dc6dc1",
        "start_year": 1908,
        "end_year": 1935,
        "start_earliest_year": 1908,
        "start_latest_year": 1908,
        "end_earliest_year": 1935,
        "end_latest_year": 1935,
        "start_confidence": "high",
        "end_confidence": "medium",
        "confidence_group": "medium_high",
        "estimate_status": "provisional_not_verified_not_admitted",
        "mixed_subextent": false,
        "has_known_periods": false,
        "citation_review_warning": null,
        "continuous_operation_asserted": false,
        "whole_segment_uniform_lifespan_asserted": false,
        "source_ids": [
          "F3-SR-S01",
          "GAP-SRC-SRJ1908",
          "MD-EAST-S05",
          "MD-EAST-S20"
        ],
        "context_source_ids": [],
        "basis_claim_ids": [
          "TA-MD-MD-EAST-C12",
          "TA-MD-MD-EAST-C27"
        ],
        "evidence_id": "segment-4e221cf540dc6dc1",
        "start_estimated_date": null,
        "end_estimated_date": null,
        "start_precision": "year",
        "end_precision": "year",
        "verified_start_date": null,
        "verified_end_date": null,
        "passenger_use_existence": "inferred_from_corridor_history",
        "geometry_correspondence": "corridor_correspondence_requires_review",
        "uncertainty_reason_group": "ordinary_date_and_scope_uncertainty"
      },
      "geometry": {
        "coordinates": [
          [
            -76.91100785203298,
            38.89415776689666
          ],
          [
            -76.90798129071312,
            38.89544878009984
          ],
          [
            -76.90460885515657,
            38.896766448730226
          ],
          [
            -76.901847392244,
            38.899603739853085
          ],
          [
            -76.90000492716044,
            38.90193743859942
          ],
          [
            -76.8958594225454,
            38.90518227424811
          ],
          [
            -76.8938621876649,
            38.90686547335746
          ],
          [
            -76.89177068295942,
            38.90915175059873
          ],
          [
            -76.89078673713769,
            38.909993689397545
          ],
          [
            -76.88955578887965,
            38.91131767229199
          ],
          [
            -76.88887842429439,
            38.91211231817603
          ]
        ],
        "type": "LineString"
      }
    },
    {
      "type": "Feature",
      "id": "segment-74140e1adc9b8607",
      "properties": {
        "segment_id": "segment-74140e1adc9b8607",
        "fid": 187,
        "name": "Whole connecting display feature; qualified interpolation within the named corridor (PG portion)",
        "estimate_label": "WB&A paper-fold interpolation",
        "atlas_area_id": "PG",
        "geometry_hash": "ffe1830634e4d928e70167c41beef07f325a43ea506946f874d59548cf7d9103",
        "estimate_id": "PSL-20261008-segment-74140e1adc9b8607",
        "start_year": 1908,
        "end_year": 1935,
        "start_earliest_year": 1908,
        "start_latest_year": 1908,
        "end_earliest_year": 1935,
        "end_latest_year": 1935,
        "start_confidence": "high",
        "end_confidence": "medium",
        "confidence_group": "medium_high",
        "estimate_status": "provisional_not_verified_not_admitted",
        "mixed_subextent": false,
        "has_known_periods": false,
        "citation_review_warning": null,
        "continuous_operation_asserted": false,
        "whole_segment_uniform_lifespan_asserted": false,
        "source_ids": [
          "F3-SR-S01",
          "GAP-SRC-SRJ1908",
          "MD-EAST-S05",
          "MD-EAST-S20"
        ],
        "context_source_ids": [],
        "basis_claim_ids": [
          "TA-MD-MD-EAST-C12",
          "TA-MD-MD-EAST-C27"
        ],
        "evidence_id": "segment-74140e1adc9b8607",
        "start_estimated_date": null,
        "end_estimated_date": null,
        "start_precision": "year",
        "end_precision": "year",
        "verified_start_date": null,
        "verified_end_date": null,
        "passenger_use_existence": "inferred_from_corridor_history",
        "geometry_correspondence": "corridor_correspondence_requires_review",
        "uncertainty_reason_group": "ordinary_date_and_scope_uncertainty"
      },
      "geometry": {
        "coordinates": [
          [
            -76.88887842429439,
            38.91211231817602
          ],
          [
            -76.88810860392644,
            38.91300336158535
          ]
        ],
        "type": "LineString"
      }
    },
    {
      "type": "Feature",
      "id": "segment-0fba53d2fa98e22d",
      "properties": {
        "segment_id": "segment-0fba53d2fa98e22d",
        "fid": 188,
        "name": "Whole displayed feature (PG portion)",
        "estimate_label": "WB&A: Whites–eastern sheet edge",
        "atlas_area_id": "PG",
        "geometry_hash": "127794e31fa64afbc797572c8f71ee6c506ad60276189ccd41bcb8f49d43395b",
        "estimate_id": "PSL-20261008-segment-0fba53d2fa98e22d",
        "start_year": 1908,
        "end_year": 1935,
        "start_earliest_year": 1908,
        "start_latest_year": 1908,
        "end_earliest_year": 1935,
        "end_latest_year": 1935,
        "start_confidence": "high",
        "end_confidence": "medium",
        "confidence_group": "medium_high",
        "estimate_status": "provisional_not_verified_not_admitted",
        "mixed_subextent": false,
        "has_known_periods": false,
        "citation_review_warning": null,
        "continuous_operation_asserted": false,
        "whole_segment_uniform_lifespan_asserted": false,
        "source_ids": [
          "F3-SR-S01",
          "GAP-SRC-SRJ1908",
          "MD-EAST-S05",
          "MD-EAST-S20"
        ],
        "context_source_ids": [],
        "basis_claim_ids": [
          "TA-MD-MD-EAST-C12",
          "TA-MD-MD-EAST-C27"
        ],
        "evidence_id": "segment-0fba53d2fa98e22d",
        "start_estimated_date": null,
        "end_estimated_date": null,
        "start_precision": "year",
        "end_precision": "year",
        "verified_start_date": null,
        "verified_end_date": null,
        "passenger_use_existence": "inferred_from_corridor_history",
        "geometry_correspondence": "corridor_correspondence_requires_review",
        "uncertainty_reason_group": "ordinary_date_and_scope_uncertainty"
      },
      "geometry": {
        "coordinates": [
          [
            -76.88810860392643,
            38.91300336158535
          ],
          [
            -76.88666349694395,
            38.913965291656226
          ],
          [
            -76.881866626027,
            38.91709249580837
          ],
          [
            -76.87860298868749,
            38.920225584345395
          ],
          [
            -76.87551311501507,
            38.925537648120255
          ],
          [
            -76.87514059793918,
            38.92650430183747
          ],
          [
            -76.87497433900205,
            38.92719244053786
          ]
        ],
        "type": "LineString"
      }
    },
    {
      "type": "Feature",
      "id": "segment-66ece6438678ee42",
      "properties": {
        "segment_id": "segment-66ece6438678ee42",
        "fid": 189,
        "name": "Whole displayed feature (PG portion)",
        "estimate_label": "WB&A former Washington main: Glenarden–Lincoln–High Bridge",
        "atlas_area_id": "PG",
        "geometry_hash": "25e40607d28fc578f17028e7ea13ac61bad5a3ab288e4152d025b809f923f99f",
        "estimate_id": "PSL-20261008-segment-66ece6438678ee42",
        "start_year": 1908,
        "end_year": 1935,
        "start_earliest_year": 1908,
        "start_latest_year": 1908,
        "end_earliest_year": 1935,
        "end_latest_year": 1935,
        "start_confidence": "high",
        "end_confidence": "medium",
        "confidence_group": "medium_high",
        "estimate_status": "provisional_not_verified_not_admitted",
        "mixed_subextent": false,
        "has_known_periods": false,
        "citation_review_warning": null,
        "continuous_operation_asserted": false,
        "whole_segment_uniform_lifespan_asserted": false,
        "source_ids": [
          "F3-SR-S01",
          "GAP-SRC-SRJ1908",
          "MD-EAST-S05",
          "MD-EAST-S20"
        ],
        "context_source_ids": [],
        "basis_claim_ids": [
          "TA-MD-MD-EAST-C12",
          "TA-MD-MD-EAST-C27"
        ],
        "evidence_id": "segment-66ece6438678ee42",
        "start_estimated_date": null,
        "end_estimated_date": null,
        "start_precision": "year",
        "end_precision": "year",
        "verified_start_date": null,
        "verified_end_date": null,
        "passenger_use_existence": "inferred_from_corridor_history",
        "geometry_correspondence": "corridor_correspondence_requires_review",
        "uncertainty_reason_group": "ordinary_date_and_scope_uncertainty"
      },
      "geometry": {
        "coordinates": [
          [
            -76.87497433900205,
            38.92719244053786
          ],
          [
            -76.86878112309458,
            38.93156774307305
          ],
          [
            -76.86268804032956,
            38.93542918490364
          ],
          [
            -76.85659441359839,
            38.93909919718249
          ],
          [
            -76.85050041451686,
            38.94291153705155
          ],
          [
            -76.84440605799392,
            38.94643725538181
          ],
          [
            -76.83831151824776,
            38.950153088939274
          ],
          [
            -76.8322168863946,
            38.95396377873974
          ],
          [
            -76.8261222530664,
            38.95801235346859
          ],
          [
            -76.82002790080811,
            38.96191783291067
          ],
          [
            -76.81393434103259,
            38.96506124841752
          ],
          [
            -76.81088770756372,
            38.96682357620345
          ],
          [
            -76.80784121534886,
            38.96863360636029
          ],
          [
            -76.8047948927851,
            38.97044371826284
          ],
          [
            -76.80174871760731,
            38.97230154789912
          ],
          [
            -76.79870270868312,
            38.97415946872544
          ],
          [
            -76.79565678832431,
            38.976160370547944
          ],
          [
            -76.79261109843624,
            38.977970836253164
          ],
          [
            -76.78956548312335,
            38.979876639608726
          ],
          [
            -76.78651983572935,
            38.982068310601086
          ],
          [
            -76.7834743583631,
            38.98402187219539
          ],
          [
            -76.78042888971704,
            38.98602310784079
          ],
          [
            -76.7773832678159,
            38.98835783385432
          ],
          [
            -76.77433754602995,
            38.99078786531645
          ],
          [
            -76.77190086170786,
            38.992789069258976
          ],
          [
            -76.76946404471619,
            38.9948379144767
          ],
          [
            -76.76702702643236,
            38.99698203514865
          ],
          [
            -76.76337234736123,
            39.000033307882255
          ]
        ],
        "type": "LineString"
      }
    },
    {
      "type": "Feature",
      "id": "segment-793628fa65762f62",
      "properties": {
        "segment_id": "segment-793628fa65762f62",
        "fid": 190,
        "name": "Whole displayed feature (PG portion)",
        "estimate_label": "Former WB&A: 39°N–Horsepen Branch–Laurel east edge",
        "atlas_area_id": "PG",
        "geometry_hash": "8e34b28038c14b472670a052df3f6b02e2884e9f495dc0f035f7cfacf87a1435",
        "estimate_id": "PSL-20261008-segment-793628fa65762f62",
        "start_year": 1908,
        "end_year": 1935,
        "start_earliest_year": 1908,
        "start_latest_year": 1908,
        "end_earliest_year": 1935,
        "end_latest_year": 1935,
        "start_confidence": "high",
        "end_confidence": "medium",
        "confidence_group": "medium_high",
        "estimate_status": "provisional_not_verified_not_admitted",
        "mixed_subextent": false,
        "has_known_periods": false,
        "citation_review_warning": null,
        "continuous_operation_asserted": false,
        "whole_segment_uniform_lifespan_asserted": false,
        "source_ids": [
          "F3-SR-S01",
          "GAP-SRC-SRJ1908",
          "MD-EAST-S05",
          "MD-EAST-S20"
        ],
        "context_source_ids": [],
        "basis_claim_ids": [
          "TA-MD-MD-EAST-C12",
          "TA-MD-MD-EAST-C27"
        ],
        "evidence_id": "segment-793628fa65762f62",
        "start_estimated_date": null,
        "end_estimated_date": null,
        "start_precision": "year",
        "end_precision": "year",
        "verified_start_date": null,
        "verified_end_date": null,
        "passenger_use_existence": "inferred_from_corridor_history",
        "geometry_correspondence": "corridor_correspondence_requires_review",
        "uncertainty_reason_group": "ordinary_date_and_scope_uncertainty"
      },
      "geometry": {
        "coordinates": [
          [
            -76.76337234736123,
            39.000033307882255
          ],
          [
            -76.76244764675403,
            39.000925113138194
          ],
          [
            -76.76188859967465,
            39.001599249015044
          ],
          [
            -76.76151610831722,
            39.00196026533088
          ],
          [
            -76.7610816781197,
            39.00232117569867
          ],
          [
            -76.76077091782251,
            39.00277870223856
          ],
          [
            -76.76030547511468,
            39.00316365592135
          ],
          [
            -76.75962286995693,
            39.00371699764239
          ],
          [
            -76.75909546178507,
            39.00412594933666
          ],
          [
            -76.7586922685206,
            39.004390466904525
          ],
          [
            -76.75797924081732,
            39.00472681439003
          ],
          [
            -76.75717328544127,
            39.00508712964963
          ],
          [
            -76.75636741909496,
            39.00542335279868
          ],
          [
            -76.7555614890883,
            39.005807799158184
          ],
          [
            -76.75481758140738,
            39.00616825070942
          ],
          [
            -76.75391880262536,
            39.0065767022983
          ],
          [
            -76.75311301338837,
            39.006961210846065
          ],
          [
            -76.75227631415645,
            39.007345702490284
          ],
          [
            -76.7514397155516,
            39.00770612052111
          ],
          [
            -76.75054116100856,
            39.00811470069947
          ],
          [
            -76.74971109865214,
            39.00857967846763
          ]
        ],
        "type": "LineString"
      }
    },
    {
      "type": "Feature",
      "id": "segment-d9f7e618bee5e34a",
      "properties": {
        "segment_id": "segment-d9f7e618bee5e34a",
        "fid": 191,
        "name": "Whole displayed feature (PG portion)",
        "estimate_label": "Former WB&A: Laurel east edge–Patuxent county crossing",
        "atlas_area_id": "PG",
        "geometry_hash": "409695ee3fb18efcc857d9d58c4fb49bdfe9fc486a6f59be042898311dc295bb",
        "estimate_id": "PSL-20261008-segment-d9f7e618bee5e34a",
        "start_year": 1908,
        "end_year": 1935,
        "start_earliest_year": 1908,
        "start_latest_year": 1908,
        "end_earliest_year": 1935,
        "end_latest_year": 1935,
        "start_confidence": "high",
        "end_confidence": "medium",
        "confidence_group": "medium_high",
        "estimate_status": "provisional_not_verified_not_admitted",
        "mixed_subextent": false,
        "has_known_periods": false,
        "citation_review_warning": null,
        "continuous_operation_asserted": false,
        "whole_segment_uniform_lifespan_asserted": false,
        "source_ids": [
          "F3-SR-S01",
          "GAP-SRC-SRJ1908",
          "MD-EAST-S05",
          "MD-EAST-S20"
        ],
        "context_source_ids": [],
        "basis_claim_ids": [
          "TA-MD-MD-EAST-C12",
          "TA-MD-MD-EAST-C27"
        ],
        "evidence_id": "segment-d9f7e618bee5e34a",
        "start_estimated_date": null,
        "end_estimated_date": null,
        "start_precision": "year",
        "end_precision": "year",
        "verified_start_date": null,
        "verified_end_date": null,
        "passenger_use_existence": "inferred_from_corridor_history",
        "geometry_correspondence": "corridor_correspondence_requires_review",
        "uncertainty_reason_group": "ordinary_date_and_scope_uncertainty"
      },
      "geometry": {
        "coordinates": [
          [
            -76.74971109865214,
            39.00857967846763
          ],
          [
            -76.74860161029648,
            39.00897420422054
          ],
          [
            -76.74767151627687,
            39.009384952772045
          ],
          [
            -76.7465863692098,
            39.00986817186385
          ],
          [
            -76.74550120968891,
            39.01032722678427
          ],
          [
            -76.74457097770582,
            39.01081040087473
          ],
          [
            -76.74453612658859,
            39.010826858096316
          ],
          [
            -76.74354774175009,
            39.011293580850776
          ],
          [
            -76.74261747540727,
            39.011776742364106
          ],
          [
            -76.74178020507799,
            39.01223573624186
          ],
          [
            -76.74103597613262,
            39.01262225967564
          ],
          [
            -76.74057081020405,
            39.01288798836697
          ],
          [
            -76.74044835757812,
            39.012951584773624
          ]
        ],
        "type": "LineString"
      }
    },
    {
      "type": "Feature",
      "id": "segment-33a60386c4728da8",
      "properties": {
        "segment_id": "segment-33a60386c4728da8",
        "fid": 192,
        "name": "Whole displayed feature (PG portion)",
        "estimate_label": "Bowie Race Track passenger spur: surviving approach with inferred electric-era join",
        "atlas_area_id": "PG",
        "geometry_hash": "4b4e8d0b7c0b7571e0f52a6e29d3ee20be4fced2c385b309e97edef7f67062ea",
        "estimate_id": "PSL-20261008-segment-33a60386c4728da8",
        "start_year": 1914,
        "end_year": 1935,
        "start_earliest_year": 1913,
        "start_latest_year": 1915,
        "end_earliest_year": 1935,
        "end_latest_year": 1949,
        "start_confidence": "very_low",
        "end_confidence": "very_low",
        "confidence_group": "very_low",
        "estimate_status": "provisional_not_verified_not_admitted",
        "mixed_subextent": false,
        "has_known_periods": false,
        "citation_review_warning": null,
        "continuous_operation_asserted": false,
        "whole_segment_uniform_lifespan_asserted": false,
        "source_ids": [
          "MD-EAST-S20"
        ],
        "context_source_ids": [],
        "basis_claim_ids": [
          "TA-MD-MD-EAST-C27"
        ],
        "evidence_id": "segment-33a60386c4728da8",
        "start_estimated_date": null,
        "end_estimated_date": null,
        "start_precision": "year",
        "end_precision": "year",
        "verified_start_date": null,
        "verified_end_date": null,
        "passenger_use_existence": "passenger_use_inferred_streetcar_scope_unresolved",
        "geometry_correspondence": "corridor_correspondence_requires_review",
        "uncertainty_reason_group": "passenger_rail_mode_scope"
      },
      "geometry": {
        "coordinates": [
          [
            -76.74453612658859,
            39.010826858096316
          ],
          [
            -76.7443233532773,
            39.010399852122106
          ],
          [
            -76.74395172090263,
            39.010013470590216
          ],
          [
            -76.74345602088675,
            39.00972371010208
          ],
          [
            -76.74283628940526,
            39.009482264346225
          ],
          [
            -76.7420305478997,
            39.009264985129555
          ],
          [
            -76.74122473587893,
            39.0091201539459
          ],
          [
            -76.74066683714793,
            39.00904774956457
          ],
          [
            -76.73983002060355,
            39.00887875533641
          ],
          [
            -76.73893120873568,
            39.008685604839016
          ],
          [
            -76.73809437731632,
            39.00849244113312
          ]
        ],
        "type": "LineString"
      }
    },
    {
      "type": "Feature",
      "id": "segment-5fceded132097085",
      "properties": {
        "segment_id": "segment-5fceded132097085",
        "fid": 193,
        "name": "Whole displayed feature (ALX portion)",
        "estimate_label": "Arlington Junction–Four Mile Run–St. Elmo–north Alexandria",
        "atlas_area_id": "ALX",
        "geometry_hash": "83bea2abd99dcb62b381247c8daa654908e34bdd7b73193f39aaeb59bf274253",
        "estimate_id": "PSL-20261008-segment-5fceded132097085",
        "start_year": 1896,
        "end_year": 1932,
        "start_earliest_year": 1892,
        "start_latest_year": 1896,
        "end_earliest_year": 1932,
        "end_latest_year": 1932,
        "start_confidence": "medium",
        "end_confidence": "medium",
        "confidence_group": "medium_high",
        "estimate_status": "provisional_not_verified_not_admitted",
        "mixed_subextent": false,
        "has_known_periods": true,
        "citation_review_warning": null,
        "continuous_operation_asserted": false,
        "whole_segment_uniform_lifespan_asserted": false,
        "source_ids": [
          "GAP-SRC-ALEX2021",
          "VA-AM-S01",
          "VA-AM-S03",
          "VA-AM-S05",
          "VA-AM-S08",
          "date-source-d4751367b36408e5"
        ],
        "context_source_ids": [
          "VA-AM-S03",
          "VA-AM-S05"
        ],
        "basis_claim_ids": [],
        "evidence_id": "segment-5fceded132097085",
        "start_estimated_date": null,
        "end_estimated_date": null,
        "start_precision": "year",
        "end_precision": "year",
        "verified_start_date": null,
        "verified_end_date": null,
        "passenger_use_existence": "supported_at_named_corridor_scope",
        "geometry_correspondence": "source_scoped_not_full_segment_proof",
        "uncertainty_reason_group": "ordinary_date_and_scope_uncertainty"
      },
      "geometry": {
        "coordinates": [
          [
            -77.05508499174356,
            38.840957937869184
          ],
          [
            -77.05573150771853,
            38.83957622478882
          ],
          [
            -77.05740396337146,
            38.835706846529064
          ],
          [
            -77.0587634746153,
            38.83314160370787
          ],
          [
            -77.05926104018661,
            38.8314477097495
          ],
          [
            -77.0597016789048,
            38.82864026317592
          ],
          [
            -77.06081929430935,
            38.824910111510036
          ],
          [
            -77.06199413843107,
            38.82204984343853
          ],
          [
            -77.06267549416948,
            38.819964666315734
          ],
          [
            -77.062926542435,
            38.81817036568738
          ],
          [
            -77.0626270216489,
            38.81593976095172
          ],
          [
            -77.06177821945228,
            38.812738519307025
          ],
          [
            -77.06080662179525,
            38.80934160571213
          ],
          [
            -77.05960619572005,
            38.80745578661865
          ]
        ],
        "type": "LineString"
      }
    },
    {
      "type": "Feature",
      "id": "segment-3164f72ff5cbb28d",
      "properties": {
        "segment_id": "segment-3164f72ff5cbb28d",
        "fid": 194,
        "name": "Whole displayed feature (ARL portion)",
        "estimate_label": "Arlington Junction–Four Mile Run–St. Elmo–north Alexandria",
        "atlas_area_id": "ARL",
        "geometry_hash": "1b30a38c9da797db17cf5c618a60adb7c28bf4b5d28e4c4ab64695c42b1143aa",
        "estimate_id": "PSL-20261008-segment-3164f72ff5cbb28d",
        "start_year": 1896,
        "end_year": 1932,
        "start_earliest_year": 1892,
        "start_latest_year": 1896,
        "end_earliest_year": 1932,
        "end_latest_year": 1932,
        "start_confidence": "medium",
        "end_confidence": "medium",
        "confidence_group": "medium_high",
        "estimate_status": "provisional_not_verified_not_admitted",
        "mixed_subextent": false,
        "has_known_periods": true,
        "citation_review_warning": null,
        "continuous_operation_asserted": false,
        "whole_segment_uniform_lifespan_asserted": false,
        "source_ids": [
          "GAP-SRC-ALEX2021",
          "VA-AM-S01",
          "VA-AM-S03",
          "VA-AM-S05",
          "VA-AM-S08",
          "date-source-d4751367b36408e5"
        ],
        "context_source_ids": [
          "VA-AM-S03",
          "VA-AM-S05"
        ],
        "basis_claim_ids": [],
        "evidence_id": "segment-3164f72ff5cbb28d",
        "start_estimated_date": null,
        "end_estimated_date": null,
        "start_precision": "year",
        "end_precision": "year",
        "verified_start_date": null,
        "verified_end_date": null,
        "passenger_use_existence": "supported_at_named_corridor_scope",
        "geometry_correspondence": "source_scoped_not_full_segment_proof",
        "uncertainty_reason_group": "ordinary_date_and_scope_uncertainty"
      },
      "geometry": {
        "coordinates": [
          [
            -77.0526279444197,
            38.86316556584765
          ],
          [
            -77.05339458456297,
            38.86289898924808
          ],
          [
            -77.05407082928433,
            38.86241590814937
          ],
          [
            -77.05373874037265,
            38.86169420142147
          ],
          [
            -77.0534393088513,
            38.86063519305597
          ],
          [
            -77.05323501575674,
            38.85902183590037
          ],
          [
            -77.05312949075993,
            38.85622733594904
          ],
          [
            -77.0532842125849,
            38.85068288448284
          ],
          [
            -77.05342409071118,
            38.84754709055036
          ],
          [
            -77.05393278453349,
            38.844022857809406
          ],
          [
            -77.05455517743124,
            38.84209023992177
          ],
          [
            -77.05508499174356,
            38.840957937869184
          ]
        ],
        "type": "LineString"
      }
    },
    {
      "type": "Feature",
      "id": "segment-57985abe45b90041",
      "properties": {
        "segment_id": "segment-57985abe45b90041",
        "fid": 195,
        "name": "Whole displayed feature (ALX portion)",
        "estimate_label": "Commonwealth–King historic curved transition",
        "atlas_area_id": "ALX",
        "geometry_hash": "b46e7416abc05e25d02d0ed25a7f322f7ea47c59922c3276484ba91aa35647ef",
        "estimate_id": "PSL-20261008-segment-57985abe45b90041",
        "start_year": 1896,
        "end_year": 1932,
        "start_earliest_year": 1892,
        "start_latest_year": 1902,
        "end_earliest_year": 1930,
        "end_latest_year": 1932,
        "start_confidence": "low",
        "end_confidence": "medium",
        "confidence_group": "low",
        "estimate_status": "provisional_not_verified_not_admitted",
        "mixed_subextent": false,
        "has_known_periods": true,
        "citation_review_warning": null,
        "continuous_operation_asserted": false,
        "whole_segment_uniform_lifespan_asserted": false,
        "source_ids": [
          "GAP-SRC-ALEX2021",
          "VA-AM-S03",
          "VA-AM-S05",
          "VA-AM-S08",
          "date-source-d4751367b36408e5"
        ],
        "context_source_ids": [
          "GAP-SRC-ALEX2021"
        ],
        "basis_claim_ids": [],
        "evidence_id": "segment-57985abe45b90041",
        "start_estimated_date": null,
        "end_estimated_date": null,
        "start_precision": "year",
        "end_precision": "year",
        "verified_start_date": null,
        "verified_end_date": null,
        "passenger_use_existence": "supported_at_named_corridor_scope",
        "geometry_correspondence": "source_scoped_not_full_segment_proof",
        "uncertainty_reason_group": "ordinary_date_and_scope_uncertainty"
      },
      "geometry": {
        "coordinates": [
          [
            -77.05960619572005,
            38.80745578661865
          ],
          [
            -77.05957983527303,
            38.80719674570086
          ],
          [
            -77.05945479782855,
            38.80696846208114
          ],
          [
            -77.05922212151293,
            38.80676985573495
          ],
          [
            -77.05888775250273,
            38.80661585704013
          ],
          [
            -77.05835642540292,
            38.806520937600254
          ]
        ],
        "type": "LineString"
      }
    },
    {
      "type": "Feature",
      "id": "segment-a57d1fe12df6d62b",
      "properties": {
        "segment_id": "segment-a57d1fe12df6d62b",
        "fid": 196,
        "name": "Whole displayed feature (ALX portion)",
        "estimate_label": "Hunting Creek–New Alexandria–Dyke–Warwick",
        "atlas_area_id": "ALX",
        "geometry_hash": "42b72da67cb78fa14c7a22e4c2dfddc4871d4f6050cb5d8af8f1c7b2ef50b009",
        "estimate_id": "PSL-20261008-segment-a57d1fe12df6d62b",
        "start_year": 1892,
        "end_year": 1930,
        "start_earliest_year": 1892,
        "start_latest_year": 1895,
        "end_earliest_year": 1929,
        "end_latest_year": 1930,
        "start_confidence": "medium",
        "end_confidence": "medium",
        "confidence_group": "medium_high",
        "estimate_status": "provisional_not_verified_not_admitted",
        "mixed_subextent": false,
        "has_known_periods": true,
        "citation_review_warning": null,
        "continuous_operation_asserted": false,
        "whole_segment_uniform_lifespan_asserted": false,
        "source_ids": [
          "ALEX-FAIRFAX1895",
          "EST-VA-MV-PHOTO1930",
          "GAP-SRC-ALEX2021",
          "VA-AM-S01",
          "VA-AM-S03",
          "VA-AM-S05",
          "VA-AM-S08",
          "date-source-d4751367b36408e5"
        ],
        "context_source_ids": [
          "VA-AM-S03",
          "VA-AM-S05"
        ],
        "basis_claim_ids": [],
        "evidence_id": "segment-a57d1fe12df6d62b",
        "start_estimated_date": null,
        "end_estimated_date": null,
        "start_precision": "year",
        "end_precision": "year",
        "verified_start_date": null,
        "verified_end_date": null,
        "passenger_use_existence": "supported_at_named_corridor_scope",
        "geometry_correspondence": "source_scoped_not_full_segment_proof",
        "uncertainty_reason_group": "ordinary_date_and_scope_uncertainty"
      },
      "geometry": {
        "coordinates": [
          [
            -77.045096,
            38.797766
          ],
          [
            -77.04551866713891,
            38.79512956863742
          ],
          [
            -77.04582805027036,
            38.79366927798598
          ],
          [
            -77.05067263447013,
            38.79146855434367
          ],
          [
            -77.05159368375325,
            38.790395800609545
          ],
          [
            -77.05180455445537,
            38.7901909440625
          ]
        ],
        "type": "LineString"
      }
    },
    {
      "type": "Feature",
      "id": "segment-e407e1811bb7e276",
      "properties": {
        "segment_id": "segment-e407e1811bb7e276",
        "fid": 197,
        "name": "Whole displayed feature (FFX portion)",
        "estimate_label": "Hunting Creek–New Alexandria–Dyke–Warwick",
        "atlas_area_id": "FFX",
        "geometry_hash": "eaf7d9b664e161a06fa8878d07e8a5f8a245f9b84bddd12ce6e9fcc7d6bfc403",
        "estimate_id": "PSL-20261008-segment-e407e1811bb7e276",
        "start_year": 1892,
        "end_year": 1930,
        "start_earliest_year": 1892,
        "start_latest_year": 1895,
        "end_earliest_year": 1929,
        "end_latest_year": 1930,
        "start_confidence": "medium",
        "end_confidence": "medium",
        "confidence_group": "medium_high",
        "estimate_status": "provisional_not_verified_not_admitted",
        "mixed_subextent": false,
        "has_known_periods": true,
        "citation_review_warning": null,
        "continuous_operation_asserted": false,
        "whole_segment_uniform_lifespan_asserted": false,
        "source_ids": [
          "ALEX-FAIRFAX1895",
          "EST-VA-MV-PHOTO1930",
          "GAP-SRC-ALEX2021",
          "VA-AM-S01",
          "VA-AM-S03",
          "VA-AM-S05",
          "VA-AM-S08",
          "date-source-d4751367b36408e5"
        ],
        "context_source_ids": [
          "VA-AM-S03",
          "VA-AM-S05"
        ],
        "basis_claim_ids": [],
        "evidence_id": "segment-e407e1811bb7e276",
        "start_estimated_date": null,
        "end_estimated_date": null,
        "start_precision": "year",
        "end_precision": "year",
        "verified_start_date": null,
        "verified_end_date": null,
        "passenger_use_existence": "supported_at_named_corridor_scope",
        "geometry_correspondence": "source_scoped_not_full_segment_proof",
        "uncertainty_reason_group": "ordinary_date_and_scope_uncertainty"
      },
      "geometry": {
        "coordinates": [
          [
            -77.05180455445537,
            38.7901909440625
          ],
          [
            -77.0532508282828,
            38.78878591880583
          ],
          [
            -77.05496881251229,
            38.78732180805634
          ],
          [
            -77.05570522114444,
            38.78658995907903
          ],
          [
            -77.05595248387168,
            38.7852747147964
          ],
          [
            -77.05614273612571,
            38.781329356277304
          ],
          [
            -77.05657722598082,
            38.77772358115268
          ],
          [
            -77.05701238966358,
            38.77358121270002
          ],
          [
            -77.0574446388526,
            38.77124133479695
          ],
          [
            -77.05738532878179,
            38.770023248898305
          ],
          [
            -77.05634706904704,
            38.768515083127824
          ],
          [
            -77.05481977867936,
            38.76676462131467
          ],
          [
            -77.05268168074232,
            38.76457749562032
          ],
          [
            -77.05109404930589,
            38.76282779157677
          ],
          [
            -77.0494457175399,
            38.76102981009149
          ],
          [
            -77.04902176658578,
            38.759082494249114
          ],
          [
            -77.04890458283585,
            38.75684223374502
          ],
          [
            -77.04958186372887,
            38.75498953009483
          ],
          [
            -77.05001390569169,
            38.75338118228363
          ],
          [
            -77.04995791009854,
            38.751287449418484
          ],
          [
            -77.04944990715187,
            38.75012374168223
          ]
        ],
        "type": "LineString"
      }
    },
    {
      "type": "Feature",
      "id": "segment-5113a8ed68f7b584",
      "properties": {
        "segment_id": "segment-5113a8ed68f7b584",
        "fid": 198,
        "name": "Whole displayed feature (FFX portion)",
        "estimate_label": "Wellington–Little Hunting Creek–Mount Vernon approach",
        "atlas_area_id": "FFX",
        "geometry_hash": "afb2a057c50ca86fe5c76dd08bfde6278ead9bfa9ad18f6e044cc316775d1d32",
        "estimate_id": "PSL-20261008-segment-5113a8ed68f7b584",
        "start_year": 1892,
        "end_year": 1930,
        "start_earliest_year": 1892,
        "start_latest_year": 1895,
        "end_earliest_year": 1929,
        "end_latest_year": 1930,
        "start_confidence": "medium",
        "end_confidence": "medium",
        "confidence_group": "medium_high",
        "estimate_status": "provisional_not_verified_not_admitted",
        "mixed_subextent": false,
        "has_known_periods": true,
        "citation_review_warning": null,
        "continuous_operation_asserted": false,
        "whole_segment_uniform_lifespan_asserted": false,
        "source_ids": [
          "ALEX-FAIRFAX1895",
          "EST-VA-MV-PHOTO1930",
          "GAP-SRC-ALEX2021",
          "VA-AM-S01",
          "VA-AM-S03",
          "VA-AM-S05",
          "VA-AM-S08",
          "date-source-d4751367b36408e5"
        ],
        "context_source_ids": [
          "VA-AM-S05"
        ],
        "basis_claim_ids": [],
        "evidence_id": "segment-5113a8ed68f7b584",
        "start_estimated_date": null,
        "end_estimated_date": null,
        "start_precision": "year",
        "end_precision": "year",
        "verified_start_date": null,
        "verified_end_date": null,
        "passenger_use_existence": "supported_at_named_corridor_scope",
        "geometry_correspondence": "source_scoped_not_full_segment_proof",
        "uncertainty_reason_group": "ordinary_date_and_scope_uncertainty"
      },
      "geometry": {
        "coordinates": [
          [
            -77.04944990715187,
            38.75012374168223
          ],
          [
            -77.0477417024377,
            38.74774889621908
          ],
          [
            -77.04530874091306,
            38.74526813249623
          ],
          [
            -77.04360614975785,
            38.74326454348773
          ],
          [
            -77.04336524852984,
            38.74135711522524
          ],
          [
            -77.04507382202011,
            38.739069302779555
          ],
          [
            -77.045807997743,
            38.73668558228484
          ],
          [
            -77.04568966991546,
            38.73420603531537
          ],
          [
            -77.04678929851418,
            38.731727141246466
          ],
          [
            -77.05008069180992,
            38.72953545878256
          ],
          [
            -77.05410260258543,
            38.72734403481359
          ],
          [
            -77.05812426426195,
            38.72515247835753
          ],
          [
            -77.06202356013061,
            38.7232468330254
          ],
          [
            -77.06580043844245,
            38.72172247394763
          ],
          [
            -77.06994298486138,
            38.71972130076206
          ],
          [
            -77.07396372072355,
            38.71752922152795
          ],
          [
            -77.07774030856451,
            38.71571839894971
          ],
          [
            -77.0812720391755,
            38.71514712826921
          ],
          [
            -77.08468136450787,
            38.715243271414835
          ],
          [
            -77.08699513178492,
            38.71495765315799
          ],
          [
            -77.0883357086177,
            38.713527453814805
          ],
          [
            -77.08943325232023,
            38.711429653763936
          ]
        ],
        "type": "LineString"
      }
    },
    {
      "type": "Feature",
      "id": "segment-c797b3ade19c8c66",
      "properties": {
        "segment_id": "segment-c797b3ade19c8c66",
        "fid": 199,
        "name": "Whole displayed feature (ARL portion)",
        "estimate_label": "Highway Bridge electric approach and crossing",
        "atlas_area_id": "ARL",
        "geometry_hash": "9af69577c3641f9fb747145589c1c057da264a350dbe84b37a16a9ee8d4d153a",
        "estimate_id": "PSL-20261008-segment-c797b3ade19c8c66",
        "start_year": 1906,
        "end_year": 1932,
        "start_earliest_year": 1906,
        "start_latest_year": 1907,
        "end_earliest_year": 1932,
        "end_latest_year": 1932,
        "start_confidence": "medium",
        "end_confidence": "medium",
        "confidence_group": "medium_high",
        "estimate_status": "provisional_not_verified_not_admitted",
        "mixed_subextent": false,
        "has_known_periods": true,
        "citation_review_warning": null,
        "continuous_operation_asserted": false,
        "whole_segment_uniform_lifespan_asserted": false,
        "source_ids": [
          "CORE-FS01",
          "EST-VA-FHWA-LONGBRIDGE",
          "VA-FA-S04",
          "VA-FA-S08",
          "date-source-031fe0cafd206d56",
          "date-source-7ab4d2cc28175ec7"
        ],
        "context_source_ids": [
          "VA-FA-S04",
          "VA-FA-S07"
        ],
        "basis_claim_ids": [],
        "evidence_id": "segment-c797b3ade19c8c66",
        "start_estimated_date": null,
        "end_estimated_date": null,
        "start_precision": "year",
        "end_precision": "year",
        "verified_start_date": null,
        "verified_end_date": null,
        "passenger_use_existence": "supported_at_named_corridor_scope",
        "geometry_correspondence": "source_scoped_not_full_segment_proof",
        "uncertainty_reason_group": "ordinary_date_and_scope_uncertainty"
      },
      "geometry": {
        "coordinates": [
          [
            -77.0526279444197,
            38.86316556584765
          ],
          [
            -77.0517073147297,
            38.863601057627086
          ],
          [
            -77.05081555964975,
            38.86432542732052
          ],
          [
            -77.05004476772753,
            38.865290261254195
          ],
          [
            -77.04921272643728,
            38.86627927273614
          ],
          [
            -77.04822710829094,
            38.867388977767476
          ],
          [
            -77.04730308615507,
            38.86845035524112
          ],
          [
            -77.04650180576465,
            38.86946326194713
          ],
          [
            -77.04582323594337,
            38.870427699950746
          ],
          [
            -77.04511317036874,
            38.87156066545549
          ],
          [
            -77.04461866164259,
            38.87245238997132
          ],
          [
            -77.04312273083919,
            38.87390261846979
          ]
        ],
        "type": "LineString"
      }
    },
    {
      "type": "Feature",
      "id": "segment-bc21ef8c044c106a",
      "properties": {
        "segment_id": "segment-bc21ef8c044c106a",
        "fid": 200,
        "name": "Whole displayed feature (DC portion)",
        "estimate_label": "Highway Bridge electric approach and crossing",
        "atlas_area_id": "DC",
        "geometry_hash": "d4ac5c9bddb497254daf3557503bc0c74c3004eaa04a9507fe835b336a38d864",
        "estimate_id": "PSL-20261008-segment-bc21ef8c044c106a",
        "start_year": 1906,
        "end_year": 1932,
        "start_earliest_year": 1906,
        "start_latest_year": 1907,
        "end_earliest_year": 1932,
        "end_latest_year": 1932,
        "start_confidence": "medium",
        "end_confidence": "medium",
        "confidence_group": "medium_high",
        "estimate_status": "provisional_not_verified_not_admitted",
        "mixed_subextent": false,
        "has_known_periods": true,
        "citation_review_warning": null,
        "continuous_operation_asserted": false,
        "whole_segment_uniform_lifespan_asserted": false,
        "source_ids": [
          "CORE-FS01",
          "EST-VA-FHWA-LONGBRIDGE",
          "VA-FA-S04",
          "VA-FA-S08",
          "date-source-031fe0cafd206d56",
          "date-source-7ab4d2cc28175ec7"
        ],
        "context_source_ids": [
          "VA-FA-S04",
          "VA-FA-S07"
        ],
        "basis_claim_ids": [],
        "evidence_id": "segment-bc21ef8c044c106a",
        "start_estimated_date": null,
        "end_estimated_date": null,
        "start_precision": "year",
        "end_precision": "year",
        "verified_start_date": null,
        "verified_end_date": null,
        "passenger_use_existence": "supported_at_named_corridor_scope",
        "geometry_correspondence": "source_scoped_not_full_segment_proof",
        "uncertainty_reason_group": "ordinary_date_and_scope_uncertainty"
      },
      "geometry": {
        "coordinates": [
          [
            -77.04312273083919,
            38.87390261846979
          ],
          [
            -77.04305057848262,
            38.87397256649378
          ],
          [
            -77.04148261409901,
            38.8755408943733
          ],
          [
            -77.03994576681592,
            38.8770851091813
          ],
          [
            -77.03867099046839,
            38.87845233765569
          ]
        ],
        "type": "LineString"
      }
    },
    {
      "type": "Feature",
      "id": "segment-805fe3bfefe5ce42",
      "properties": {
        "segment_id": "segment-805fe3bfefe5ce42",
        "fid": 201,
        "name": "Whole connecting display feature; qualified interpolation within the named corridor (ARL portion)",
        "estimate_label": "Old Long Bridge: inferred common-trunk seam",
        "atlas_area_id": "ARL",
        "geometry_hash": "198074b5d8580d768ca6e172d2000c4dabcec68189a99dd05ce7bc6b610be66f",
        "estimate_id": "PSL-20261008-segment-805fe3bfefe5ce42",
        "start_year": 1896,
        "end_year": 1906,
        "start_earliest_year": 1895,
        "start_latest_year": 1902,
        "end_earliest_year": 1906,
        "end_latest_year": 1906,
        "start_confidence": "very_low",
        "end_confidence": "very_low",
        "confidence_group": "very_low",
        "estimate_status": "provisional_not_verified_not_admitted",
        "mixed_subextent": false,
        "has_known_periods": true,
        "citation_review_warning": null,
        "continuous_operation_asserted": false,
        "whole_segment_uniform_lifespan_asserted": false,
        "source_ids": [
          "EST-VA-FHWA-LONGBRIDGE",
          "VA-AM-S02",
          "VA-AM-S03",
          "VA-AM-S05",
          "date-source-031fe0cafd206d56",
          "date-source-d4751367b36408e5"
        ],
        "context_source_ids": [],
        "basis_claim_ids": [],
        "evidence_id": "segment-805fe3bfefe5ce42",
        "start_estimated_date": null,
        "end_estimated_date": null,
        "start_precision": "year",
        "end_precision": "year",
        "verified_start_date": null,
        "verified_end_date": null,
        "passenger_use_existence": "corridor_passenger_use_supported_specific_drawing_unresolved",
        "geometry_correspondence": "hypothetical_or_unregistered_specific_geometry",
        "uncertainty_reason_group": "specific_geometry_correspondence"
      },
      "geometry": {
        "coordinates": [
          [
            -77.0534393088513,
            38.86063519305597
          ],
          [
            -77.05344269510488,
            38.86068699538316
          ],
          [
            -77.05344034422754,
            38.86073924518431
          ],
          [
            -77.0534330728412,
            38.86079183953367
          ],
          [
            -77.05342169756996,
            38.86084467550496
          ],
          [
            -77.05340703504027,
            38.86089765017167
          ],
          [
            -77.05338990188102,
            38.8609506606073
          ],
          [
            -77.05337111472367,
            38.8610036038856
          ],
          [
            -77.05335149020218,
            38.86105637708061
          ],
          [
            -77.05333184495304,
            38.86110887726687
          ],
          [
            -77.05331299561529,
            38.8611610015194
          ],
          [
            -77.05329575883049,
            38.86121264691365
          ],
          [
            -77.05328095124258,
            38.86126371052545
          ]
        ],
        "type": "LineString"
      }
    },
    {
      "type": "Feature",
      "id": "segment-fdb4b033a65e73fb",
      "properties": {
        "segment_id": "segment-fdb4b033a65e73fb",
        "fid": 202,
        "name": "Whole displayed feature (ARL portion)",
        "estimate_label": "Old Long Bridge Virginia electric approach via Arlington Junction (1900 witness)",
        "atlas_area_id": "ARL",
        "geometry_hash": "8dfdb08535b1f62f4ef22256d83b6eeaa09a7362b3757380850e282aaa436d75",
        "estimate_id": "PSL-20261008-segment-fdb4b033a65e73fb",
        "start_year": 1896,
        "end_year": 1906,
        "start_earliest_year": 1896,
        "start_latest_year": 1896,
        "end_earliest_year": 1906,
        "end_latest_year": 1906,
        "start_confidence": "medium",
        "end_confidence": "medium",
        "confidence_group": "medium_high",
        "estimate_status": "provisional_not_verified_not_admitted",
        "mixed_subextent": false,
        "has_known_periods": true,
        "citation_review_warning": null,
        "continuous_operation_asserted": false,
        "whole_segment_uniform_lifespan_asserted": false,
        "source_ids": [
          "EST-VA-FHWA-LONGBRIDGE",
          "VA-AM-S02",
          "VA-AM-S03",
          "VA-AM-S05",
          "date-source-031fe0cafd206d56",
          "date-source-d4751367b36408e5"
        ],
        "context_source_ids": [
          "VA-AM-S03",
          "VA-AM-S05"
        ],
        "basis_claim_ids": [],
        "evidence_id": "segment-fdb4b033a65e73fb",
        "start_estimated_date": null,
        "end_estimated_date": null,
        "start_precision": "year",
        "end_precision": "year",
        "verified_start_date": null,
        "verified_end_date": null,
        "passenger_use_existence": "supported_at_named_corridor_scope",
        "geometry_correspondence": "source_scoped_not_full_segment_proof",
        "uncertainty_reason_group": "ordinary_date_and_scope_uncertainty"
      },
      "geometry": {
        "coordinates": [
          [
            -77.05328095124258,
            38.86126371052545
          ],
          [
            -77.05321744536641,
            38.86150560165257
          ],
          [
            -77.05308318788234,
            38.86180942489596
          ],
          [
            -77.05290641491194,
            38.862080600176895
          ],
          [
            -77.05262345975216,
            38.86238650052162
          ],
          [
            -77.05222718259523,
            38.86266351130365
          ],
          [
            -77.05156904121567,
            38.863088225195135
          ],
          [
            -77.05092516588684,
            38.86364016355463
          ],
          [
            -77.05028138210474,
            38.86430844374516
          ],
          [
            -77.04965884374278,
            38.86499304513848
          ],
          [
            -77.04900076503115,
            38.865534090581
          ],
          [
            -77.0483000631772,
            38.865926137842436
          ],
          [
            -77.04766293082565,
            38.86613446518808
          ],
          [
            -77.04696920501924,
            38.866415601130626
          ],
          [
            -77.0462896450431,
            38.86670761649423
          ],
          [
            -77.04569510782576,
            38.867064928955806
          ],
          [
            -77.0450085436574,
            38.86746784073616
          ],
          [
            -77.04374876287942,
            38.868360722517195
          ],
          [
            -77.04212093824255,
            38.8695523374082
          ],
          [
            -77.04045763057326,
            38.870716720557105
          ],
          [
            -77.04021572432285,
            38.870892214052
          ]
        ],
        "type": "LineString"
      }
    },
    {
      "type": "Feature",
      "id": "segment-49ac4da7ca1a1a9c",
      "properties": {
        "segment_id": "segment-49ac4da7ca1a1a9c",
        "fid": 203,
        "name": "Whole displayed feature (DC portion)",
        "estimate_label": "Old Long Bridge Virginia electric approach via Arlington Junction (1900 witness)",
        "atlas_area_id": "DC",
        "geometry_hash": "51311e483c474662f99ba89d71d6f1274dd0bc93d1544715a06c272a65c07460",
        "estimate_id": "PSL-20261008-segment-49ac4da7ca1a1a9c",
        "start_year": 1896,
        "end_year": 1906,
        "start_earliest_year": 1896,
        "start_latest_year": 1896,
        "end_earliest_year": 1906,
        "end_latest_year": 1906,
        "start_confidence": "medium",
        "end_confidence": "medium",
        "confidence_group": "medium_high",
        "estimate_status": "provisional_not_verified_not_admitted",
        "mixed_subextent": false,
        "has_known_periods": true,
        "citation_review_warning": null,
        "continuous_operation_asserted": false,
        "whole_segment_uniform_lifespan_asserted": false,
        "source_ids": [
          "EST-VA-FHWA-LONGBRIDGE",
          "VA-AM-S02",
          "VA-AM-S03",
          "VA-AM-S05",
          "date-source-031fe0cafd206d56",
          "date-source-d4751367b36408e5"
        ],
        "context_source_ids": [
          "VA-AM-S03",
          "VA-AM-S05"
        ],
        "basis_claim_ids": [],
        "evidence_id": "segment-49ac4da7ca1a1a9c",
        "start_estimated_date": null,
        "end_estimated_date": null,
        "start_precision": "year",
        "end_precision": "year",
        "verified_start_date": null,
        "verified_end_date": null,
        "passenger_use_existence": "supported_at_named_corridor_scope",
        "geometry_correspondence": "source_scoped_not_full_segment_proof",
        "uncertainty_reason_group": "ordinary_date_and_scope_uncertainty"
      },
      "geometry": {
        "coordinates": [
          [
            -77.04021572432285,
            38.870892214052
          ],
          [
            -77.03952334045358,
            38.871394511387535
          ],
          [
            -77.03954326759086,
            38.871706002661014
          ]
        ],
        "type": "LineString"
      }
    },
    {
      "type": "Feature",
      "id": "segment-64dfa929a360c7dc",
      "properties": {
        "segment_id": "segment-64dfa929a360c7dc",
        "fid": 204,
        "name": "Whole displayed feature (DC portion)",
        "estimate_label": "Old Long Bridge 1887 steam crossing",
        "atlas_area_id": "DC",
        "geometry_hash": "0c81e61c7f5addc9ea7b6c186762ae755a2844749fbc8ea8fa673b90ca39fa29",
        "estimate_id": "PSL-20261008-segment-64dfa929a360c7dc",
        "start_year": 1896,
        "end_year": 1906,
        "start_earliest_year": 1896,
        "start_latest_year": 1896,
        "end_earliest_year": 1906,
        "end_latest_year": 1906,
        "start_confidence": "medium",
        "end_confidence": "medium",
        "confidence_group": "medium_high",
        "estimate_status": "provisional_not_verified_not_admitted",
        "mixed_subextent": false,
        "has_known_periods": true,
        "citation_review_warning": null,
        "continuous_operation_asserted": false,
        "whole_segment_uniform_lifespan_asserted": false,
        "source_ids": [
          "EST-VA-FHWA-LONGBRIDGE",
          "VA-AM-S02",
          "VA-AM-S03",
          "VA-AM-S05",
          "date-source-031fe0cafd206d56",
          "date-source-d4751367b36408e5"
        ],
        "context_source_ids": [
          "VA-AM-S03",
          "VA-AM-S05"
        ],
        "basis_claim_ids": [],
        "evidence_id": "segment-64dfa929a360c7dc",
        "start_estimated_date": null,
        "end_estimated_date": null,
        "start_precision": "year",
        "end_precision": "year",
        "verified_start_date": null,
        "verified_end_date": null,
        "passenger_use_existence": "supported_at_named_corridor_scope",
        "geometry_correspondence": "source_scoped_not_full_segment_proof",
        "uncertainty_reason_group": "ordinary_date_and_scope_uncertainty"
      },
      "geometry": {
        "coordinates": [
          [
            -77.03241836550393,
            38.8820366176735
          ],
          [
            -77.03584490201436,
            38.877175160745125
          ],
          [
            -77.03954326759083,
            38.871706002661064
          ]
        ],
        "type": "LineString"
      }
    },
    {
      "type": "Feature",
      "id": "segment-0754acfd86b2781f",
      "properties": {
        "segment_id": "segment-0754acfd86b2781f",
        "fid": 205,
        "name": "Whole connecting display feature; qualified interpolation within the named corridor (DC portion)",
        "estimate_label": "Old Long Bridge estimated Fourteenth Street continuation",
        "atlas_area_id": "DC",
        "geometry_hash": "cbe6a49f8ab4e113d7142a20fee7131795bf13999ee1edb4cc625890b45ca9af",
        "estimate_id": "PSL-20261008-segment-0754acfd86b2781f",
        "start_year": 1896,
        "end_year": 1906,
        "start_earliest_year": 1895,
        "start_latest_year": 1902,
        "end_earliest_year": 1906,
        "end_latest_year": 1906,
        "start_confidence": "very_low",
        "end_confidence": "very_low",
        "confidence_group": "very_low",
        "estimate_status": "provisional_not_verified_not_admitted",
        "mixed_subextent": false,
        "has_known_periods": true,
        "citation_review_warning": null,
        "continuous_operation_asserted": false,
        "whole_segment_uniform_lifespan_asserted": false,
        "source_ids": [
          "EST-VA-FHWA-LONGBRIDGE",
          "VA-AM-S02",
          "VA-AM-S03",
          "VA-AM-S05",
          "date-source-031fe0cafd206d56",
          "date-source-d4751367b36408e5"
        ],
        "context_source_ids": [],
        "basis_claim_ids": [],
        "evidence_id": "segment-0754acfd86b2781f",
        "start_estimated_date": null,
        "end_estimated_date": null,
        "start_precision": "year",
        "end_precision": "year",
        "verified_start_date": null,
        "verified_end_date": null,
        "passenger_use_existence": "corridor_passenger_use_supported_specific_drawing_unresolved",
        "geometry_correspondence": "hypothetical_or_unregistered_specific_geometry",
        "uncertainty_reason_group": "specific_geometry_correspondence"
      },
      "geometry": {
        "coordinates": [
          [
            -77.03241836550393,
            38.8820366176735
          ],
          [
            -77.03236706736966,
            38.88211377178911
          ],
          [
            -77.03231710073408,
            38.882194428495986
          ],
          [
            -77.03226868086873,
            38.882278095446964
          ],
          [
            -77.03222202304775,
            38.88236428029507
          ],
          [
            -77.03217734254798,
            38.88245249069364
          ],
          [
            -77.0321348546488,
            38.88254223429617
          ],
          [
            -77.03209477463206,
            38.8826330187563
          ],
          [
            -77.0320573177819,
            38.88272435172782
          ],
          [
            -77.03202269938474,
            38.882815740864544
          ],
          [
            -77.0319911347289,
            38.88290669382036
          ],
          [
            -77.03196283910454,
            38.88299671824912
          ],
          [
            -77.03193802780336,
            38.88308532180461
          ],
          [
            -77.03191691611836,
            38.88317201214047
          ],
          [
            -77.03189971934354,
            38.883256296910204
          ],
          [
            -77.03188665277351,
            38.88333768376702
          ],
          [
            -77.0318779317032,
            38.88341568036381
          ]
        ],
        "type": "LineString"
      }
    },
    {
      "type": "Feature",
      "id": "segment-b933632b1f0f86b6",
      "properties": {
        "segment_id": "segment-b933632b1f0f86b6",
        "fid": 206,
        "name": "Whole displayed feature (ARL portion)",
        "estimate_label": "East Arlington branch: Rosslyn–Arlington Cemetery–Mt. Vernon Junction",
        "atlas_area_id": "ARL",
        "geometry_hash": "054f7c9e46d87636b07a7898c694a002e52cf05084866c4701b51533824a0103",
        "estimate_id": "PSL-20261008-segment-b933632b1f0f86b6",
        "start_year": 1896,
        "end_year": 1921,
        "start_earliest_year": 1896,
        "start_latest_year": 1900,
        "end_earliest_year": 1921,
        "end_latest_year": 1923,
        "start_confidence": "low",
        "end_confidence": "low",
        "confidence_group": "low",
        "estimate_status": "provisional_not_verified_not_admitted",
        "mixed_subextent": false,
        "has_known_periods": true,
        "citation_review_warning": null,
        "continuous_operation_asserted": false,
        "whole_segment_uniform_lifespan_asserted": false,
        "source_ids": [
          "VA-AM-S02",
          "VA-AM-S04",
          "VA-AM-S07",
          "VA-FA-S02",
          "VA2-HOWELL1900"
        ],
        "context_source_ids": [],
        "basis_claim_ids": [],
        "evidence_id": "segment-b933632b1f0f86b6",
        "start_estimated_date": null,
        "end_estimated_date": null,
        "start_precision": "year",
        "end_precision": "year",
        "verified_start_date": null,
        "verified_end_date": null,
        "passenger_use_existence": "inferred_from_corridor_history",
        "geometry_correspondence": "corridor_correspondence_requires_review",
        "uncertainty_reason_group": "ordinary_date_and_scope_uncertainty"
      },
      "geometry": {
        "coordinates": [
          [
            -77.07124256128863,
            38.89653936588479
          ],
          [
            -77.07121769330728,
            38.895697526095724
          ],
          [
            -77.0708900439803,
            38.89442348213024
          ],
          [
            -77.07016740454874,
            38.89278963771281
          ],
          [
            -77.06938435280999,
            38.89105980208162
          ],
          [
            -77.06866117137729,
            38.88952227406741
          ],
          [
            -77.06842518265309,
            38.88829632554326
          ],
          [
            -77.06831038103968,
            38.887238467438394
          ],
          [
            -77.06820514467428,
            38.884857999612194
          ],
          [
            -77.06804585328655,
            38.88151574333388
          ],
          [
            -77.06779976487698,
            38.877500067340456
          ],
          [
            -77.06745787784128,
            38.874013158388415
          ],
          [
            -77.06725735276488,
            38.87211314873361
          ],
          [
            -77.06695781107638,
            38.87119950074968
          ],
          [
            -77.06635004732517,
            38.870575059728964
          ],
          [
            -77.06552747514905,
            38.8700231685107
          ],
          [
            -77.06430882849094,
            38.86920732011796
          ],
          [
            -77.06296706940157,
            38.86848794776585
          ]
        ],
        "type": "LineString"
      }
    },
    {
      "type": "Feature",
      "id": "segment-ac5af0dce1fde790",
      "properties": {
        "segment_id": "segment-ac5af0dce1fde790",
        "fid": 207,
        "name": "Whole displayed feature (ARL portion)",
        "estimate_label": "Mt. Vernon Junction–Queen City–Arlington Junction shared tail",
        "atlas_area_id": "ARL",
        "geometry_hash": "d19495ba119d9817ce52df78cc0a0a1db5c5c5bd5702d7bfc168c34407a4f514",
        "estimate_id": "PSL-20261008-segment-ac5af0dce1fde790",
        "start_year": 1896,
        "end_year": 1932,
        "start_earliest_year": 1896,
        "start_latest_year": 1900,
        "end_earliest_year": 1932,
        "end_latest_year": 1932,
        "start_confidence": "medium",
        "end_confidence": "low",
        "confidence_group": "low",
        "estimate_status": "provisional_not_verified_not_admitted",
        "mixed_subextent": false,
        "has_known_periods": true,
        "citation_review_warning": null,
        "continuous_operation_asserted": false,
        "whole_segment_uniform_lifespan_asserted": false,
        "source_ids": [
          "CORE-FS01",
          "VA-AM-S02",
          "VA-AM-S04",
          "VA-AM-S07",
          "VA-FA-S02",
          "VA-FA-S04",
          "VA-FA-S07",
          "VA-FA-S08",
          "VA2-HOWELL1900",
          "date-source-7ab4d2cc28175ec7"
        ],
        "context_source_ids": [
          "VA-FA-S04",
          "VA-FA-S07"
        ],
        "basis_claim_ids": [],
        "evidence_id": "segment-ac5af0dce1fde790",
        "start_estimated_date": null,
        "end_estimated_date": null,
        "start_precision": "year",
        "end_precision": "year",
        "verified_start_date": null,
        "verified_end_date": null,
        "passenger_use_existence": "supported_at_named_corridor_scope",
        "geometry_correspondence": "source_scoped_not_full_segment_proof",
        "uncertainty_reason_group": "ordinary_date_and_scope_uncertainty"
      },
      "geometry": {
        "coordinates": [
          [
            -77.06296706940157,
            38.86848794776585
          ],
          [
            -77.06174692122387,
            38.8678886750138
          ],
          [
            -77.06019191684437,
            38.8670253342697
          ],
          [
            -77.05878976062249,
            38.866185746942776
          ],
          [
            -77.05699053777094,
            38.86522661436574
          ],
          [
            -77.05537443213862,
            38.86433930990497
          ],
          [
            -77.05403201600744,
            38.86371624634252
          ],
          [
            -77.0526279444197,
            38.86316556584765
          ]
        ],
        "type": "LineString"
      }
    },
    {
      "type": "Feature",
      "id": "segment-45f05c0cf7487cc3",
      "properties": {
        "segment_id": "segment-45f05c0cf7487cc3",
        "fid": 208,
        "name": "Whole displayed feature (ARL portion)",
        "estimate_label": "Rosslyn electric common terminal approach",
        "atlas_area_id": "ARL",
        "geometry_hash": "36ea5f88603ea08b39fa10aad2a11c6fc786ddc7061c6554f7afdbf23a0b8d44",
        "estimate_id": "PSL-20261008-segment-45f05c0cf7487cc3",
        "start_year": 1892,
        "end_year": 1939,
        "start_earliest_year": 1892,
        "start_latest_year": 1896,
        "end_earliest_year": 1939,
        "end_latest_year": 1939,
        "start_confidence": "low",
        "end_confidence": "medium",
        "confidence_group": "low",
        "estimate_status": "provisional_not_verified_not_admitted",
        "mixed_subextent": false,
        "has_known_periods": true,
        "citation_review_warning": null,
        "continuous_operation_asserted": false,
        "whole_segment_uniform_lifespan_asserted": false,
        "source_ids": [
          "EST-VA-ARL-AUTORAILER2023",
          "EST-VA-FAIRFAX-MASTERPLAN",
          "EST-VA-ROSSLYN-REBUILD",
          "EST-VA-WASHINGTONARLINGTON-EARLY",
          "NOVA-QA-HIST-ARL-LIBRARY2023",
          "VA-FA-S01",
          "VA-FA-S06",
          "VA-FA-S09",
          "VA-FA-S11",
          "VA-RAND-TT19000501",
          "VA4-S01",
          "VAPHY-LEADS",
          "date-source-2a04671c409dd0f3"
        ],
        "context_source_ids": [
          "VA-FA-S03",
          "VA-FA-S06",
          "VA-FA-S09",
          "VA-RAND-TT19000501",
          "VA4-S01"
        ],
        "basis_claim_ids": [],
        "evidence_id": "segment-45f05c0cf7487cc3",
        "start_estimated_date": null,
        "end_estimated_date": null,
        "start_precision": "year",
        "end_precision": "year",
        "verified_start_date": null,
        "verified_end_date": null,
        "passenger_use_existence": "supported_at_named_corridor_scope",
        "geometry_correspondence": "source_scoped_not_full_segment_proof",
        "uncertainty_reason_group": "ordinary_date_and_scope_uncertainty"
      },
      "geometry": {
        "coordinates": [
          [
            -77.07123403666708,
            38.89781435762598
          ],
          [
            -77.07124256128863,
            38.89653936588479
          ]
        ],
        "type": "LineString"
      }
    },
    {
      "type": "Feature",
      "id": "segment-896cd5fc96fa6b46",
      "properties": {
        "segment_id": "segment-896cd5fc96fa6b46",
        "fid": 209,
        "name": "Whole displayed feature (ARL portion)",
        "estimate_label": "Rosslyn–Court House shared electric approach",
        "atlas_area_id": "ARL",
        "geometry_hash": "6bd5f68db95446475981b1b098fca384c970f9efbe47077a92e65e3aa4766772",
        "estimate_id": "PSL-20261008-segment-896cd5fc96fa6b46",
        "start_year": 1892,
        "end_year": 1939,
        "start_earliest_year": 1892,
        "start_latest_year": 1896,
        "end_earliest_year": 1939,
        "end_latest_year": 1939,
        "start_confidence": "low",
        "end_confidence": "medium",
        "confidence_group": "low",
        "estimate_status": "provisional_not_verified_not_admitted",
        "mixed_subextent": false,
        "has_known_periods": true,
        "citation_review_warning": null,
        "continuous_operation_asserted": false,
        "whole_segment_uniform_lifespan_asserted": false,
        "source_ids": [
          "EST-VA-ARL-AUTORAILER2023",
          "EST-VA-FAIRFAX-MASTERPLAN",
          "EST-VA-ROSSLYN-REBUILD",
          "EST-VA-WASHINGTONARLINGTON-EARLY",
          "NOVA-QA-HIST-ARL-LIBRARY2023",
          "VA-FA-S01",
          "VA-FA-S06",
          "VA-FA-S09",
          "VA-FA-S11",
          "VA-RAND-TT19000501",
          "VA4-S01",
          "VAPHY-LEADS",
          "date-source-2a04671c409dd0f3"
        ],
        "context_source_ids": [
          "VA-FA-S03",
          "VA-FA-S06",
          "VA-FA-S09",
          "VA-RAND-TT19000501",
          "VA4-S01"
        ],
        "basis_claim_ids": [],
        "evidence_id": "segment-896cd5fc96fa6b46",
        "start_estimated_date": null,
        "end_estimated_date": null,
        "start_precision": "year",
        "end_precision": "year",
        "verified_start_date": null,
        "verified_end_date": null,
        "passenger_use_existence": "supported_at_named_corridor_scope",
        "geometry_correspondence": "source_scoped_not_full_segment_proof",
        "uncertainty_reason_group": "ordinary_date_and_scope_uncertainty"
      },
      "geometry": {
        "coordinates": [
          [
            -77.07124256128863,
            38.89653936588479
          ],
          [
            -77.07134397477785,
            38.89511996472867
          ],
          [
            -77.07141465138896,
            38.893748870192006
          ],
          [
            -77.0715734990213,
            38.892906772909974
          ],
          [
            -77.07191304349455,
            38.892473157792466
          ],
          [
            -77.07246660380649,
            38.89206316617023
          ],
          [
            -77.07338738481663,
            38.89165246660072
          ],
          [
            -77.07442965863463,
            38.89138588427865
          ],
          [
            -77.07531942517197,
            38.89107158775857
          ],
          [
            -77.07621039430572,
            38.89061309825788
          ],
          [
            -77.07719533803807,
            38.889890060850846
          ],
          [
            -77.07815060130163,
            38.889071026152315
          ],
          [
            -77.07876868144955,
            38.88832476277731
          ],
          [
            -77.0796001119587,
            38.88772247013633
          ],
          [
            -77.0804613626339,
            38.88724040400342
          ],
          [
            -77.08153658701596,
            38.88683022744722
          ],
          [
            -77.08307190082826,
            38.88637148305524
          ]
        ],
        "type": "LineString"
      }
    },
    {
      "type": "Feature",
      "id": "segment-5a343284de5961e6",
      "properties": {
        "segment_id": "segment-5a343284de5961e6",
        "fid": 210,
        "name": "Whole displayed feature (ARL portion)",
        "estimate_label": "Court House–Clarendon electric line",
        "atlas_area_id": "ARL",
        "geometry_hash": "0b72388bc5afee31724110f44238fd99e787ceaca6057f04f445919ed3a2b9e9",
        "estimate_id": "PSL-20261008-segment-5a343284de5961e6",
        "start_year": 1896,
        "end_year": 1939,
        "start_earliest_year": 1896,
        "start_latest_year": 1900,
        "end_earliest_year": 1939,
        "end_latest_year": 1939,
        "start_confidence": "medium",
        "end_confidence": "medium",
        "confidence_group": "medium_high",
        "estimate_status": "provisional_not_verified_not_admitted",
        "mixed_subextent": false,
        "has_known_periods": true,
        "citation_review_warning": null,
        "continuous_operation_asserted": false,
        "whole_segment_uniform_lifespan_asserted": false,
        "source_ids": [
          "EST-VA-ARL-AUTORAILER2023",
          "EST-VA-BUCKINGHAM",
          "NOVA-QA-HIST-ARL-LIBRARY2023",
          "VA-FA-S01",
          "VA-FA-S06",
          "VA-FA-S09",
          "VA-FA-S11",
          "VA-RAND-TT19000501",
          "VA4-S01",
          "date-source-2a04671c409dd0f3"
        ],
        "context_source_ids": [
          "VA-FA-S03",
          "VA-FA-S06",
          "VA-FA-S09",
          "VA-RAND-TT19000501",
          "VA4-S01"
        ],
        "basis_claim_ids": [],
        "evidence_id": "segment-5a343284de5961e6",
        "start_estimated_date": null,
        "end_estimated_date": null,
        "start_precision": "year",
        "end_precision": "year",
        "verified_start_date": null,
        "verified_end_date": null,
        "passenger_use_existence": "supported_at_named_corridor_scope",
        "geometry_correspondence": "source_scoped_not_full_segment_proof",
        "uncertainty_reason_group": "ordinary_date_and_scope_uncertainty"
      },
      "geometry": {
        "coordinates": [
          [
            -77.08307190082826,
            38.88637148305524
          ],
          [
            -77.08361035426258,
            38.886082369296425
          ],
          [
            -77.08451645846438,
            38.88580486766281
          ],
          [
            -77.08529835701476,
            38.88574388746041
          ],
          [
            -77.08623202486795,
            38.885875067638466
          ],
          [
            -77.0871482382173,
            38.88628271185802
          ],
          [
            -77.08843093639129,
            38.88687029923641
          ],
          [
            -77.08971263796019,
            38.887602161959116
          ],
          [
            -77.09079926000399,
            38.88782955839016
          ],
          [
            -77.09187241813757,
            38.887840735161504
          ],
          [
            -77.0927172335599,
            38.88765988238031
          ],
          [
            -77.09348700575023,
            38.88728687394018
          ],
          [
            -77.09410289427248,
            38.88698609876961
          ],
          [
            -77.09533724744988,
            38.88608425750807
          ],
          [
            -77.09718445415145,
            38.88530245211105
          ]
        ],
        "type": "LineString"
      }
    },
    {
      "type": "Feature",
      "id": "segment-ee5497c04b192d55",
      "properties": {
        "segment_id": "segment-ee5497c04b192d55",
        "fid": 211,
        "name": "Whole displayed feature (ARL portion)",
        "estimate_label": "Clarendon–Ballston–Lacey–Knights electric corridor",
        "atlas_area_id": "ARL",
        "geometry_hash": "bbbb08184edd72201bacc15aab47ec84863e2e3df827df53598c246e1b367909",
        "estimate_id": "PSL-20261008-segment-ee5497c04b192d55",
        "start_year": 1896,
        "end_year": 1939,
        "start_earliest_year": 1896,
        "start_latest_year": 1900,
        "end_earliest_year": 1939,
        "end_latest_year": 1939,
        "start_confidence": "medium",
        "end_confidence": "medium",
        "confidence_group": "medium_high",
        "estimate_status": "provisional_not_verified_not_admitted",
        "mixed_subextent": false,
        "has_known_periods": true,
        "citation_review_warning": null,
        "continuous_operation_asserted": false,
        "whole_segment_uniform_lifespan_asserted": false,
        "source_ids": [
          "EST-VA-ARL-AUTORAILER2023",
          "EST-VA-BUCKINGHAM",
          "NOVA-QA-HIST-ARL-LIBRARY2023",
          "VA-FA-S01",
          "VA-FA-S06",
          "VA-FA-S09",
          "VA-FA-S11",
          "VA-RAND-TT19000501",
          "VA4-S01",
          "date-source-2a04671c409dd0f3"
        ],
        "context_source_ids": [
          "VA-FA-S03",
          "VA-FA-S04",
          "VA-FA-S06",
          "VA-FA-S07",
          "VA-FA-S09",
          "VA-RAND-TT19000501",
          "VA4-S01"
        ],
        "basis_claim_ids": [],
        "evidence_id": "segment-ee5497c04b192d55",
        "start_estimated_date": null,
        "end_estimated_date": null,
        "start_precision": "year",
        "end_precision": "year",
        "verified_start_date": null,
        "verified_end_date": null,
        "passenger_use_existence": "supported_at_named_corridor_scope",
        "geometry_correspondence": "source_scoped_not_full_segment_proof",
        "uncertainty_reason_group": "ordinary_date_and_scope_uncertainty"
      },
      "geometry": {
        "coordinates": [
          [
            -77.09718445415145,
            38.88530245211105
          ],
          [
            -77.09860089854591,
            38.88470123423608
          ],
          [
            -77.10072523482897,
            38.883883770788195
          ],
          [
            -77.10278857123468,
            38.88306661348053
          ],
          [
            -77.10485185878277,
            38.88229778612927
          ],
          [
            -77.10666783047724,
            38.88176943068883
          ],
          [
            -77.10844998054904,
            38.88164965863368
          ],
          [
            -77.11041664254272,
            38.88153008766616
          ],
          [
            -77.11290579516165,
            38.88141089131996
          ],
          [
            -77.11554893956149,
            38.88129200960791
          ],
          [
            -77.11763933538973,
            38.881173047846936
          ],
          [
            -77.11963793941206,
            38.88103015388063
          ],
          [
            -77.12225159242074,
            38.88086379587803
          ],
          [
            -77.12563660430395,
            38.88036206334372
          ],
          [
            -77.1282537804753,
            38.87981199219836
          ],
          [
            -77.13025380819106,
            38.87957366124535
          ],
          [
            -77.13240630886378,
            38.87950358727804
          ]
        ],
        "type": "LineString"
      }
    },
    {
      "type": "Feature",
      "id": "segment-3cf728e99d42767e",
      "properties": {
        "segment_id": "segment-3cf728e99d42767e",
        "fid": 212,
        "name": "Whole displayed feature (ARL portion)",
        "estimate_label": "Knights–Falls Church–Dunn Loring–western sheet edge electric line",
        "atlas_area_id": "ARL",
        "geometry_hash": "94043ff57c3befa9730f8e72936691a20b28e20ec37713ca213b0a2c47eceeb2",
        "estimate_id": "PSL-20261008-segment-3cf728e99d42767e",
        "start_year": 1896,
        "end_year": 1939,
        "start_earliest_year": 1896,
        "start_latest_year": 1900,
        "end_earliest_year": 1939,
        "end_latest_year": 1939,
        "start_confidence": "medium",
        "end_confidence": "medium",
        "confidence_group": "medium_high",
        "estimate_status": "provisional_not_verified_not_admitted",
        "mixed_subextent": false,
        "has_known_periods": true,
        "citation_review_warning": null,
        "continuous_operation_asserted": false,
        "whole_segment_uniform_lifespan_asserted": false,
        "source_ids": [
          "EST-VA-ARL-AUTORAILER2023",
          "EST-VA-BUCKINGHAM",
          "NOVA-QA-HIST-ARL-LIBRARY2023",
          "VA-FA-S01",
          "VA-FA-S06",
          "VA-FA-S09",
          "VA-FA-S11",
          "VA-RAND-TT19000501",
          "VA4-S01",
          "date-source-2a04671c409dd0f3"
        ],
        "context_source_ids": [
          "VA-FA-S03",
          "VA-FA-S04",
          "VA-FA-S06",
          "VA-FA-S07",
          "VA-FA-S09",
          "VA-RAND-TT19000501",
          "VA4-S01"
        ],
        "basis_claim_ids": [],
        "evidence_id": "segment-3cf728e99d42767e",
        "start_estimated_date": null,
        "end_estimated_date": null,
        "start_precision": "year",
        "end_precision": "year",
        "verified_start_date": null,
        "verified_end_date": null,
        "passenger_use_existence": "supported_at_named_corridor_scope",
        "geometry_correspondence": "source_scoped_not_full_segment_proof",
        "uncertainty_reason_group": "ordinary_date_and_scope_uncertainty"
      },
      "geometry": {
        "coordinates": [
          [
            -77.13240630886378,
            38.87950358727804
          ],
          [
            -77.13548193105264,
            38.87933842923825
          ],
          [
            -77.13855161664806,
            38.87996525514402
          ],
          [
            -77.14162111384987,
            38.88063987060172
          ],
          [
            -77.14468827968297,
            38.881650072258054
          ],
          [
            -77.14806241616897,
            38.882756014965054
          ],
          [
            -77.15235848844098,
            38.883957838710685
          ],
          [
            -77.15696187068217,
            38.885206792089434
          ],
          [
            -77.16187250383959,
            38.8865025520278
          ],
          [
            -77.16463057684875,
            38.8878928241341
          ],
          [
            -77.16615168881054,
            38.8884737171005
          ]
        ],
        "type": "LineString"
      }
    },
    {
      "type": "Feature",
      "id": "segment-479ce89de8b47949",
      "properties": {
        "segment_id": "segment-479ce89de8b47949",
        "fid": 213,
        "name": "Whole displayed feature (FFX portion)",
        "estimate_label": "Knights–Falls Church–Dunn Loring–western sheet edge electric line",
        "atlas_area_id": "FFX",
        "geometry_hash": "6b8cf7e8c67072d1a12b4b6f85d900355b3036e6753755a0dfd28082e19b0153",
        "estimate_id": "PSL-20261008-segment-479ce89de8b47949",
        "start_year": 1896,
        "end_year": 1939,
        "start_earliest_year": 1896,
        "start_latest_year": 1904,
        "end_earliest_year": 1939,
        "end_latest_year": 1939,
        "start_confidence": "low",
        "end_confidence": "medium",
        "confidence_group": "low",
        "estimate_status": "provisional_not_verified_not_admitted",
        "mixed_subextent": false,
        "has_known_periods": true,
        "citation_review_warning": null,
        "continuous_operation_asserted": false,
        "whole_segment_uniform_lifespan_asserted": false,
        "source_ids": [
          "EST-VA-ARL-AUTORAILER2023",
          "EST-VA-BUCKINGHAM",
          "NOVA-QA-HIST-ARL-LIBRARY2023",
          "VA-FA-S01",
          "VA-FA-S03",
          "VA-FA-S06",
          "VA-FA-S09",
          "VA-FA-S11",
          "VA-RAND-TT19000501",
          "VA4-S01",
          "date-source-2125ee68a847ca36",
          "date-source-2a04671c409dd0f3"
        ],
        "context_source_ids": [
          "VA-FA-S03",
          "VA-FA-S04",
          "VA-FA-S06",
          "VA-FA-S07",
          "VA-FA-S09",
          "VA-RAND-TT19000501",
          "VA4-S01"
        ],
        "basis_claim_ids": [],
        "evidence_id": "segment-479ce89de8b47949",
        "start_estimated_date": null,
        "end_estimated_date": null,
        "start_precision": "year",
        "end_precision": "year",
        "verified_start_date": null,
        "verified_end_date": null,
        "passenger_use_existence": "supported_at_named_corridor_scope",
        "geometry_correspondence": "source_scoped_not_full_segment_proof",
        "uncertainty_reason_group": "ordinary_date_and_scope_uncertainty"
      },
      "geometry": {
        "coordinates": [
          [
            -77.16615168881054,
            38.8884737171005
          ],
          [
            -77.16739095407985,
            38.888946976463735
          ],
          [
            -77.17046030316637,
            38.88976084656561
          ],
          [
            -77.17506772561491,
            38.89038162346685
          ],
          [
            -77.18028973608617,
            38.89095284604755
          ],
          [
            -77.18520482239958,
            38.89133142256507
          ],
          [
            -77.18919545884623,
            38.89214067394922
          ],
          [
            -77.19226529835211,
            38.892710926640355
          ],
          [
            -77.19539810287948,
            38.89289773025906
          ],
          [
            -77.19853157549045,
            38.89284492645693
          ],
          [
            -77.20166722295536,
            38.89212237241909
          ],
          [
            -77.20375689432095,
            38.89173634203855
          ],
          [
            -77.20609018436943,
            38.89182784691797
          ],
          [
            -77.20854445865398,
            38.892396815402726
          ],
          [
            -77.21081371065625,
            38.89320473066527
          ],
          [
            -77.21283697517894,
            38.89415618626794
          ],
          [
            -77.21528973303964,
            38.89524974308049
          ],
          [
            -77.21854139669372,
            38.896102153763856
          ],
          [
            -77.22216187161321,
            38.896714398227196
          ],
          [
            -77.22541458891429,
            38.89694520797383
          ],
          [
            -77.22835987345199,
            38.89727224989136
          ],
          [
            -77.23093577063946,
            38.89812541042305
          ],
          [
            -77.23369527445283,
            38.89926462508034
          ],
          [
            -77.2363325477605,
            38.900070025015516
          ],
          [
            -77.23884771835654,
            38.90030297910475
          ],
          [
            -77.24062676353172,
            38.900299121948635
          ],
          [
            -77.2423448182113,
            38.89977054300629
          ],
          [
            -77.24418554772949,
            38.89890803599928
          ],
          [
            -77.2462098099749,
            38.89809342768694
          ],
          [
            -77.2482947431075,
            38.89761315439438
          ],
          [
            -77.25015802163456,
            38.8979813822407
          ]
        ],
        "type": "LineString"
      }
    },
    {
      "type": "Feature",
      "id": "segment-e954e0a6a12b6e62",
      "properties": {
        "segment_id": "segment-e954e0a6a12b6e62",
        "fid": 214,
        "name": "Whole displayed feature (FFX portion)",
        "estimate_label": "Electric interurban: Vienna–Oakton–Fairfax",
        "atlas_area_id": "FFX",
        "geometry_hash": "d92ea62ffa0cc0fa71904d4881c02e27a5d3a56986a9b796d734c01e3c5ed024",
        "estimate_id": "PSL-20261008-segment-e954e0a6a12b6e62",
        "start_year": 1904,
        "end_year": 1939,
        "start_earliest_year": 1904,
        "start_latest_year": 1906,
        "end_earliest_year": 1939,
        "end_latest_year": 1939,
        "start_confidence": "medium",
        "end_confidence": "medium",
        "confidence_group": "medium_high",
        "estimate_status": "provisional_not_verified_not_admitted",
        "mixed_subextent": false,
        "has_known_periods": true,
        "citation_review_warning": null,
        "continuous_operation_asserted": false,
        "whole_segment_uniform_lifespan_asserted": false,
        "source_ids": [
          "EST-VA-ARL-AUTORAILER2023",
          "EST-VA-FAIRFAX-HERALD1904",
          "NOVA-QA-HIST-ARL-LIBRARY2023",
          "TERM-FINAL-FAIRFAX-HISTORY2003",
          "VA-FA-S01",
          "VA-FA-S03",
          "VA-FA-S04",
          "VA-FA-S06",
          "VA-FA-S09",
          "VA-FA-S11",
          "VA-RAND-TT19000501",
          "VA4-S01",
          "date-source-2125ee68a847ca36",
          "date-source-2a04671c409dd0f3"
        ],
        "context_source_ids": [
          "VA-FA-S04",
          "VA-FA-S06",
          "VA-FA-S07",
          "VA-FA-S09",
          "VA4-S01"
        ],
        "basis_claim_ids": [],
        "evidence_id": "segment-e954e0a6a12b6e62",
        "start_estimated_date": null,
        "end_estimated_date": null,
        "start_precision": "year",
        "end_precision": "year",
        "verified_start_date": null,
        "verified_end_date": null,
        "passenger_use_existence": "supported_at_named_corridor_scope",
        "geometry_correspondence": "source_scoped_not_full_segment_proof",
        "uncertainty_reason_group": "ordinary_date_and_scope_uncertainty"
      },
      "geometry": {
        "coordinates": [
          [
            -77.25015802163456,
            38.8979813822407
          ],
          [
            -77.25295503136729,
            38.89995207675608
          ],
          [
            -77.2564938342469,
            38.90071826099778
          ],
          [
            -77.26003348044355,
            38.90081649381493
          ],
          [
            -77.263450330586,
            38.90158236772007
          ],
          [
            -77.26576817052089,
            38.902824367118434
          ],
          [
            -77.2674766623804,
            38.90320723039524
          ],
          [
            -77.26979811879944,
            38.901014545901795
          ],
          [
            -77.27273018361784,
            38.89834520501882
          ],
          [
            -77.27578399149833,
            38.895771280795316
          ],
          [
            -77.27895996785415,
            38.8928157371355
          ],
          [
            -77.28238000731068,
            38.88957404366704
          ],
          [
            -77.2853114449425,
            38.88652278937743
          ],
          [
            -77.28897408492269,
            38.88442591800166
          ],
          [
            -77.29324644228312,
            38.88261546296716
          ],
          [
            -77.29715194678234,
            38.88166332777015
          ],
          [
            -77.29995877479682,
            38.881283004124356
          ],
          [
            -77.3015459981513,
            38.879757232502016
          ],
          [
            -77.30179166283281,
            38.876990604036656
          ],
          [
            -77.30252558626525,
            38.8738425668808
          ],
          [
            -77.30374812437702,
            38.869549876017594
          ],
          [
            -77.30545856925218,
            38.865161970009076
          ],
          [
            -77.30765647976956,
            38.861346662860264
          ],
          [
            -77.30924410135037,
            38.85781730282729
          ],
          [
            -77.31034365973139,
            38.85428774342198
          ],
          [
            -77.31034504257104,
            38.85142560285874
          ],
          [
            -77.3115657149218,
            38.84942255390995
          ],
          [
            -77.3136397926619,
            38.848087625421954
          ]
        ],
        "type": "LineString"
      }
    },
    {
      "type": "Feature",
      "id": "segment-202b3d531022c2dd",
      "properties": {
        "segment_id": "segment-202b3d531022c2dd",
        "fid": 215,
        "name": "Whole displayed feature (FFX portion)",
        "estimate_label": "Fairfax Main Street–courthouse extension, approximate corridor",
        "atlas_area_id": "FFX",
        "geometry_hash": "7f31f0cae7734b48e9bd7c63e34457350934f33f9baa1ca07611a0bd6c720cc8",
        "estimate_id": "PSL-20261008-segment-202b3d531022c2dd",
        "start_year": 1910,
        "end_year": 1939,
        "start_earliest_year": 1908,
        "start_latest_year": 1910,
        "end_earliest_year": 1936,
        "end_latest_year": 1939,
        "start_confidence": "low",
        "end_confidence": "low",
        "confidence_group": "low",
        "estimate_status": "provisional_not_verified_not_admitted",
        "mixed_subextent": false,
        "has_known_periods": true,
        "citation_review_warning": null,
        "continuous_operation_asserted": false,
        "whole_segment_uniform_lifespan_asserted": false,
        "source_ids": [
          "EST-VA-FAIRFAX-HD2024",
          "EST-VA-FAIRFAX-MARKER1908",
          "TERM-FINAL-FAIRFAX-SURVEY2004",
          "VA-FA-S09",
          "VA-FA-S11",
          "VA4-S01",
          "date-source-2a04671c409dd0f3"
        ],
        "context_source_ids": [
          "VA4-S01"
        ],
        "basis_claim_ids": [],
        "evidence_id": "segment-202b3d531022c2dd",
        "start_estimated_date": null,
        "end_estimated_date": null,
        "start_precision": "year",
        "end_precision": "year",
        "verified_start_date": null,
        "verified_end_date": null,
        "passenger_use_existence": "supported_at_named_corridor_scope",
        "geometry_correspondence": "source_scoped_not_full_segment_proof",
        "uncertainty_reason_group": "ordinary_date_and_scope_uncertainty"
      },
      "geometry": {
        "coordinates": [
          [
            -77.3136397926619,
            38.848087625421954
          ],
          [
            -77.31144473311001,
            38.84732360588072
          ],
          [
            -77.30876205222958,
            38.84617773529496
          ],
          [
            -77.30681097571576,
            38.845509124700065
          ],
          [
            -77.30437192025784,
            38.84512648788465
          ]
        ],
        "type": "LineString"
      }
    },
    {
      "type": "Feature",
      "id": "segment-9dc2ae0b87a85b1f",
      "properties": {
        "segment_id": "segment-9dc2ae0b87a85b1f",
        "fid": 216,
        "name": "Whole displayed feature (ARL portion)",
        "estimate_label": "Court House–Fort Myer–Hatfield",
        "atlas_area_id": "ARL",
        "geometry_hash": "6534e4a1c395ed080fec16f4ef131f57fa5434e672ac20169dfb04a29b7da3c3",
        "estimate_id": "PSL-20261008-segment-9dc2ae0b87a85b1f",
        "start_year": 1892,
        "end_year": 1939,
        "start_earliest_year": 1892,
        "start_latest_year": 1900,
        "end_earliest_year": 1936,
        "end_latest_year": 1939,
        "start_confidence": "low",
        "end_confidence": "medium",
        "confidence_group": "low",
        "estimate_status": "provisional_not_verified_not_admitted",
        "mixed_subextent": false,
        "has_known_periods": true,
        "citation_review_warning": null,
        "continuous_operation_asserted": false,
        "whole_segment_uniform_lifespan_asserted": false,
        "source_ids": [
          "EST-VA-ARL-AUTORAILER2023",
          "EST-VA-FAIRFAX-MASTERPLAN",
          "EST-VA-ROSSLYN-REBUILD",
          "EST-VA-WASHINGTONARLINGTON-EARLY",
          "NOVA-QA-HIST-ARL-LIBRARY2023",
          "VA-FA-S01",
          "VA-FA-S06",
          "VA-FA-S09",
          "VA-FA-S11",
          "VA-RAND-TT19000501",
          "VA4-S01",
          "VAPHY-LEADS",
          "date-source-2a04671c409dd0f3"
        ],
        "context_source_ids": [
          "VA-FA-S06",
          "VA-RAND-TT19000501",
          "VA4-S01"
        ],
        "basis_claim_ids": [],
        "evidence_id": "segment-9dc2ae0b87a85b1f",
        "start_estimated_date": null,
        "end_estimated_date": null,
        "start_precision": "year",
        "end_precision": "year",
        "verified_start_date": null,
        "verified_end_date": null,
        "passenger_use_existence": "supported_at_named_corridor_scope",
        "geometry_correspondence": "source_scoped_not_full_segment_proof",
        "uncertainty_reason_group": "ordinary_date_and_scope_uncertainty"
      },
      "geometry": {
        "coordinates": [
          [
            -77.08307190082826,
            38.88637148305524
          ],
          [
            -77.08356668410264,
            38.88579398371594
          ],
          [
            -77.08388092424907,
            38.8848081097441
          ],
          [
            -77.08389146739654,
            38.88348609005065
          ],
          [
            -77.08360154743214,
            38.88141923132542
          ],
          [
            -77.08316164281983,
            38.87894375244316
          ],
          [
            -77.08280957753051,
            38.876972810464515
          ],
          [
            -77.08239916210219,
            38.874617023663276
          ],
          [
            -77.08240860942851,
            38.87341474645154
          ]
        ],
        "type": "LineString"
      }
    },
    {
      "type": "Feature",
      "id": "segment-7de6091ac059ff7f",
      "properties": {
        "segment_id": "segment-7de6091ac059ff7f",
        "fid": 217,
        "name": "Whole displayed feature (ARL portion)",
        "estimate_label": "Hatfield–Nauck western branch",
        "atlas_area_id": "ARL",
        "geometry_hash": "4ebaa0f83a1c7bc42779b0841fa9633c30eeb6cc6652fdb54c7fa30b6ae0c0f0",
        "estimate_id": "PSL-20261008-segment-7de6091ac059ff7f",
        "start_year": 1899,
        "end_year": 1939,
        "start_earliest_year": 1898,
        "start_latest_year": 1900,
        "end_earliest_year": 1936,
        "end_latest_year": 1939,
        "start_confidence": "low",
        "end_confidence": "medium",
        "confidence_group": "low",
        "estimate_status": "provisional_not_verified_not_admitted",
        "mixed_subextent": false,
        "has_known_periods": true,
        "citation_review_warning": null,
        "continuous_operation_asserted": false,
        "whole_segment_uniform_lifespan_asserted": false,
        "source_ids": [
          "EST-VA-ARL-AUTORAILER2023",
          "EST-VA-NAUCK-MARKER",
          "NOVA-QA-HIST-ARL-LIBRARY2023",
          "VA-FA-S01",
          "VA-FA-S06",
          "VA-FA-S09",
          "VA-FA-S11",
          "VA-RAND-TT19000501",
          "VA4-S01",
          "date-source-2a04671c409dd0f3"
        ],
        "context_source_ids": [
          "VA-FA-S06",
          "VA-RAND-TT19000501",
          "VA4-S01"
        ],
        "basis_claim_ids": [],
        "evidence_id": "segment-7de6091ac059ff7f",
        "start_estimated_date": null,
        "end_estimated_date": null,
        "start_precision": "year",
        "end_precision": "year",
        "verified_start_date": null,
        "verified_end_date": null,
        "passenger_use_existence": "supported_at_named_corridor_scope",
        "geometry_correspondence": "source_scoped_not_full_segment_proof",
        "uncertainty_reason_group": "ordinary_date_and_scope_uncertainty"
      },
      "geometry": {
        "coordinates": [
          [
            -77.08240860942851,
            38.87341474645154
          ],
          [
            -77.0834627405935,
            38.871874747169834
          ],
          [
            -77.08463902929336,
            38.87040678426787
          ],
          [
            -77.08612464356483,
            38.86860188907268
          ],
          [
            -77.08720675430204,
            38.867446678051756
          ],
          [
            -77.08785757694861,
            38.86655630105411
          ],
          [
            -77.08813819373455,
            38.86595475670269
          ],
          [
            -77.0879945943476,
            38.86467971958756
          ],
          [
            -77.08772532957116,
            38.86378957116858
          ],
          [
            -77.08727811061536,
            38.86208116465909
          ],
          [
            -77.08725544569812,
            38.86099808489546
          ],
          [
            -77.08741548259123,
            38.86008330950624
          ],
          [
            -77.08772985831241,
            38.859023937444995
          ],
          [
            -77.0883250140594,
            38.857290141641606
          ],
          [
            -77.08879713274848,
            38.855580128853845
          ],
          [
            -77.08880114949876,
            38.8550020439427
          ],
          [
            -77.08825664974157,
            38.85389401001148
          ],
          [
            -77.0875906535661,
            38.852593048791505
          ],
          [
            -77.08683329275279,
            38.851171344415434
          ],
          [
            -77.0859234894937,
            38.84958061354596
          ]
        ],
        "type": "LineString"
      }
    },
    {
      "type": "Feature",
      "id": "segment-0915d91b15f2aa10",
      "properties": {
        "segment_id": "segment-0915d91b15f2aa10",
        "fid": 218,
        "name": "Whole displayed feature (ARL portion)",
        "estimate_label": "Clarendon cutoff: Clarendon–Hatfield",
        "atlas_area_id": "ARL",
        "geometry_hash": "0c8a17c7ce092fde41bd1043107f17bfb77c4ee7b756927e92b9bd7fd7f301f2",
        "estimate_id": "PSL-20261008-segment-0915d91b15f2aa10",
        "start_year": 1907,
        "end_year": 1932,
        "start_earliest_year": 1906,
        "start_latest_year": 1907,
        "end_earliest_year": 1932,
        "end_latest_year": 1939,
        "start_confidence": "medium",
        "end_confidence": "low",
        "confidence_group": "low",
        "estimate_status": "provisional_not_verified_not_admitted",
        "mixed_subextent": false,
        "has_known_periods": true,
        "citation_review_warning": null,
        "continuous_operation_asserted": false,
        "whole_segment_uniform_lifespan_asserted": false,
        "source_ids": [
          "CORE-FS01",
          "VA-FA-S04",
          "VA-FA-S05",
          "VA-FA-S07",
          "VA-FA-S08",
          "VA4-S01",
          "date-source-2a04671c409dd0f3",
          "date-source-7ab4d2cc28175ec7"
        ],
        "context_source_ids": [
          "VA-FA-S04",
          "VA-FA-S07"
        ],
        "basis_claim_ids": [],
        "evidence_id": "segment-0915d91b15f2aa10",
        "start_estimated_date": null,
        "end_estimated_date": null,
        "start_precision": "year",
        "end_precision": "year",
        "verified_start_date": null,
        "verified_end_date": null,
        "passenger_use_existence": "supported_at_named_corridor_scope",
        "geometry_correspondence": "source_scoped_not_full_segment_proof",
        "uncertainty_reason_group": "ordinary_date_and_scope_uncertainty"
      },
      "geometry": {
        "coordinates": [
          [
            -77.09718445415145,
            38.88530245211105
          ],
          [
            -77.0963572108737,
            38.8851586160235
          ],
          [
            -77.09534871231831,
            38.88467847721472
          ],
          [
            -77.09376084140678,
            38.883790164337704
          ],
          [
            -77.09254182868746,
            38.88282960989994
          ],
          [
            -77.09175346419848,
            38.88172460728137
          ],
          [
            -77.09117863048965,
            38.88076364466472
          ],
          [
            -77.09045244233327,
            38.87956240721472
          ],
          [
            -77.08908312754937,
            38.87826541341322
          ],
          [
            -77.08746766501825,
            38.8770887656346
          ],
          [
            -77.08585156846051,
            38.87600828604649
          ],
          [
            -77.08423502760625,
            38.87499995034702
          ],
          [
            -77.08240860942851,
            38.87341474645154
          ]
        ],
        "type": "LineString"
      }
    },
    {
      "type": "Feature",
      "id": "segment-ca1d418d35fc2e46",
      "properties": {
        "segment_id": "segment-ca1d418d35fc2e46",
        "fid": 219,
        "name": "Whole displayed feature (ARL portion)",
        "estimate_label": "Hatfield–Radio–Clark cutoff continuation",
        "atlas_area_id": "ARL",
        "geometry_hash": "d8336c48d3ecd8a11cd3b7b00be8c01a49cd9a39638ba53db3071f9e8e368c0b",
        "estimate_id": "PSL-20261008-segment-ca1d418d35fc2e46",
        "start_year": 1907,
        "end_year": 1932,
        "start_earliest_year": 1906,
        "start_latest_year": 1907,
        "end_earliest_year": 1932,
        "end_latest_year": 1939,
        "start_confidence": "medium",
        "end_confidence": "low",
        "confidence_group": "low",
        "estimate_status": "provisional_not_verified_not_admitted",
        "mixed_subextent": false,
        "has_known_periods": true,
        "citation_review_warning": null,
        "continuous_operation_asserted": false,
        "whole_segment_uniform_lifespan_asserted": false,
        "source_ids": [
          "CORE-FS01",
          "VA-FA-S04",
          "VA-FA-S05",
          "VA-FA-S07",
          "VA-FA-S08",
          "VA4-S01",
          "date-source-2a04671c409dd0f3",
          "date-source-7ab4d2cc28175ec7"
        ],
        "context_source_ids": [
          "VA-FA-S04",
          "VA-FA-S07"
        ],
        "basis_claim_ids": [],
        "evidence_id": "segment-ca1d418d35fc2e46",
        "start_estimated_date": null,
        "end_estimated_date": null,
        "start_precision": "year",
        "end_precision": "year",
        "verified_start_date": null,
        "verified_end_date": null,
        "passenger_use_existence": "supported_at_named_corridor_scope",
        "geometry_correspondence": "source_scoped_not_full_segment_proof",
        "uncertainty_reason_group": "ordinary_date_and_scope_uncertainty"
      },
      "geometry": {
        "coordinates": [
          [
            -77.08240860942851,
            38.87341474645154
          ],
          [
            -77.08146720973356,
            38.87230951250876
          ],
          [
            -77.0800958445998,
            38.871324910076495
          ],
          [
            -77.078509300779,
            38.870436744332864
          ],
          [
            -77.07692211338258,
            38.86964482485261
          ],
          [
            -77.07524329138721,
            38.86882900545046
          ],
          [
            -77.07392983151848,
            38.86832551353953
          ],
          [
            -77.07270780163164,
            38.86789412240579
          ],
          [
            -77.07157684207576,
            38.86758295356116
          ],
          [
            -77.07019938739958,
            38.86748877926426
          ],
          [
            -77.06866533979712,
            38.867900287851185
          ],
          [
            -77.06682551128877,
            38.8682883926733
          ],
          [
            -77.06468019446385,
            38.86862911382801
          ],
          [
            -77.06296706940157,
            38.86848794776585
          ]
        ],
        "type": "LineString"
      }
    },
    {
      "type": "Feature",
      "id": "segment-8651ad2b1134bd30",
      "properties": {
        "segment_id": "segment-8651ad2b1134bd30",
        "fid": 220,
        "name": "Whole displayed feature (ARL portion)",
        "estimate_label": "Rosslyn–Thrifton W&OD shared trunk",
        "atlas_area_id": "ARL",
        "geometry_hash": "63811ab9d0a92184c8ca740607e080f06fd60bbe955d719a69b9d8340f324afd",
        "estimate_id": "PSL-20261008-segment-8651ad2b1134bd30",
        "start_year": 1906,
        "end_year": 1951,
        "start_earliest_year": 1906,
        "start_latest_year": 1907,
        "end_earliest_year": 1951,
        "end_latest_year": 1951,
        "start_confidence": "medium",
        "end_confidence": "medium",
        "confidence_group": "medium_high",
        "estimate_status": "provisional_not_verified_not_admitted",
        "mixed_subextent": false,
        "has_known_periods": true,
        "citation_review_warning": null,
        "continuous_operation_asserted": false,
        "whole_segment_uniform_lifespan_asserted": false,
        "source_ids": [
          "VA-FA-S12",
          "VA-GF-S07",
          "VA-ONTOLOGY-RV-165",
          "VA-ONTOLOGY-RV-166",
          "VA-ONTOLOGY-RV-167",
          "VA-PURCELLVILLE-NRHP2009",
          "VA-WOD-OG193707",
          "VA-WOD-TT19440131",
          "VAM-S019",
          "WOD-ERJ-19130322",
          "date-source-274a913a820b21a0",
          "date-source-533c84226d66c7c6"
        ],
        "context_source_ids": [
          "VA-PURCELLVILLE-NRHP2009",
          "VA-WOD-OG193707",
          "WOD-ERJ-19130322"
        ],
        "basis_claim_ids": [],
        "evidence_id": "segment-8651ad2b1134bd30",
        "start_estimated_date": null,
        "end_estimated_date": null,
        "start_precision": "year",
        "end_precision": "year",
        "verified_start_date": null,
        "verified_end_date": null,
        "passenger_use_existence": "supported_at_named_corridor_scope",
        "geometry_correspondence": "source_scoped_not_full_segment_proof",
        "uncertainty_reason_group": "ordinary_date_and_scope_uncertainty"
      },
      "geometry": {
        "coordinates": [
          [
            -77.07211775426794,
            38.89826935396619
          ],
          [
            -77.07257272308384,
            38.89834756685359
          ],
          [
            -77.07529479754096,
            38.89881547290768
          ],
          [
            -77.07823439508516,
            38.89847268118646
          ],
          [
            -77.08062702462522,
            38.897746755611415
          ],
          [
            -77.08253492514883,
            38.896445047401066
          ],
          [
            -77.0841949639105,
            38.89562505617087
          ],
          [
            -77.08634321264694,
            38.89514133089717
          ],
          [
            -77.08867384780756,
            38.894946273656124
          ],
          [
            -77.09186267050426,
            38.89489507553166
          ],
          [
            -77.09578980148478,
            38.89474792129553
          ],
          [
            -77.09830550125136,
            38.89479461116071
          ],
          [
            -77.10057560005106,
            38.89493787755714
          ],
          [
            -77.10278264910747,
            38.895369851195504
          ],
          [
            -77.10437895223085,
            38.89541756227518
          ],
          [
            -77.10493461124213,
            38.8950328865005
          ]
        ],
        "type": "LineString"
      }
    },
    {
      "type": "Feature",
      "id": "segment-76c19f7274fd8bc1",
      "properties": {
        "segment_id": "segment-76c19f7274fd8bc1",
        "fid": 221,
        "name": "Whole displayed feature (ARL portion)",
        "estimate_label": "Great Falls Division: Vanderwerken–Cherrydale–Thrifton",
        "atlas_area_id": "ARL",
        "geometry_hash": "ef8719d9be88171cb5f7e323d1521618db8fae348184d1eda3e2f98ae46660ff",
        "estimate_id": "PSL-20261008-segment-76c19f7274fd8bc1",
        "start_year": 1906,
        "end_year": 1934,
        "start_earliest_year": 1906,
        "start_latest_year": 1907,
        "end_earliest_year": 1934,
        "end_latest_year": 1934,
        "start_confidence": "medium",
        "end_confidence": "medium",
        "confidence_group": "medium_high",
        "estimate_status": "provisional_not_verified_not_admitted",
        "mixed_subextent": false,
        "has_known_periods": true,
        "citation_review_warning": null,
        "continuous_operation_asserted": false,
        "whole_segment_uniform_lifespan_asserted": false,
        "source_ids": [
          "EST-VA-GF-INDEX1934",
          "VA-FA-S12",
          "VA-GF-S02",
          "VA-GF-S03",
          "VA-GF-S04",
          "VA-GF-S05",
          "VA-GF-S06",
          "VA-GF-S07",
          "VAM-S019",
          "date-source-f97af71f22465d2a"
        ],
        "context_source_ids": [],
        "basis_claim_ids": [],
        "evidence_id": "segment-76c19f7274fd8bc1",
        "start_estimated_date": null,
        "end_estimated_date": null,
        "start_precision": "year",
        "end_precision": "year",
        "verified_start_date": null,
        "verified_end_date": null,
        "passenger_use_existence": "inferred_from_corridor_history",
        "geometry_correspondence": "corridor_correspondence_requires_review",
        "uncertainty_reason_group": "ordinary_date_and_scope_uncertainty"
      },
      "geometry": {
        "coordinates": [
          [
            -77.14049952771005,
            38.910661082901775
          ],
          [
            -77.13822999589492,
            38.90931476685794
          ],
          [
            -77.13558840842502,
            38.90854580356303
          ],
          [
            -77.13331760120366,
            38.90753599438834
          ],
          [
            -77.13166597905925,
            38.90590064369738
          ],
          [
            -77.13044308368927,
            38.90465018235449
          ],
          [
            -77.12891227967172,
            38.90349599283217
          ],
          [
            -77.12720124502516,
            38.90171674328047
          ],
          [
            -77.1250621833268,
            38.89964917998269
          ],
          [
            -77.12335004429427,
            38.898206787144716
          ],
          [
            -77.12181469796754,
            38.89791810372835
          ],
          [
            -77.11996901887981,
            38.898062003546436
          ],
          [
            -77.11812215585765,
            38.89839825061302
          ],
          [
            -77.11643067084634,
            38.89851824304558
          ],
          [
            -77.11474189344615,
            38.89827769731324
          ],
          [
            -77.11367086465677,
            38.89762857755204
          ],
          [
            -77.1119855937725,
            38.896955431258775
          ],
          [
            -77.11045583132302,
            38.89606603924169
          ],
          [
            -77.10830948031825,
            38.895513250471105
          ],
          [
            -77.10493461124213,
            38.8950328865005
          ]
        ],
        "type": "LineString"
      }
    },
    {
      "type": "Feature",
      "id": "segment-93696ca4b6896f1e",
      "properties": {
        "segment_id": "segment-93696ca4b6896f1e",
        "fid": 222,
        "name": "Whole displayed feature (ARL portion)",
        "estimate_label": "Great Falls Division: McLean–Chesterbrook–Vanderwerken",
        "atlas_area_id": "ARL",
        "geometry_hash": "c07c196ba75a4624709a76091ac0079d2aa2e7301b26e4da98b4a53992be5019",
        "estimate_id": "PSL-20261008-segment-93696ca4b6896f1e",
        "start_year": 1906,
        "end_year": 1934,
        "start_earliest_year": 1906,
        "start_latest_year": 1907,
        "end_earliest_year": 1934,
        "end_latest_year": 1934,
        "start_confidence": "medium",
        "end_confidence": "medium",
        "confidence_group": "medium_high",
        "estimate_status": "provisional_not_verified_not_admitted",
        "mixed_subextent": false,
        "has_known_periods": true,
        "citation_review_warning": null,
        "continuous_operation_asserted": false,
        "whole_segment_uniform_lifespan_asserted": false,
        "source_ids": [
          "EST-VA-GF-INDEX1934",
          "VA-FA-S12",
          "VA-GF-S02",
          "VA-GF-S03",
          "VA-GF-S04",
          "VA-GF-S05",
          "VA-GF-S06",
          "VA-GF-S07",
          "VAM-S019",
          "date-source-f97af71f22465d2a"
        ],
        "context_source_ids": [],
        "basis_claim_ids": [],
        "evidence_id": "segment-93696ca4b6896f1e",
        "start_estimated_date": null,
        "end_estimated_date": null,
        "start_precision": "year",
        "end_precision": "year",
        "verified_start_date": null,
        "verified_end_date": null,
        "passenger_use_existence": "inferred_from_corridor_history",
        "geometry_correspondence": "corridor_correspondence_requires_review",
        "uncertainty_reason_group": "ordinary_date_and_scope_uncertainty"
      },
      "geometry": {
        "coordinates": [
          [
            -77.14565403352924,
            38.91412953199093
          ],
          [
            -77.14344192376352,
            38.91287320014601
          ],
          [
            -77.14215549405513,
            38.911718907594974
          ],
          [
            -77.14049952771005,
            38.910661082901775
          ]
        ],
        "type": "LineString"
      }
    },
    {
      "type": "Feature",
      "id": "segment-6f639b77e331fd83",
      "properties": {
        "segment_id": "segment-6f639b77e331fd83",
        "fid": 223,
        "name": "Whole displayed feature (FFX portion)",
        "estimate_label": "Great Falls Division: McLean–Chesterbrook–Vanderwerken",
        "atlas_area_id": "FFX",
        "geometry_hash": "05d5ce3a84389b646807361fecd305813904b1e9586c4d526030f4b2c416d449",
        "estimate_id": "PSL-20261008-segment-6f639b77e331fd83",
        "start_year": 1906,
        "end_year": 1934,
        "start_earliest_year": 1906,
        "start_latest_year": 1907,
        "end_earliest_year": 1934,
        "end_latest_year": 1934,
        "start_confidence": "medium",
        "end_confidence": "medium",
        "confidence_group": "medium_high",
        "estimate_status": "provisional_not_verified_not_admitted",
        "mixed_subextent": false,
        "has_known_periods": true,
        "citation_review_warning": null,
        "continuous_operation_asserted": false,
        "whole_segment_uniform_lifespan_asserted": false,
        "source_ids": [
          "EST-VA-GF-INDEX1934",
          "VA-FA-S12",
          "VA-GF-S02",
          "VA-GF-S03",
          "VA-GF-S04",
          "VA-GF-S05",
          "VA-GF-S06",
          "VA-GF-S07",
          "VAM-S019",
          "date-source-f97af71f22465d2a"
        ],
        "context_source_ids": [],
        "basis_claim_ids": [],
        "evidence_id": "segment-6f639b77e331fd83",
        "start_estimated_date": null,
        "end_estimated_date": null,
        "start_precision": "year",
        "end_precision": "year",
        "verified_start_date": null,
        "verified_end_date": null,
        "passenger_use_existence": "inferred_from_corridor_history",
        "geometry_correspondence": "corridor_correspondence_requires_review",
        "uncertainty_reason_group": "ordinary_date_and_scope_uncertainty"
      },
      "geometry": {
        "coordinates": [
          [
            -77.17764690546265,
            38.933102818501304
          ],
          [
            -77.17488180149171,
            38.931372983644266
          ],
          [
            -77.17254528852867,
            38.93046224579833
          ],
          [
            -77.17002357678537,
            38.92974473070192
          ],
          [
            -77.16842558125526,
            38.92897665144183
          ],
          [
            -77.16689145144824,
            38.92758146214313
          ],
          [
            -77.16548099619679,
            38.92608976512382
          ],
          [
            -77.16370068306036,
            38.92479179712482
          ],
          [
            -77.16148723065761,
            38.92412115817149
          ],
          [
            -77.15896421871648,
            38.92393278220661
          ],
          [
            -77.15693694932882,
            38.922923973997364
          ],
          [
            -77.15491022415075,
            38.92181866332145
          ],
          [
            -77.15257612803231,
            38.920665470079776
          ],
          [
            -77.15085708542736,
            38.919655893514765
          ],
          [
            -77.15012484743406,
            38.91821165943094
          ],
          [
            -77.14957636271906,
            38.917008275546344
          ],
          [
            -77.14835262514498,
            38.91546872094651
          ],
          [
            -77.14589665910107,
            38.9142673272473
          ],
          [
            -77.14565403352924,
            38.91412953199093
          ]
        ],
        "type": "LineString"
      }
    },
    {
      "type": "Feature",
      "id": "segment-4f43b1c06379fe69",
      "properties": {
        "segment_id": "segment-4f43b1c06379fe69",
        "fid": 224,
        "name": "Whole displayed feature (FFX portion)",
        "estimate_label": "Great Falls Division: western sheet edge–Spring Hill–McLean",
        "atlas_area_id": "FFX",
        "geometry_hash": "da3761770eb1c15cd97565a335bb1ce0e37290a6db4c6ca213d2f708f7e4ea5e",
        "estimate_id": "PSL-20261008-segment-4f43b1c06379fe69",
        "start_year": 1906,
        "end_year": 1934,
        "start_earliest_year": 1906,
        "start_latest_year": 1907,
        "end_earliest_year": 1934,
        "end_latest_year": 1934,
        "start_confidence": "medium",
        "end_confidence": "medium",
        "confidence_group": "medium_high",
        "estimate_status": "provisional_not_verified_not_admitted",
        "mixed_subextent": false,
        "has_known_periods": true,
        "citation_review_warning": null,
        "continuous_operation_asserted": false,
        "whole_segment_uniform_lifespan_asserted": false,
        "source_ids": [
          "EST-VA-GF-INDEX1934",
          "VA-FA-S12",
          "VA-GF-S02",
          "VA-GF-S03",
          "VA-GF-S04",
          "VA-GF-S05",
          "VA-GF-S06",
          "VA-GF-S07",
          "VAM-S019",
          "date-source-f97af71f22465d2a"
        ],
        "context_source_ids": [],
        "basis_claim_ids": [],
        "evidence_id": "segment-4f43b1c06379fe69",
        "start_estimated_date": null,
        "end_estimated_date": null,
        "start_precision": "year",
        "end_precision": "year",
        "verified_start_date": null,
        "verified_end_date": null,
        "passenger_use_existence": "inferred_from_corridor_history",
        "geometry_correspondence": "corridor_correspondence_requires_review",
        "uncertainty_reason_group": "ordinary_date_and_scope_uncertainty"
      },
      "geometry": {
        "coordinates": [
          [
            -77.25052814895282,
            38.970734280347806
          ],
          [
            -77.24857045868669,
            38.96791132310915
          ],
          [
            -77.24525049637599,
            38.96461550816653
          ],
          [
            -77.24180725060326,
            38.961467083675146
          ],
          [
            -77.23824079105042,
            38.95885435432046
          ],
          [
            -77.23541197538702,
            38.95696896531434
          ],
          [
            -77.23178339443345,
            38.954795670865494
          ],
          [
            -77.2285235558588,
            38.952962165131105
          ],
          [
            -77.22587851094767,
            38.95170955589439
          ],
          [
            -77.22298746016436,
            38.95011921166425
          ],
          [
            -77.21972675406727,
            38.94886999031314
          ],
          [
            -77.21652721108002,
            38.947814995421865
          ],
          [
            -77.21363544384523,
            38.94666270984362
          ],
          [
            -77.21025055402443,
            38.945899783357945
          ],
          [
            -77.20729532432902,
            38.9458615205504
          ],
          [
            -77.20483286846488,
            38.94557963226226
          ],
          [
            -77.20224767748923,
            38.94500788225209
          ],
          [
            -77.19972427141694,
            38.944315037534544
          ],
          [
            -77.19763161256388,
            38.943790076036336
          ],
          [
            -77.19655469737664,
            38.943430973737776
          ],
          [
            -77.19578599905907,
            38.942925770066424
          ],
          [
            -77.19514095322033,
            38.942202613560525
          ],
          [
            -77.19461900644221,
            38.94152749535337
          ],
          [
            -77.19434346290072,
            38.940827479829075
          ],
          [
            -77.19394463786719,
            38.94020047467704
          ],
          [
            -77.19336134612345,
            38.939477518076714
          ],
          [
            -77.19280865823549,
            38.93885119734528
          ],
          [
            -77.19216335227459,
            38.93834603396959
          ],
          [
            -77.1909941570354,
            38.938060002855416
          ],
          [
            -77.18779357607158,
            38.937563062126316
          ],
          [
            -77.1844103558811,
            38.9363178166153
          ],
          [
            -77.18072065619916,
            38.93468708412686
          ],
          [
            -77.17764690546265,
            38.933102818501304
          ]
        ],
        "type": "LineString"
      }
    },
    {
      "type": "Feature",
      "id": "segment-abb7f500dc263684",
      "properties": {
        "segment_id": "segment-abb7f500dc263684",
        "fid": 225,
        "name": "Whole displayed feature (FFX portion)",
        "estimate_label": "Great Falls Division: western edge–Difficult Run–Great Falls terminal approach",
        "atlas_area_id": "FFX",
        "geometry_hash": "4f2cf9b89bd3bb388cfae2828d18823e314cc345dcbaac83d2a942a55c8a68fe",
        "estimate_id": "PSL-20261008-segment-abb7f500dc263684",
        "start_year": 1906,
        "end_year": 1934,
        "start_earliest_year": 1906,
        "start_latest_year": 1907,
        "end_earliest_year": 1934,
        "end_latest_year": 1934,
        "start_confidence": "medium",
        "end_confidence": "medium",
        "confidence_group": "medium_high",
        "estimate_status": "provisional_not_verified_not_admitted",
        "mixed_subextent": false,
        "has_known_periods": true,
        "citation_review_warning": null,
        "continuous_operation_asserted": false,
        "whole_segment_uniform_lifespan_asserted": false,
        "source_ids": [
          "EST-VA-GF-INDEX1934",
          "VA-FA-S12",
          "VA-GF-S02",
          "VA-GF-S03",
          "VA-GF-S04",
          "VA-GF-S05",
          "VA-GF-S06",
          "VA-GF-S07",
          "VAM-S019",
          "date-source-f97af71f22465d2a"
        ],
        "context_source_ids": [],
        "basis_claim_ids": [],
        "evidence_id": "segment-abb7f500dc263684",
        "start_estimated_date": null,
        "end_estimated_date": null,
        "start_precision": "year",
        "end_precision": "year",
        "verified_start_date": null,
        "verified_end_date": null,
        "passenger_use_existence": "inferred_from_corridor_history",
        "geometry_correspondence": "corridor_correspondence_requires_review",
        "uncertainty_reason_group": "ordinary_date_and_scope_uncertainty"
      },
      "geometry": {
        "coordinates": [
          [
            -77.25052814895282,
            38.970734280347806
          ],
          [
            -77.25103477838333,
            38.970932423597795
          ],
          [
            -77.25249898532232,
            38.97255552019216
          ],
          [
            -77.25390233741244,
            38.97403543922118
          ],
          [
            -77.25530619624351,
            38.97513371918263
          ],
          [
            -77.25670998853502,
            38.97632738571806
          ],
          [
            -77.25756417955452,
            38.97732980090416
          ],
          [
            -77.25799060853963,
            38.978427286308424
          ],
          [
            -77.25805013998331,
            38.97981070366814
          ],
          [
            -77.2578653315562,
            38.9811462308877
          ],
          [
            -77.25768040913633,
            38.98257716256106
          ],
          [
            -77.25743383647695,
            38.984485070841195
          ],
          [
            -77.2571257685744,
            38.98672684802747
          ],
          [
            -77.25675636036696,
            38.989159386440065
          ],
          [
            -77.2565703105368,
            38.9915443631952
          ],
          [
            -77.25650723669895,
            38.99326160083317
          ],
          [
            -77.25662820346528,
            38.994358849349155
          ],
          [
            -77.25717717280335,
            38.995265617161316
          ]
        ],
        "type": "LineString"
      }
    },
    {
      "type": "Feature",
      "id": "segment-67387b35f5f4b507",
      "properties": {
        "segment_id": "segment-67387b35f5f4b507",
        "fid": 226,
        "name": "Whole displayed feature (ARL portion)",
        "estimate_label": "Aqueduct Bridge and Rosslyn curve",
        "atlas_area_id": "ARL",
        "geometry_hash": "47c044de2e9e7e75aa268e82a128402caae802b5fe88f53b2be9e3a7102c009f",
        "estimate_id": "PSL-20261008-segment-67387b35f5f4b507",
        "start_year": 1906,
        "end_year": 1923,
        "start_earliest_year": 1906,
        "start_latest_year": 1907,
        "end_earliest_year": 1923,
        "end_latest_year": 1923,
        "start_confidence": "medium",
        "end_confidence": "medium",
        "confidence_group": "medium_high",
        "estimate_status": "provisional_not_verified_not_admitted",
        "mixed_subextent": false,
        "has_known_periods": true,
        "citation_review_warning": null,
        "continuous_operation_asserted": false,
        "whole_segment_uniform_lifespan_asserted": false,
        "source_ids": [
          "EAR-S02",
          "VA-FA-S12",
          "VA-GF-S07",
          "VA-GF-S08",
          "VA-GF-S09",
          "VAM-S019",
          "WOD-ERJ-19130322",
          "date-source-274a913a820b21a0",
          "date-source-533c84226d66c7c6",
          "date-source-c4635dbfe89e82b2",
          "date-source-d8456bfa9fc83da1",
          "date-source-e0f42c5661615f13"
        ],
        "context_source_ids": [
          "WOD-ERJ-19130322"
        ],
        "basis_claim_ids": [],
        "evidence_id": "segment-67387b35f5f4b507",
        "start_estimated_date": null,
        "end_estimated_date": null,
        "start_precision": "year",
        "end_precision": "year",
        "verified_start_date": null,
        "verified_end_date": null,
        "passenger_use_existence": "supported_at_named_corridor_scope",
        "geometry_correspondence": "source_scoped_not_full_segment_proof",
        "uncertainty_reason_group": "ordinary_date_and_scope_uncertainty"
      },
      "geometry": {
        "coordinates": [
          [
            -77.07211775426794,
            38.89826935396619
          ],
          [
            -77.07168633880808,
            38.89877559685513
          ],
          [
            -77.07146870884864,
            38.89932949052573
          ],
          [
            -77.07130967321622,
            38.90029233623067
          ],
          [
            -77.0713043510793,
            38.90114086965643
          ]
        ],
        "type": "LineString"
      }
    },
    {
      "type": "Feature",
      "id": "segment-76d96af51fb6087f",
      "properties": {
        "segment_id": "segment-76d96af51fb6087f",
        "fid": 227,
        "name": "Whole displayed feature (DC portion)",
        "estimate_label": "Aqueduct Bridge and Rosslyn curve",
        "atlas_area_id": "DC",
        "geometry_hash": "322638994fa4830fefe01fd6ce1dd8a8645b6e5bd1dbe3aa45f75cb2e4e5ad87",
        "estimate_id": "PSL-20261008-segment-76d96af51fb6087f",
        "start_year": 1906,
        "end_year": 1923,
        "start_earliest_year": 1906,
        "start_latest_year": 1907,
        "end_earliest_year": 1923,
        "end_latest_year": 1923,
        "start_confidence": "medium",
        "end_confidence": "medium",
        "confidence_group": "medium_high",
        "estimate_status": "provisional_not_verified_not_admitted",
        "mixed_subextent": false,
        "has_known_periods": true,
        "citation_review_warning": null,
        "continuous_operation_asserted": false,
        "whole_segment_uniform_lifespan_asserted": false,
        "source_ids": [
          "EAR-S02",
          "VA-FA-S12",
          "VA-GF-S07",
          "VA-GF-S08",
          "VA-GF-S09",
          "VAM-S019",
          "WOD-ERJ-19130322",
          "date-source-274a913a820b21a0",
          "date-source-533c84226d66c7c6",
          "date-source-c4635dbfe89e82b2",
          "date-source-d8456bfa9fc83da1",
          "date-source-e0f42c5661615f13"
        ],
        "context_source_ids": [
          "WOD-ERJ-19130322"
        ],
        "basis_claim_ids": [],
        "evidence_id": "segment-76d96af51fb6087f",
        "start_estimated_date": null,
        "end_estimated_date": null,
        "start_precision": "year",
        "end_precision": "year",
        "verified_start_date": null,
        "verified_end_date": null,
        "passenger_use_existence": "supported_at_named_corridor_scope",
        "geometry_correspondence": "source_scoped_not_full_segment_proof",
        "uncertainty_reason_group": "ordinary_date_and_scope_uncertainty"
      },
      "geometry": {
        "coordinates": [
          [
            -77.0713043510793,
            38.90114086965643
          ],
          [
            -77.07130197546837,
            38.90151962452668
          ],
          [
            -77.07130667347796,
            38.901631953007175
          ],
          [
            -77.0713392586732,
            38.90241104355029
          ],
          [
            -77.0713861925588,
            38.902846757224
          ],
          [
            -77.07157474862743,
            38.90390557701957
          ],
          [
            -77.07162094085163,
            38.904590636626956
          ],
          [
            -77.070228,
            38.90503
          ]
        ],
        "type": "LineString"
      }
    },
    {
      "type": "Feature",
      "id": "segment-d8847bed724d7880",
      "properties": {
        "segment_id": "segment-d8847bed724d7880",
        "fid": 228,
        "name": "Whole displayed feature (ARL portion)",
        "estimate_label": "W&OD Bluemont connector: Thrifton–Fort Myer station–Lacey",
        "atlas_area_id": "ARL",
        "geometry_hash": "87b406153d04457fdcb82f56d583095a904a8638f22319ca1e4c1b9a92ab85a3",
        "estimate_id": "PSL-20261008-segment-d8847bed724d7880",
        "start_year": 1912,
        "end_year": 1951,
        "start_earliest_year": 1912,
        "start_latest_year": 1913,
        "end_earliest_year": 1951,
        "end_latest_year": 1951,
        "start_confidence": "medium",
        "end_confidence": "medium",
        "confidence_group": "medium_high",
        "estimate_status": "provisional_not_verified_not_admitted",
        "mixed_subextent": false,
        "has_known_periods": true,
        "citation_review_warning": null,
        "continuous_operation_asserted": false,
        "whole_segment_uniform_lifespan_asserted": false,
        "source_ids": [
          "VA-FA-S12",
          "VA-ONTOLOGY-RV-165",
          "VA-ONTOLOGY-RV-166",
          "VA-ONTOLOGY-RV-167",
          "VA-PURCELLVILLE-NRHP2009",
          "VA-WOD-OG193707",
          "VA-WOD-TT19440131",
          "WOD-ERJ-19130322",
          "date-source-274a913a820b21a0",
          "date-source-533c84226d66c7c6"
        ],
        "context_source_ids": [
          "VA-PURCELLVILLE-NRHP2009",
          "VA-WOD-OG193707",
          "WOD-ERJ-19130322"
        ],
        "basis_claim_ids": [],
        "evidence_id": "segment-d8847bed724d7880",
        "start_estimated_date": null,
        "end_estimated_date": null,
        "start_precision": "year",
        "end_precision": "year",
        "verified_start_date": null,
        "verified_end_date": null,
        "passenger_use_existence": "supported_at_named_corridor_scope",
        "geometry_correspondence": "source_scoped_not_full_segment_proof",
        "uncertainty_reason_group": "ordinary_date_and_scope_uncertainty"
      },
      "geometry": {
        "coordinates": [
          [
            -77.10493461124213,
            38.8950328865005
          ],
          [
            -77.10414226287294,
            38.894239870586574
          ],
          [
            -77.10338372806666,
            38.893062370952805
          ],
          [
            -77.10271785390604,
            38.89183687238029
          ],
          [
            -77.10266289358732,
            38.89101982989828
          ],
          [
            -77.10297466315407,
            38.89041901384043
          ],
          [
            -77.10383814875699,
            38.88993828592993
          ],
          [
            -77.10509992610372,
            38.889577722084965
          ],
          [
            -77.10703823377057,
            38.88912113820746
          ],
          [
            -77.10894553933711,
            38.888736819934174
          ],
          [
            -77.11097674580537,
            38.888256595673816
          ],
          [
            -77.11297730396181,
            38.88780057724862
          ],
          [
            -77.11497847778537,
            38.887296690499156
          ],
          [
            -77.1168269689207,
            38.88669683777721
          ],
          [
            -77.1181844648399,
            38.886024870370754
          ],
          [
            -77.11889796508629,
            38.88518457777722
          ],
          [
            -77.1191821827076,
            38.88422404131209
          ],
          [
            -77.11919155654257,
            38.883047238657205
          ],
          [
            -77.11932408365739,
            38.881846504781905
          ],
          [
            -77.11964025027103,
            38.88074196434439
          ],
          [
            -77.12017000306147,
            38.87982971593988
          ],
          [
            -77.12094484279034,
            38.87901374069322
          ],
          [
            -77.12138124987837,
            38.878245581624235
          ]
        ],
        "type": "LineString"
      }
    },
    {
      "type": "Feature",
      "id": "segment-443a40f9b61e674a",
      "properties": {
        "segment_id": "segment-443a40f9b61e674a",
        "fid": 229,
        "name": "Whole displayed feature (ARL portion)",
        "estimate_label": "W&OD Bluemont connector: Lacey–Bluemont Junction",
        "atlas_area_id": "ARL",
        "geometry_hash": "eb1a321f6dc3423f01d9cda4eb7a6ed780ab258e012bcf654b95785fc1becb05",
        "estimate_id": "PSL-20261008-segment-443a40f9b61e674a",
        "start_year": 1912,
        "end_year": 1951,
        "start_earliest_year": 1912,
        "start_latest_year": 1913,
        "end_earliest_year": 1951,
        "end_latest_year": 1951,
        "start_confidence": "medium",
        "end_confidence": "medium",
        "confidence_group": "medium_high",
        "estimate_status": "provisional_not_verified_not_admitted",
        "mixed_subextent": false,
        "has_known_periods": true,
        "citation_review_warning": null,
        "continuous_operation_asserted": false,
        "whole_segment_uniform_lifespan_asserted": false,
        "source_ids": [
          "VA-FA-S12",
          "VA-ONTOLOGY-RV-165",
          "VA-ONTOLOGY-RV-166",
          "VA-ONTOLOGY-RV-167",
          "VA-PURCELLVILLE-NRHP2009",
          "VA-WOD-OG193707",
          "VA-WOD-TT19440131",
          "WOD-ERJ-19130322",
          "date-source-274a913a820b21a0",
          "date-source-533c84226d66c7c6"
        ],
        "context_source_ids": [
          "VA-PURCELLVILLE-NRHP2009",
          "VA-WOD-OG193707",
          "WOD-ERJ-19130322"
        ],
        "basis_claim_ids": [],
        "evidence_id": "segment-443a40f9b61e674a",
        "start_estimated_date": null,
        "end_estimated_date": null,
        "start_precision": "year",
        "end_precision": "year",
        "verified_start_date": null,
        "verified_end_date": null,
        "passenger_use_existence": "supported_at_named_corridor_scope",
        "geometry_correspondence": "source_scoped_not_full_segment_proof",
        "uncertainty_reason_group": "ordinary_date_and_scope_uncertainty"
      },
      "geometry": {
        "coordinates": [
          [
            -77.12138124987837,
            38.878245581624235
          ],
          [
            -77.12277593205796,
            38.876781808290794
          ],
          [
            -77.12438898797204,
            38.87491014124995
          ],
          [
            -77.1259405176054,
            38.873038581238966
          ],
          [
            -77.1271193768412,
            38.871647027226274
          ],
          [
            -77.12774120780799,
            38.870735170152344
          ],
          [
            -77.12780605462848,
            38.87030295042325
          ]
        ],
        "type": "LineString"
      }
    },
    {
      "type": "Feature",
      "id": "segment-9561b4301faa926b",
      "properties": {
        "segment_id": "segment-9561b4301faa926b",
        "fid": 230,
        "name": "Whole displayed feature (ARL portion)",
        "estimate_label": "W&OD Bluemont line: Falls Church–Bluemont Junction",
        "atlas_area_id": "ARL",
        "geometry_hash": "472155231487510a5edf8fe86141f8f6b133df2af27132f79f124f2a240ba28c",
        "estimate_id": "PSL-20261008-segment-9561b4301faa926b",
        "start_year": 1912,
        "end_year": 1951,
        "start_earliest_year": 1912,
        "start_latest_year": 1913,
        "end_earliest_year": 1951,
        "end_latest_year": 1951,
        "start_confidence": "medium",
        "end_confidence": "medium",
        "confidence_group": "medium_high",
        "estimate_status": "provisional_not_verified_not_admitted",
        "mixed_subextent": false,
        "has_known_periods": true,
        "citation_review_warning": null,
        "continuous_operation_asserted": false,
        "whole_segment_uniform_lifespan_asserted": false,
        "source_ids": [
          "EST-VA-WOD-NOMINATION",
          "VA-FA-S12",
          "VA-ONTOLOGY-RV-165",
          "VA-ONTOLOGY-RV-166",
          "VA-ONTOLOGY-RV-167",
          "VA-PURCELLVILLE-NRHP2009",
          "VA-WOD-OG193707",
          "VA-WOD-TT19440131",
          "WOD-ERJ-19130322",
          "date-source-274a913a820b21a0",
          "date-source-533c84226d66c7c6"
        ],
        "context_source_ids": [
          "VA-PURCELLVILLE-NRHP2009",
          "VA-WOD-OG193707",
          "WOD-ERJ-19130322"
        ],
        "basis_claim_ids": [],
        "evidence_id": "segment-9561b4301faa926b",
        "start_estimated_date": null,
        "end_estimated_date": null,
        "start_precision": "year",
        "end_precision": "year",
        "verified_start_date": null,
        "verified_end_date": null,
        "passenger_use_existence": "supported_at_named_corridor_scope",
        "geometry_correspondence": "source_scoped_not_full_segment_proof",
        "uncertainty_reason_group": "ordinary_date_and_scope_uncertainty"
      },
      "geometry": {
        "coordinates": [
          [
            -77.16295820282161,
            38.88595238545576
          ],
          [
            -77.16200234708131,
            38.88544801026156
          ],
          [
            -77.15912141357867,
            38.88410490011695
          ],
          [
            -77.15666747906367,
            38.883288773581974
          ],
          [
            -77.15408962810757,
            38.88261605653273
          ],
          [
            -77.1513276791009,
            38.88189491271441
          ],
          [
            -77.14825867570322,
            38.881125199275154
          ],
          [
            -77.1454968521253,
            38.88040333572064
          ],
          [
            -77.14255244415402,
            38.879441092980045
          ],
          [
            -77.13991746704338,
            38.87823885233517
          ],
          [
            -77.13759307045072,
            38.87665260931161
          ],
          [
            -77.13588372713498,
            38.87506666374644
          ],
          [
            -77.13417528587493,
            38.8733843624065
          ],
          [
            -77.13301839289608,
            38.871942483312736
          ],
          [
            -77.13142902270835,
            38.87078791871755
          ],
          [
            -77.12965047846495,
            38.87025728836828
          ],
          [
            -77.12780605462848,
            38.87030295042325
          ]
        ],
        "type": "LineString"
      }
    },
    {
      "type": "Feature",
      "id": "segment-d17595e432c4d4ce",
      "properties": {
        "segment_id": "segment-d17595e432c4d4ce",
        "fid": 231,
        "name": "Whole displayed feature (FFX portion)",
        "estimate_label": "W&OD Bluemont line: Falls Church–Bluemont Junction",
        "atlas_area_id": "FFX",
        "geometry_hash": "926266c6d96e8018e6fbeaea2c2bc724895f052f6a7f33c058bd0b5a2a75460c",
        "estimate_id": "PSL-20261008-segment-d17595e432c4d4ce",
        "start_year": 1912,
        "end_year": 1951,
        "start_earliest_year": 1912,
        "start_latest_year": 1913,
        "end_earliest_year": 1951,
        "end_latest_year": 1951,
        "start_confidence": "medium",
        "end_confidence": "medium",
        "confidence_group": "medium_high",
        "estimate_status": "provisional_not_verified_not_admitted",
        "mixed_subextent": false,
        "has_known_periods": true,
        "citation_review_warning": null,
        "continuous_operation_asserted": false,
        "whole_segment_uniform_lifespan_asserted": false,
        "source_ids": [
          "EST-VA-WOD-NOMINATION",
          "VA-FA-S12",
          "VA-ONTOLOGY-RV-165",
          "VA-ONTOLOGY-RV-166",
          "VA-ONTOLOGY-RV-167",
          "VA-PURCELLVILLE-NRHP2009",
          "VA-WOD-OG193707",
          "VA-WOD-TT19440131",
          "WOD-ERJ-19130322",
          "date-source-274a913a820b21a0",
          "date-source-533c84226d66c7c6"
        ],
        "context_source_ids": [
          "VA-PURCELLVILLE-NRHP2009",
          "VA-WOD-OG193707",
          "WOD-ERJ-19130322"
        ],
        "basis_claim_ids": [],
        "evidence_id": "segment-d17595e432c4d4ce",
        "start_estimated_date": null,
        "end_estimated_date": null,
        "start_precision": "year",
        "end_precision": "year",
        "verified_start_date": null,
        "verified_end_date": null,
        "passenger_use_existence": "supported_at_named_corridor_scope",
        "geometry_correspondence": "source_scoped_not_full_segment_proof",
        "uncertainty_reason_group": "ordinary_date_and_scope_uncertainty"
      },
      "geometry": {
        "coordinates": [
          [
            -77.17906346398185,
            38.89037908718614
          ],
          [
            -77.17414912381183,
            38.88975932607414
          ],
          [
            -77.16984976223422,
            38.88904226129804
          ],
          [
            -77.16659784907743,
            38.88794064855028
          ],
          [
            -77.16463725339011,
            38.88683836795379
          ],
          [
            -77.16295820282161,
            38.88595238545576
          ]
        ],
        "type": "LineString"
      }
    },
    {
      "type": "Feature",
      "id": "segment-ca02deb6a32cbb19",
      "properties": {
        "segment_id": "segment-ca02deb6a32cbb19",
        "fid": 232,
        "name": "Whole displayed feature (FFX portion)",
        "estimate_label": "W&OD Bluemont line: western sheet edge–Dunn Loring–Falls Church",
        "atlas_area_id": "FFX",
        "geometry_hash": "9ee3d1bb707634d905200471a3d1512239edf938d953709d1302ce7c8683deea",
        "estimate_id": "PSL-20261008-segment-ca02deb6a32cbb19",
        "start_year": 1912,
        "end_year": 1951,
        "start_earliest_year": 1912,
        "start_latest_year": 1913,
        "end_earliest_year": 1951,
        "end_latest_year": 1951,
        "start_confidence": "medium",
        "end_confidence": "medium",
        "confidence_group": "medium_high",
        "estimate_status": "provisional_not_verified_not_admitted",
        "mixed_subextent": false,
        "has_known_periods": true,
        "citation_review_warning": null,
        "continuous_operation_asserted": false,
        "whole_segment_uniform_lifespan_asserted": false,
        "source_ids": [
          "EST-VA-WOD-NOMINATION",
          "VA-FA-S12",
          "VA-ONTOLOGY-RV-165",
          "VA-ONTOLOGY-RV-166",
          "VA-ONTOLOGY-RV-167",
          "VA-PURCELLVILLE-NRHP2009",
          "VA-WOD-OG193707",
          "VA-WOD-TT19440131",
          "WOD-ERJ-19130322",
          "date-source-274a913a820b21a0",
          "date-source-533c84226d66c7c6"
        ],
        "context_source_ids": [
          "VA-PURCELLVILLE-NRHP2009",
          "VA-WOD-OG193707",
          "WOD-ERJ-19130322"
        ],
        "basis_claim_ids": [],
        "evidence_id": "segment-ca02deb6a32cbb19",
        "start_estimated_date": null,
        "end_estimated_date": null,
        "start_precision": "year",
        "end_precision": "year",
        "verified_start_date": null,
        "verified_end_date": null,
        "passenger_use_existence": "supported_at_named_corridor_scope",
        "geometry_correspondence": "source_scoped_not_full_segment_proof",
        "uncertainty_reason_group": "ordinary_date_and_scope_uncertainty"
      },
      "geometry": {
        "coordinates": [
          [
            -77.25015652374529,
            38.900047679834685
          ],
          [
            -77.24712894871924,
            38.898903127146774
          ],
          [
            -77.24455514643905,
            38.89699888259526
          ],
          [
            -77.2414910089256,
            38.89509631587117
          ],
          [
            -77.23683156861846,
            38.89400824474281
          ],
          [
            -77.23235581027814,
            38.8928725260937
          ],
          [
            -77.22781871907851,
            38.89159376381415
          ],
          [
            -77.22334218921593,
            38.890600746537125
          ],
          [
            -77.21880403164113,
            38.88960721494283
          ],
          [
            -77.21402042459565,
            38.888517734901136
          ],
          [
            -77.21119836215588,
            38.888140391037666
          ],
          [
            -77.20911060405001,
            38.888382532510484
          ],
          [
            -77.20671323644011,
            38.889294038602294
          ],
          [
            -77.20431601105055,
            38.89001466075315
          ],
          [
            -77.20149007180197,
            38.89030586397955
          ],
          [
            -77.1980496409638,
            38.89055002741912
          ],
          [
            -77.19337967795448,
            38.89084338230144
          ],
          [
            -77.18975463074288,
            38.890847824565064
          ],
          [
            -77.18594613618951,
            38.89056475050128
          ],
          [
            -77.18195259429046,
            38.89032899160055
          ],
          [
            -77.17906346398185,
            38.89037908718614
          ]
        ],
        "type": "LineString"
      }
    },
    {
      "type": "Feature",
      "id": "segment-531ffd455edb9f43",
      "properties": {
        "segment_id": "segment-531ffd455edb9f43",
        "fid": 233,
        "name": "Whole displayed feature (FFX portion)",
        "estimate_label": "W&OD: Vienna–Herndon–Loudoun boundary",
        "atlas_area_id": "FFX",
        "geometry_hash": "925361a89707f5fe32a394f54df01cb21b9d411543c4f130c77110da92e90e41",
        "estimate_id": "PSL-20261008-segment-531ffd455edb9f43",
        "start_year": 1912,
        "end_year": 1951,
        "start_earliest_year": 1912,
        "start_latest_year": 1913,
        "end_earliest_year": 1951,
        "end_latest_year": 1951,
        "start_confidence": "medium",
        "end_confidence": "medium",
        "confidence_group": "medium_high",
        "estimate_status": "provisional_not_verified_not_admitted",
        "mixed_subextent": false,
        "has_known_periods": true,
        "citation_review_warning": null,
        "continuous_operation_asserted": false,
        "whole_segment_uniform_lifespan_asserted": false,
        "source_ids": [
          "EST-VA-WOD-NOMINATION",
          "VA-FA-S12",
          "VA-ONTOLOGY-RV-165",
          "VA-ONTOLOGY-RV-166",
          "VA-ONTOLOGY-RV-167",
          "VA-PURCELLVILLE-NRHP2009",
          "VA-WOD-OG193707",
          "VA-WOD-TT19440131",
          "WOD-ERJ-19130322",
          "date-source-274a913a820b21a0",
          "date-source-533c84226d66c7c6"
        ],
        "context_source_ids": [
          "VA-PURCELLVILLE-NRHP2009",
          "VA-WOD-OG193707",
          "WOD-ERJ-19130322"
        ],
        "basis_claim_ids": [],
        "evidence_id": "segment-531ffd455edb9f43",
        "start_estimated_date": null,
        "end_estimated_date": null,
        "start_precision": "year",
        "end_precision": "year",
        "verified_start_date": null,
        "verified_end_date": null,
        "passenger_use_existence": "supported_at_named_corridor_scope",
        "geometry_correspondence": "source_scoped_not_full_segment_proof",
        "uncertainty_reason_group": "ordinary_date_and_scope_uncertainty"
      },
      "geometry": {
        "coordinates": [
          [
            -77.25015652374529,
            38.900047679834685
          ],
          [
            -77.25523220848405,
            38.90132114901683
          ],
          [
            -77.26027569662074,
            38.90247006976404
          ],
          [
            -77.26401728434045,
            38.90438104737689
          ],
          [
            -77.26873230936306,
            38.90832854539586
          ],
          [
            -77.27279864273376,
            38.91201971580986
          ],
          [
            -77.27735240520232,
            38.91583887960941
          ],
          [
            -77.28255852230463,
            38.919786072425765
          ],
          [
            -77.28792741719654,
            38.92398687590711
          ],
          [
            -77.2929714385541,
            38.92742401721806
          ],
          [
            -77.29769144055771,
            38.93035132134324
          ],
          [
            -77.30208633554892,
            38.93226128377613
          ],
          [
            -77.30582992553954,
            38.93302598539316
          ],
          [
            -77.30990074746374,
            38.934045403863834
          ],
          [
            -77.31380756401668,
            38.936336352290006
          ],
          [
            -77.31901607257879,
            38.9398992312955
          ],
          [
            -77.32373779914832,
            38.94346270814495
          ],
          [
            -77.32878490145391,
            38.94689819490179
          ],
          [
            -77.33383387385703,
            38.948425401003504
          ],
          [
            -77.33888182876545,
            38.95020615081709
          ],
          [
            -77.3439300278159,
            38.951987627821566
          ],
          [
            -77.34897949429947,
            38.952242452411916
          ],
          [
            -77.35419047514125,
            38.95376875020281
          ],
          [
            -77.35924043288304,
            38.95529482255712
          ],
          [
            -77.36428950932093,
            38.957202272836646
          ],
          [
            -77.36819898711938,
            38.958728091208314
          ],
          [
            -77.37113120232871,
            38.959872365286934
          ],
          [
            -77.37471511800226,
            38.962033385256134
          ],
          [
            -77.37862584969241,
            38.96495835826874
          ],
          [
            -77.38253690279703,
            38.967883188682926
          ],
          [
            -77.38644819171535,
            38.9706800407896
          ],
          [
            -77.39019710609706,
            38.973223047276775
          ],
          [
            -77.39378276021489,
            38.97601975101747
          ],
          [
            -77.39753253415905,
            38.97894409901231
          ],
          [
            -77.40079373461906,
            38.98174070599642
          ],
          [
            -77.40241364775456,
            38.982809493380174
          ]
        ],
        "type": "LineString"
      }
    },
    {
      "type": "Feature",
      "id": "segment-bf8917385e4d8c02",
      "properties": {
        "segment_id": "segment-bf8917385e4d8c02",
        "fid": 234,
        "name": "Whole displayed feature (ARL portion)",
        "estimate_label": "W&OD Bluemont line: Bluemont Junction–Glencarlyn–Barcroft",
        "atlas_area_id": "ARL",
        "geometry_hash": "cec235538b92ecf25b971e7793a15d9ffd7f0d4a60eaa26e57fc4b5d1c3ee1f7",
        "estimate_id": "PSL-20261008-segment-bf8917385e4d8c02",
        "start_year": 1915,
        "end_year": 1932,
        "start_earliest_year": 1913,
        "start_latest_year": 1918,
        "end_earliest_year": 1932,
        "end_latest_year": 1932,
        "start_confidence": "low",
        "end_confidence": "medium",
        "confidence_group": "low",
        "estimate_status": "provisional_not_verified_not_admitted",
        "mixed_subextent": false,
        "has_known_periods": true,
        "citation_review_warning": null,
        "continuous_operation_asserted": false,
        "whole_segment_uniform_lifespan_asserted": false,
        "source_ids": [
          "EST-VA-WOD-NOMINATION",
          "VA-FA-S12",
          "WOD-ALEX-BLUEMONT-2008",
          "WOD-CFC-19160129",
          "WOD-ERJ-19130322",
          "date-source-274a913a820b21a0",
          "date-source-533c84226d66c7c6"
        ],
        "context_source_ids": [],
        "basis_claim_ids": [],
        "evidence_id": "segment-bf8917385e4d8c02",
        "start_estimated_date": null,
        "end_estimated_date": null,
        "start_precision": "year",
        "end_precision": "year",
        "verified_start_date": null,
        "verified_end_date": null,
        "passenger_use_existence": "inferred_from_corridor_history",
        "geometry_correspondence": "corridor_correspondence_requires_review",
        "uncertainty_reason_group": "ordinary_date_and_scope_uncertainty"
      },
      "geometry": {
        "coordinates": [
          [
            -77.12780605462848,
            38.87030295042325
          ],
          [
            -77.1278794937915,
            38.868765878679895
          ],
          [
            -77.12696534997342,
            38.867755766205875
          ],
          [
            -77.12519039767649,
            38.86679238354559
          ],
          [
            -77.12292722298069,
            38.865395648890924
          ],
          [
            -77.12047872806339,
            38.86414261147799
          ],
          [
            -77.11747742466679,
            38.86288870148982
          ],
          [
            -77.11422960479939,
            38.86177873027232
          ],
          [
            -77.11104109648561,
            38.86100568100698
          ],
          [
            -77.10896069672224,
            38.85994518999635
          ],
          [
            -77.10798729457083,
            38.85869310906708
          ],
          [
            -77.10769006214498,
            38.85734514655289
          ],
          [
            -77.10702627121869,
            38.85570768533455
          ],
          [
            -77.10593207556819,
            38.854117554601594
          ],
          [
            -77.10410185182978,
            38.85238183537459
          ],
          [
            -77.1015964763953,
            38.85059696228519
          ],
          [
            -77.09945631141787,
            38.8492940686904
          ],
          [
            -77.09793064417559,
            38.847894979144634
          ]
        ],
        "type": "LineString"
      }
    },
    {
      "type": "Feature",
      "id": "segment-b5aac1290e923d71",
      "properties": {
        "segment_id": "segment-b5aac1290e923d71",
        "fid": 235,
        "name": "Whole displayed feature (ALX portion)",
        "estimate_label": "W&OD Bluemont line: Barcroft–Four Mile Run–St. Elmo approach",
        "atlas_area_id": "ALX",
        "geometry_hash": "575fcbaa0bf819e2052ef3f54bf4569f8a163652e8a797539517cb4ce817f98a",
        "estimate_id": "PSL-20261008-segment-b5aac1290e923d71",
        "start_year": 1915,
        "end_year": 1932,
        "start_earliest_year": 1913,
        "start_latest_year": 1918,
        "end_earliest_year": 1932,
        "end_latest_year": 1932,
        "start_confidence": "low",
        "end_confidence": "medium",
        "confidence_group": "low",
        "estimate_status": "provisional_not_verified_not_admitted",
        "mixed_subextent": false,
        "has_known_periods": true,
        "citation_review_warning": null,
        "continuous_operation_asserted": false,
        "whole_segment_uniform_lifespan_asserted": false,
        "source_ids": [
          "EST-VA-WOD-NOMINATION",
          "VA-FA-S12",
          "WOD-ALEX-BLUEMONT-2008",
          "WOD-CFC-19160129",
          "WOD-ERJ-19130322",
          "date-source-274a913a820b21a0",
          "date-source-533c84226d66c7c6"
        ],
        "context_source_ids": [],
        "basis_claim_ids": [],
        "evidence_id": "segment-b5aac1290e923d71",
        "start_estimated_date": null,
        "end_estimated_date": null,
        "start_precision": "year",
        "end_precision": "year",
        "verified_start_date": null,
        "verified_end_date": null,
        "passenger_use_existence": "inferred_from_corridor_history",
        "geometry_correspondence": "corridor_correspondence_requires_review",
        "uncertainty_reason_group": "ordinary_date_and_scope_uncertainty"
      },
      "geometry": {
        "coordinates": [
          [
            -77.08571925360827,
            38.843762612576825
          ],
          [
            -77.08359850023626,
            38.843599394677376
          ],
          [
            -77.08004463337147,
            38.84302170070559
          ],
          [
            -77.07655322704862,
            38.84234814174786
          ],
          [
            -77.07318576080456,
            38.84153027061218
          ],
          [
            -77.069883093849,
            38.840133290187104
          ],
          [
            -77.06725454672926,
            38.83878397843213
          ],
          [
            -77.0650550158489,
            38.83743408820639
          ],
          [
            -77.06261077134248,
            38.83598783936423
          ],
          [
            -77.06016668251655,
            38.83449317310497
          ],
          [
            -77.05857944303321,
            38.83319029923321
          ],
          [
            -77.05674740470828,
            38.83179094993581
          ],
          [
            -77.05503755479934,
            38.83043954931971
          ]
        ],
        "type": "LineString"
      }
    },
    {
      "type": "Feature",
      "id": "segment-924f6994506abfbb",
      "properties": {
        "segment_id": "segment-924f6994506abfbb",
        "fid": 236,
        "name": "Whole displayed feature (ARL portion)",
        "estimate_label": "W&OD Bluemont line: Barcroft–Four Mile Run–St. Elmo approach",
        "atlas_area_id": "ARL",
        "geometry_hash": "1a0dd9600861a874988c92231235388c771af47bab032fa3ddde35c3bcf7517c",
        "estimate_id": "PSL-20261008-segment-924f6994506abfbb",
        "start_year": 1915,
        "end_year": 1932,
        "start_earliest_year": 1913,
        "start_latest_year": 1918,
        "end_earliest_year": 1932,
        "end_latest_year": 1932,
        "start_confidence": "low",
        "end_confidence": "medium",
        "confidence_group": "low",
        "estimate_status": "provisional_not_verified_not_admitted",
        "mixed_subextent": false,
        "has_known_periods": true,
        "citation_review_warning": null,
        "continuous_operation_asserted": false,
        "whole_segment_uniform_lifespan_asserted": false,
        "source_ids": [
          "EST-VA-WOD-NOMINATION",
          "VA-FA-S12",
          "WOD-ALEX-BLUEMONT-2008",
          "WOD-CFC-19160129",
          "WOD-ERJ-19130322",
          "date-source-274a913a820b21a0",
          "date-source-533c84226d66c7c6"
        ],
        "context_source_ids": [],
        "basis_claim_ids": [],
        "evidence_id": "segment-924f6994506abfbb",
        "start_estimated_date": null,
        "end_estimated_date": null,
        "start_precision": "year",
        "end_precision": "year",
        "verified_start_date": null,
        "verified_end_date": null,
        "passenger_use_existence": "inferred_from_corridor_history",
        "geometry_correspondence": "corridor_correspondence_requires_review",
        "uncertainty_reason_group": "ordinary_date_and_scope_uncertainty"
      },
      "geometry": {
        "coordinates": [
          [
            -77.09793064417559,
            38.847894979144634
          ],
          [
            -77.09548423200128,
            38.84649517978433
          ],
          [
            -77.09279186092886,
            38.84519173321036
          ],
          [
            -77.09009624096602,
            38.844467434844084
          ],
          [
            -77.08672553961756,
            38.84384005858769
          ],
          [
            -77.08571925360827,
            38.843762612576825
          ]
        ],
        "type": "LineString"
      }
    },
    {
      "type": "Feature",
      "id": "segment-2429c21a50c46540",
      "properties": {
        "segment_id": "segment-2429c21a50c46540",
        "fid": 237,
        "name": "Whole displayed feature (ARL portion)",
        "estimate_label": "Key Bridge electric crossing, M Street to Virginia bridge end",
        "atlas_area_id": "ARL",
        "geometry_hash": "158b28acfca271e606528a1507fccaa8b54d6673b354559f59ea8bb97c1b94e9",
        "estimate_id": "PSL-20261008-segment-2429c21a50c46540",
        "start_year": 1923,
        "end_year": 1956,
        "start_earliest_year": 1923,
        "start_latest_year": 1923,
        "end_earliest_year": 1956,
        "end_latest_year": 1956,
        "start_confidence": "medium",
        "end_confidence": "medium",
        "confidence_group": "medium_high",
        "estimate_status": "provisional_not_verified_not_admitted",
        "mixed_subextent": false,
        "has_known_periods": true,
        "citation_review_warning": null,
        "continuous_operation_asserted": false,
        "whole_segment_uniform_lifespan_asserted": false,
        "source_ids": [
          "DC-LATE-MAP-S03",
          "EAR-S02",
          "EST-VA-KEYBRIDGE-CLOSURE",
          "F3-DC-1942-ITINERARY",
          "G7-S-1942",
          "MD-AUD-CT1942",
          "VA-GF-S08",
          "VA-GF-S09",
          "date-source-c4635dbfe89e82b2",
          "date-source-d8456bfa9fc83da1",
          "date-source-e0f42c5661615f13"
        ],
        "context_source_ids": [
          "DC-LATE-MAP-S03",
          "EAR-S02",
          "EAR-S03",
          "VA-GF-S08",
          "VA-GF-S09",
          "VA-NOVA-SANBORN1936-ROSSLYN-09",
          "VA-REVIEW-ES1922-LOOP"
        ],
        "basis_claim_ids": [],
        "evidence_id": "segment-2429c21a50c46540",
        "start_estimated_date": "1923-12-02",
        "end_estimated_date": null,
        "start_precision": "day",
        "end_precision": "year",
        "verified_start_date": null,
        "verified_end_date": null,
        "passenger_use_existence": "supported_at_named_corridor_scope",
        "geometry_correspondence": "source_scoped_not_full_segment_proof",
        "uncertainty_reason_group": "ordinary_date_and_scope_uncertainty"
      },
      "geometry": {
        "coordinates": [
          [
            -77.07017068533663,
            38.90094461600129
          ],
          [
            -77.0711161752828,
            38.90022903058246
          ]
        ],
        "type": "LineString"
      }
    },
    {
      "type": "Feature",
      "id": "segment-eacc21645129fe2c",
      "properties": {
        "segment_id": "segment-eacc21645129fe2c",
        "fid": 238,
        "name": "Whole displayed feature (DC portion)",
        "estimate_label": "Key Bridge electric crossing, M Street to Virginia bridge end",
        "atlas_area_id": "DC",
        "geometry_hash": "727e1a6730b01b22bd2b7524db673864a3f7ff6f9e20dd74e015bbb5125c72b3",
        "estimate_id": "PSL-20261008-segment-eacc21645129fe2c",
        "start_year": 1923,
        "end_year": 1956,
        "start_earliest_year": 1923,
        "start_latest_year": 1923,
        "end_earliest_year": 1956,
        "end_latest_year": 1956,
        "start_confidence": "medium",
        "end_confidence": "medium",
        "confidence_group": "medium_high",
        "estimate_status": "provisional_not_verified_not_admitted",
        "mixed_subextent": false,
        "has_known_periods": true,
        "citation_review_warning": null,
        "continuous_operation_asserted": false,
        "whole_segment_uniform_lifespan_asserted": false,
        "source_ids": [
          "DC-LATE-MAP-S03",
          "EAR-S02",
          "EST-VA-KEYBRIDGE-CLOSURE",
          "F3-DC-1942-ITINERARY",
          "G7-S-1942",
          "MD-AUD-CT1942",
          "VA-GF-S08",
          "VA-GF-S09",
          "date-source-c4635dbfe89e82b2",
          "date-source-d8456bfa9fc83da1",
          "date-source-e0f42c5661615f13"
        ],
        "context_source_ids": [
          "DC-LATE-MAP-S03",
          "EAR-S02",
          "EAR-S03",
          "VA-GF-S08",
          "VA-GF-S09",
          "VA-NOVA-SANBORN1936-ROSSLYN-09",
          "VA-REVIEW-ES1922-LOOP"
        ],
        "basis_claim_ids": [],
        "evidence_id": "segment-eacc21645129fe2c",
        "start_estimated_date": "1923-12-02",
        "end_estimated_date": null,
        "start_precision": "day",
        "end_precision": "year",
        "verified_start_date": null,
        "verified_end_date": null,
        "passenger_use_existence": "supported_at_named_corridor_scope",
        "geometry_correspondence": "source_scoped_not_full_segment_proof",
        "uncertainty_reason_group": "ordinary_date_and_scope_uncertainty"
      },
      "geometry": {
        "coordinates": [
          [
            -77.06863449649876,
            38.90505861122023
          ],
          [
            -77.06866770099161,
            38.90478158928205
          ],
          [
            -77.06875159573418,
            38.90426950906061
          ],
          [
            -77.06910319089556,
            38.90304270765977
          ],
          [
            -77.06948484199044,
            38.901664271661794
          ],
          [
            -77.06962229660178,
            38.901359659
          ],
          [
            -77.07017068533663,
            38.90094461600129
          ]
        ],
        "type": "LineString"
      }
    },
    {
      "type": "Feature",
      "id": "segment-4eca8560eb492097",
      "properties": {
        "segment_id": "segment-4eca8560eb492097",
        "fid": 239,
        "name": "Whole displayed feature (ARL portion)",
        "estimate_label": "Rosslyn original terminal turnback estimate within 1936 footprint",
        "atlas_area_id": "ARL",
        "geometry_hash": "92e4d13fe727735effb97f901f940947486011a558c406ba8185d7b584050abe",
        "estimate_id": "PSL-20261008-segment-4eca8560eb492097",
        "start_year": 1923,
        "end_year": 1939,
        "start_earliest_year": 1923,
        "start_latest_year": 1924,
        "end_earliest_year": 1936,
        "end_latest_year": 1940,
        "start_confidence": "low",
        "end_confidence": "low",
        "confidence_group": "low",
        "estimate_status": "provisional_not_verified_not_admitted",
        "mixed_subextent": false,
        "has_known_periods": true,
        "citation_review_warning": null,
        "continuous_operation_asserted": false,
        "whole_segment_uniform_lifespan_asserted": false,
        "source_ids": [
          "EAR-S02",
          "EST-VA-ROSSLYN-REBUILD",
          "EST-VA-WASHINGTONARLINGTON-EARLY",
          "VA-FA-S12",
          "VA-GF-S08",
          "VA-GF-S09",
          "VA-NOVA-SANBORN1936-ROSSLYN-09",
          "VA2-SANBORN-ARL1936",
          "VAPHY-LEADS",
          "date-source-c4635dbfe89e82b2",
          "date-source-d8456bfa9fc83da1",
          "date-source-e0f42c5661615f13"
        ],
        "context_source_ids": [
          "EAR-S02",
          "EAR-S03",
          "VA-GF-S08",
          "VA-GF-S09",
          "VA-NOVA-SANBORN1936-ROSSLYN-09",
          "VA-REVIEW-ES1922-LOOP"
        ],
        "basis_claim_ids": [],
        "evidence_id": "segment-4eca8560eb492097",
        "start_estimated_date": null,
        "end_estimated_date": null,
        "start_precision": "year",
        "end_precision": "year",
        "verified_start_date": null,
        "verified_end_date": null,
        "passenger_use_existence": "supported_at_named_corridor_scope",
        "geometry_correspondence": "source_scoped_not_full_segment_proof",
        "uncertainty_reason_group": "ordinary_date_and_scope_uncertainty"
      },
      "geometry": {
        "coordinates": [
          [
            -77.0711161752828,
            38.90022903058246
          ],
          [
            -77.07119387150126,
            38.900148535723616
          ],
          [
            -77.07131300815055,
            38.90000922621698
          ],
          [
            -77.0714552609391,
            38.89984107261409
          ],
          [
            -77.0715805960159,
            38.899682845080704
          ],
          [
            -77.0715945192016,
            38.89961348677873
          ],
          [
            -77.07156665494264,
            38.89951968308231
          ],
          [
            -77.07151138180437,
            38.899404813992
          ],
          [
            -77.07148335098343,
            38.899327271168886
          ],
          [
            -77.07144992903002,
            38.89930694959678
          ],
          [
            -77.07141263045453,
            38.89931328305704
          ],
          [
            -77.0712687720722,
            38.89940387309702
          ],
          [
            -77.07107300068198,
            38.8995203728078
          ],
          [
            -77.07103282950358,
            38.89957253420229
          ],
          [
            -77.07103549898419,
            38.8996635315848
          ],
          [
            -77.0710618609053,
            38.89990368354388
          ],
          [
            -77.07108932555644,
            38.90015344326175
          ],
          [
            -77.0711161752828,
            38.90022903058246
          ]
        ],
        "type": "LineString"
      }
    },
    {
      "type": "Feature",
      "id": "segment-59e49f23c6ec2b4b",
      "properties": {
        "segment_id": "segment-59e49f23c6ec2b4b",
        "fid": 240,
        "name": "Whole displayed cartographic access representative; association only, not an independently proven physical segment (ARL portion)",
        "estimate_label": "Rosslyn W&OD later terminal: cartographic access representative",
        "atlas_area_id": "ARL",
        "geometry_hash": "823b62b8626e7bd8813c47a89c78844861e206b6dd794d30d3b5d8e8147f9498",
        "estimate_id": "PSL-20261008-segment-59e49f23c6ec2b4b",
        "start_year": 1923,
        "end_year": 1939,
        "start_earliest_year": 1923,
        "start_latest_year": 1936,
        "end_earliest_year": 1937,
        "end_latest_year": 1940,
        "start_confidence": "very_low",
        "end_confidence": "low",
        "confidence_group": "very_low",
        "estimate_status": "provisional_not_verified_not_admitted",
        "mixed_subextent": false,
        "has_known_periods": true,
        "citation_review_warning": null,
        "continuous_operation_asserted": false,
        "whole_segment_uniform_lifespan_asserted": false,
        "source_ids": [
          "EAR-S02",
          "VA-FA-S12",
          "VA-GF-S08",
          "VA-GF-S09",
          "VA-NOVA-SANBORN1936-ROSSLYN-09",
          "VA-ONTOLOGY-RV-165",
          "VA-ONTOLOGY-RV-166",
          "VA-ONTOLOGY-RV-167",
          "VA-WOD-OG193707",
          "VA2-SANBORN-ARL1936",
          "date-source-c4635dbfe89e82b2",
          "date-source-d8456bfa9fc83da1",
          "date-source-e0f42c5661615f13"
        ],
        "context_source_ids": [
          "VA-NOVA-SANBORN1936-ROSSLYN-09",
          "VA-ONTOLOGY-RV-165",
          "VA-ONTOLOGY-RV-166",
          "VA-ONTOLOGY-RV-167"
        ],
        "basis_claim_ids": [],
        "evidence_id": "segment-59e49f23c6ec2b4b",
        "start_estimated_date": null,
        "end_estimated_date": null,
        "start_precision": "year",
        "end_precision": "year",
        "verified_start_date": null,
        "verified_end_date": null,
        "passenger_use_existence": "corridor_passenger_use_supported_specific_drawing_unresolved",
        "geometry_correspondence": "hypothetical_or_unregistered_specific_geometry",
        "uncertainty_reason_group": "specific_geometry_correspondence"
      },
      "geometry": {
        "coordinates": [
          [
            -77.07257272308384,
            38.89834756685359
          ],
          [
            -77.07257422772786,
            38.89841462984155
          ],
          [
            -77.07257475868762,
            38.89847885523827
          ],
          [
            -77.07257431596007,
            38.89854024304393
          ],
          [
            -77.07257289954241,
            38.8985987932587
          ],
          [
            -77.07257050943211,
            38.898654505882654
          ],
          [
            -77.07256714562686,
            38.89870738091588
          ],
          [
            -77.07256280812462,
            38.89875741835839
          ],
          [
            -77.07255749692357,
            38.898804618210235
          ],
          [
            -77.07255121202215,
            38.898848980471335
          ],
          [
            -77.07254395341904,
            38.89889050514165
          ],
          [
            -77.07253572111321,
            38.89892919222107
          ],
          [
            -77.07252651510382,
            38.898965041709445
          ],
          [
            -77.07251633539028,
            38.89899805360662
          ],
          [
            -77.07250518197228,
            38.89902822791239
          ],
          [
            -77.07249305484974,
            38.899055564626494
          ],
          [
            -77.07247995402284,
            38.899080063748684
          ],
          [
            -77.07246587949199,
            38.89910172527863
          ],
          [
            -77.07245083125783,
            38.89912054921601
          ],
          [
            -77.0724348093213,
            38.8991365355604
          ],
          [
            -77.07241781368353,
            38.89914968431141
          ],
          [
            -77.07239984434594,
            38.899159995468644
          ],
          [
            -77.07238090131017,
            38.89916746903154
          ],
          [
            -77.07236098457811,
            38.899172104999614
          ],
          [
            -77.07234009415193,
            38.8991739033723
          ]
        ],
        "type": "LineString"
      }
    },
    {
      "type": "Feature",
      "id": "segment-d392306bde2836fc",
      "properties": {
        "segment_id": "segment-d392306bde2836fc",
        "fid": 241,
        "name": "Whole displayed feature (ARL portion)",
        "estimate_label": "W&OD 1936 Rosslyn electric passenger-terminal throat",
        "atlas_area_id": "ARL",
        "geometry_hash": "3c910a6d9ec0c199d37a9effdfd168af0a6aa4c849a4afe760fc7b32ed525d5e",
        "estimate_id": "PSL-20261008-segment-d392306bde2836fc",
        "start_year": 1923,
        "end_year": 1939,
        "start_earliest_year": 1923,
        "start_latest_year": 1936,
        "end_earliest_year": 1937,
        "end_latest_year": 1940,
        "start_confidence": "very_low",
        "end_confidence": "low",
        "confidence_group": "very_low",
        "estimate_status": "provisional_not_verified_not_admitted",
        "mixed_subextent": false,
        "has_known_periods": true,
        "citation_review_warning": null,
        "continuous_operation_asserted": false,
        "whole_segment_uniform_lifespan_asserted": false,
        "source_ids": [
          "EAR-S02",
          "VA-FA-S12",
          "VA-GF-S08",
          "VA-GF-S09",
          "VA-NOVA-SANBORN1936-ROSSLYN-09",
          "VA-ONTOLOGY-RV-165",
          "VA-ONTOLOGY-RV-166",
          "VA-ONTOLOGY-RV-167",
          "VA-WOD-OG193707",
          "VA2-SANBORN-ARL1936",
          "date-source-c4635dbfe89e82b2",
          "date-source-d8456bfa9fc83da1",
          "date-source-e0f42c5661615f13"
        ],
        "context_source_ids": [
          "VA-NOVA-SANBORN1936-ROSSLYN-09",
          "VA-ONTOLOGY-RV-165",
          "VA-ONTOLOGY-RV-166",
          "VA-ONTOLOGY-RV-167"
        ],
        "basis_claim_ids": [],
        "evidence_id": "segment-d392306bde2836fc",
        "start_estimated_date": null,
        "end_estimated_date": null,
        "start_precision": "year",
        "end_precision": "year",
        "verified_start_date": null,
        "verified_end_date": null,
        "passenger_use_existence": "supported_at_named_corridor_scope",
        "geometry_correspondence": "source_scoped_not_full_segment_proof",
        "uncertainty_reason_group": "date_or_course_attribution_only"
      },
      "geometry": {
        "coordinates": [
          [
            -77.07234009415193,
            38.8991739033723
          ],
          [
            -77.07223197722027,
            38.899175814732466
          ],
          [
            -77.07213575892764,
            38.899188673075635
          ],
          [
            -77.07205745227266,
            38.899211734575026
          ],
          [
            -77.07199100499105,
            38.89924956921514
          ],
          [
            -77.0719423908922,
            38.89930525925907
          ],
          [
            -77.07191651062007,
            38.89936940963214
          ],
          [
            -77.07191428056808,
            38.89946980206326
          ],
          [
            -77.07191665705183,
            38.899589495100194
          ],
          [
            -77.07191337340844,
            38.8996754971418
          ],
          [
            -77.0718972747047,
            38.89972277036456
          ],
          [
            -77.0718679491567,
            38.89977148874882
          ],
          [
            -77.0718191679377,
            38.8998434396478
          ],
          [
            -77.07175814470165,
            38.899937921731855
          ],
          [
            -77.07169468076113,
            38.90003614480764
          ]
        ],
        "type": "LineString"
      }
    },
    {
      "type": "Feature",
      "id": "segment-978e2bad2d50926b",
      "properties": {
        "segment_id": "segment-978e2bad2d50926b",
        "fid": 242,
        "name": "Whole displayed feature (ALX portion)",
        "estimate_label": "King: Commonwealth–Peyton",
        "atlas_area_id": "ALX",
        "geometry_hash": "91baceed578393528d6c1862a4e389d02215d0814d0e2fed06c27a222c0bbee7",
        "estimate_id": "PSL-20261008-segment-978e2bad2d50926b",
        "start_year": 1896,
        "end_year": 1932,
        "start_earliest_year": 1892,
        "start_latest_year": 1902,
        "end_earliest_year": 1930,
        "end_latest_year": 1932,
        "start_confidence": "low",
        "end_confidence": "medium",
        "confidence_group": "low",
        "estimate_status": "provisional_not_verified_not_admitted",
        "mixed_subextent": false,
        "has_known_periods": true,
        "citation_review_warning": null,
        "continuous_operation_asserted": false,
        "whole_segment_uniform_lifespan_asserted": false,
        "source_ids": [
          "GAP-SRC-ALEX2021",
          "VA-AM-S03",
          "VA-AM-S05",
          "VA-AM-S08",
          "date-source-d4751367b36408e5"
        ],
        "context_source_ids": [
          "GAP-SRC-ALEX2021"
        ],
        "basis_claim_ids": [],
        "evidence_id": "segment-978e2bad2d50926b",
        "start_estimated_date": null,
        "end_estimated_date": null,
        "start_precision": "year",
        "end_precision": "year",
        "verified_start_date": null,
        "verified_end_date": null,
        "passenger_use_existence": "supported_at_named_corridor_scope",
        "geometry_correspondence": "source_scoped_not_full_segment_proof",
        "uncertainty_reason_group": "ordinary_date_and_scope_uncertainty"
      },
      "geometry": {
        "coordinates": [
          [
            -77.05835642540292,
            38.806520937600254
          ],
          [
            -77.057286,
            38.806382
          ],
          [
            -77.056036,
            38.806225
          ],
          [
            -77.0557,
            38.806181
          ]
        ],
        "type": "LineString"
      }
    },
    {
      "type": "Feature",
      "id": "segment-812f65dee040f814",
      "properties": {
        "segment_id": "segment-812f65dee040f814",
        "fid": 243,
        "name": "Whole displayed feature (ALX portion)",
        "estimate_label": "King: Peyton–Columbus",
        "atlas_area_id": "ALX",
        "geometry_hash": "f5201f9efdd6bad0375bcce6b973a5b42203fc50adb73059b476cc6ca1a85735",
        "estimate_id": "PSL-20261008-segment-812f65dee040f814",
        "start_year": 1873,
        "end_year": 1932,
        "start_earliest_year": 1873,
        "start_latest_year": 1896,
        "end_earliest_year": 1930,
        "end_latest_year": 1932,
        "start_confidence": "low",
        "end_confidence": "medium",
        "confidence_group": "low",
        "estimate_status": "provisional_not_verified_not_admitted",
        "mixed_subextent": false,
        "has_known_periods": true,
        "citation_review_warning": null,
        "continuous_operation_asserted": false,
        "whole_segment_uniform_lifespan_asserted": false,
        "source_ids": [
          "ALEX-CITY-HORSECAR",
          "ALEX-DECADES",
          "ALEX-HORSECAR2020",
          "GAP-SRC-ALEX2021",
          "VA-AM-S01",
          "VA-AM-S08"
        ],
        "context_source_ids": [
          "GAP-SRC-ALEX2021"
        ],
        "basis_claim_ids": [],
        "evidence_id": "segment-812f65dee040f814",
        "start_estimated_date": null,
        "end_estimated_date": null,
        "start_precision": "year",
        "end_precision": "year",
        "verified_start_date": null,
        "verified_end_date": null,
        "passenger_use_existence": "supported_at_named_corridor_scope",
        "geometry_correspondence": "source_scoped_not_full_segment_proof",
        "uncertainty_reason_group": "ordinary_date_and_scope_uncertainty"
      },
      "geometry": {
        "coordinates": [
          [
            -77.0557,
            38.806181
          ],
          [
            -77.054633,
            38.80604
          ],
          [
            -77.053554,
            38.805902
          ],
          [
            -77.052452,
            38.805765
          ],
          [
            -77.05137,
            38.805625
          ],
          [
            -77.050288,
            38.805482
          ],
          [
            -77.0492,
            38.805348
          ],
          [
            -77.048118,
            38.805203
          ]
        ],
        "type": "LineString"
      }
    },
    {
      "type": "Feature",
      "id": "segment-8eb0a382bf593d6f",
      "properties": {
        "segment_id": "segment-8eb0a382bf593d6f",
        "fid": 244,
        "name": "Whole displayed feature (ALX portion)",
        "estimate_label": "King: Columbus–Royal",
        "atlas_area_id": "ALX",
        "geometry_hash": "cc8bcff986de26e3403aef8b107e97f3356544fb47932c0afc8f7a0863d4571c",
        "estimate_id": "PSL-20261008-segment-8eb0a382bf593d6f",
        "start_year": 1873,
        "end_year": 1932,
        "start_earliest_year": 1873,
        "start_latest_year": 1896,
        "end_earliest_year": 1930,
        "end_latest_year": 1932,
        "start_confidence": "low",
        "end_confidence": "medium",
        "confidence_group": "low",
        "estimate_status": "provisional_not_verified_not_admitted",
        "mixed_subextent": false,
        "has_known_periods": true,
        "citation_review_warning": null,
        "continuous_operation_asserted": false,
        "whole_segment_uniform_lifespan_asserted": false,
        "source_ids": [
          "ALEX-CITY-HORSECAR",
          "ALEX-DECADES",
          "ALEX-HORSECAR2020",
          "GAP-SRC-ALEX2021",
          "VA-AM-S01",
          "VA-AM-S08"
        ],
        "context_source_ids": [
          "GAP-SRC-ALEX2021"
        ],
        "basis_claim_ids": [],
        "evidence_id": "segment-8eb0a382bf593d6f",
        "start_estimated_date": null,
        "end_estimated_date": null,
        "start_precision": "year",
        "end_precision": "year",
        "verified_start_date": null,
        "verified_end_date": null,
        "passenger_use_existence": "supported_at_named_corridor_scope",
        "geometry_correspondence": "source_scoped_not_full_segment_proof",
        "uncertainty_reason_group": "ordinary_date_and_scope_uncertainty"
      },
      "geometry": {
        "coordinates": [
          [
            -77.048118,
            38.805203
          ],
          [
            -77.046966,
            38.805056
          ],
          [
            -77.04642,
            38.804988
          ],
          [
            -77.045825,
            38.804914
          ],
          [
            -77.044751,
            38.804773
          ],
          [
            -77.043624,
            38.80463
          ]
        ],
        "type": "LineString"
      }
    },
    {
      "type": "Feature",
      "id": "segment-30d15661f3ae19e8",
      "properties": {
        "segment_id": "segment-30d15661f3ae19e8",
        "fid": 245,
        "name": "Whole displayed feature (ALX portion)",
        "estimate_label": "King: Royal–Fairfax",
        "atlas_area_id": "ALX",
        "geometry_hash": "c928f9e9b322d5a8d100bd7de7ea946acd8a65dac65586638109bf5f5d9f41f1",
        "estimate_id": "PSL-20261008-segment-30d15661f3ae19e8",
        "start_year": 1873,
        "end_year": 1932,
        "start_earliest_year": 1873,
        "start_latest_year": 1892,
        "end_earliest_year": 1910,
        "end_latest_year": 1932,
        "start_confidence": "low",
        "end_confidence": "low",
        "confidence_group": "low",
        "estimate_status": "provisional_not_verified_not_admitted",
        "mixed_subextent": false,
        "has_known_periods": true,
        "citation_review_warning": null,
        "continuous_operation_asserted": false,
        "whole_segment_uniform_lifespan_asserted": false,
        "source_ids": [
          "ALEX-CITY-HORSECAR",
          "ALEX-DECADES",
          "ALEX-HORSECAR2020",
          "GAP-SRC-ALEX2021",
          "VA-AM-S01",
          "VA-AM-S08"
        ],
        "context_source_ids": [],
        "basis_claim_ids": [],
        "evidence_id": "segment-30d15661f3ae19e8",
        "start_estimated_date": null,
        "end_estimated_date": null,
        "start_precision": "year",
        "end_precision": "year",
        "verified_start_date": null,
        "verified_end_date": null,
        "passenger_use_existence": "inferred_from_corridor_history",
        "geometry_correspondence": "corridor_correspondence_requires_review",
        "uncertainty_reason_group": "ordinary_date_and_scope_uncertainty"
      },
      "geometry": {
        "coordinates": [
          [
            -77.043624,
            38.80463
          ],
          [
            -77.042545,
            38.804505
          ]
        ],
        "type": "LineString"
      }
    },
    {
      "type": "Feature",
      "id": "segment-14263bf5d7195b3c",
      "properties": {
        "segment_id": "segment-14263bf5d7195b3c",
        "fid": 246,
        "name": "Whole displayed feature (ALX portion)",
        "estimate_label": "King: Fairfax–Union",
        "atlas_area_id": "ALX",
        "geometry_hash": "8fd09d503e034afd2b8206dcfc01e45e4ecf90efad7b883279d2db750ff5920d",
        "estimate_id": "PSL-20261008-segment-14263bf5d7195b3c",
        "start_year": 1873,
        "end_year": 1910,
        "start_earliest_year": 1873,
        "start_latest_year": 1892,
        "end_earliest_year": 1900,
        "end_latest_year": 1910,
        "start_confidence": "low",
        "end_confidence": "low",
        "confidence_group": "low",
        "estimate_status": "provisional_not_verified_not_admitted",
        "mixed_subextent": false,
        "has_known_periods": true,
        "citation_review_warning": null,
        "continuous_operation_asserted": false,
        "whole_segment_uniform_lifespan_asserted": false,
        "source_ids": [
          "ALEX-CITY-HORSECAR",
          "ALEX-DECADES",
          "ALEX-HORSECAR2020",
          "GAP-SRC-ALEX2021",
          "VA-AM-S01",
          "VA-AM-S08"
        ],
        "context_source_ids": [],
        "basis_claim_ids": [],
        "evidence_id": "segment-14263bf5d7195b3c",
        "start_estimated_date": null,
        "end_estimated_date": null,
        "start_precision": "year",
        "end_precision": "year",
        "verified_start_date": null,
        "verified_end_date": null,
        "passenger_use_existence": "inferred_from_corridor_history",
        "geometry_correspondence": "corridor_correspondence_requires_review",
        "uncertainty_reason_group": "ordinary_date_and_scope_uncertainty"
      },
      "geometry": {
        "coordinates": [
          [
            -77.042545,
            38.804505
          ],
          [
            -77.041481,
            38.804378
          ],
          [
            -77.040266,
            38.804231
          ]
        ],
        "type": "LineString"
      }
    },
    {
      "type": "Feature",
      "id": "segment-37365c1f47027af7",
      "properties": {
        "segment_id": "segment-37365c1f47027af7",
        "fid": 247,
        "name": "Whole displayed feature (ALX portion)",
        "estimate_label": "King: Union–historic wharf approach",
        "atlas_area_id": "ALX",
        "geometry_hash": "7ab62de51f490491dc53a9df16c11b5b2073d1d392068c45d76ecbc1884709e3",
        "estimate_id": "PSL-20261008-segment-37365c1f47027af7",
        "start_year": 1873,
        "end_year": 1910,
        "start_earliest_year": 1873,
        "start_latest_year": 1892,
        "end_earliest_year": 1900,
        "end_latest_year": 1910,
        "start_confidence": "low",
        "end_confidence": "low",
        "confidence_group": "low",
        "estimate_status": "provisional_not_verified_not_admitted",
        "mixed_subextent": false,
        "has_known_periods": true,
        "citation_review_warning": null,
        "continuous_operation_asserted": false,
        "whole_segment_uniform_lifespan_asserted": false,
        "source_ids": [
          "ALEX-CITY-HORSECAR",
          "ALEX-DECADES",
          "ALEX-HORSECAR2020",
          "GAP-SRC-ALEX2021",
          "VA-AM-S01",
          "VA-AM-S08"
        ],
        "context_source_ids": [],
        "basis_claim_ids": [],
        "evidence_id": "segment-37365c1f47027af7",
        "start_estimated_date": null,
        "end_estimated_date": null,
        "start_precision": "year",
        "end_precision": "year",
        "verified_start_date": null,
        "verified_end_date": null,
        "passenger_use_existence": "inferred_from_corridor_history",
        "geometry_correspondence": "corridor_correspondence_requires_review",
        "uncertainty_reason_group": "ordinary_date_and_scope_uncertainty"
      },
      "geometry": {
        "coordinates": [
          [
            -77.040266,
            38.804231
          ],
          [
            -77.03991647873585,
            38.804188834161366
          ]
        ],
        "type": "LineString"
      }
    },
    {
      "type": "Feature",
      "id": "segment-5708bdcca47151b5",
      "properties": {
        "segment_id": "segment-5708bdcca47151b5",
        "fid": 248,
        "name": "Whole displayed feature (ALX portion)",
        "estimate_label": "Royal: King–Prince",
        "atlas_area_id": "ALX",
        "geometry_hash": "36401134a921036491c8c54cec656d1e2fcdff842aa68f3cffa99a16fd406036",
        "estimate_id": "PSL-20261008-segment-5708bdcca47151b5",
        "start_year": 1896,
        "end_year": 1932,
        "start_earliest_year": 1895,
        "start_latest_year": 1910,
        "end_earliest_year": 1930,
        "end_latest_year": 1932,
        "start_confidence": "low",
        "end_confidence": "medium",
        "confidence_group": "low",
        "estimate_status": "provisional_not_verified_not_admitted",
        "mixed_subextent": false,
        "has_known_periods": true,
        "citation_review_warning": null,
        "continuous_operation_asserted": false,
        "whole_segment_uniform_lifespan_asserted": false,
        "source_ids": [
          "ALEX-FAIRFAX1895",
          "GAP-SRC-ALEX2021",
          "VA-AG-TT19100501",
          "VA-AM-S08"
        ],
        "context_source_ids": [
          "GAP-SRC-ALEX2021"
        ],
        "basis_claim_ids": [],
        "evidence_id": "segment-5708bdcca47151b5",
        "start_estimated_date": null,
        "end_estimated_date": null,
        "start_precision": "year",
        "end_precision": "year",
        "verified_start_date": null,
        "verified_end_date": null,
        "passenger_use_existence": "supported_at_named_corridor_scope",
        "geometry_correspondence": "source_scoped_not_full_segment_proof",
        "uncertainty_reason_group": "ordinary_date_and_scope_uncertainty"
      },
      "geometry": {
        "coordinates": [
          [
            -77.043624,
            38.80463
          ],
          [
            -77.043874,
            38.803507
          ]
        ],
        "type": "LineString"
      }
    },
    {
      "type": "Feature",
      "id": "segment-d43d64be56205990",
      "properties": {
        "segment_id": "segment-d43d64be56205990",
        "fid": 249,
        "name": "Whole displayed feature (ALX portion)",
        "estimate_label": "Royal: Prince–Franklin",
        "atlas_area_id": "ALX",
        "geometry_hash": "29f5a5c06f34fa5d986c407bd1dee0a2b19126757088f9a8110c29ff77a9cebb",
        "estimate_id": "PSL-20261008-segment-d43d64be56205990",
        "start_year": 1896,
        "end_year": 1930,
        "start_earliest_year": 1895,
        "start_latest_year": 1910,
        "end_earliest_year": 1929,
        "end_latest_year": 1932,
        "start_confidence": "low",
        "end_confidence": "low",
        "confidence_group": "low",
        "estimate_status": "provisional_not_verified_not_admitted",
        "mixed_subextent": false,
        "has_known_periods": true,
        "citation_review_warning": null,
        "continuous_operation_asserted": false,
        "whole_segment_uniform_lifespan_asserted": false,
        "source_ids": [
          "ALEX-FAIRFAX1895",
          "GAP-SRC-ALEX2021",
          "VA-AG-TT19100501",
          "VA-AM-S08"
        ],
        "context_source_ids": [
          "GAP-SRC-ALEX2021"
        ],
        "basis_claim_ids": [],
        "evidence_id": "segment-d43d64be56205990",
        "start_estimated_date": null,
        "end_estimated_date": null,
        "start_precision": "year",
        "end_precision": "year",
        "verified_start_date": null,
        "verified_end_date": null,
        "passenger_use_existence": "supported_at_named_corridor_scope",
        "geometry_correspondence": "source_scoped_not_full_segment_proof",
        "uncertainty_reason_group": "ordinary_date_and_scope_uncertainty"
      },
      "geometry": {
        "coordinates": [
          [
            -77.043874,
            38.803507
          ],
          [
            -77.044115,
            38.802362
          ],
          [
            -77.044359,
            38.801221
          ],
          [
            -77.044607,
            38.800083
          ],
          [
            -77.044848,
            38.798945
          ],
          [
            -77.045096,
            38.797766
          ]
        ],
        "type": "LineString"
      }
    },
    {
      "type": "Feature",
      "id": "segment-3eefbd5faba67970",
      "properties": {
        "segment_id": "segment-3eefbd5faba67970",
        "fid": 250,
        "name": "Whole displayed feature (ALX portion)",
        "estimate_label": "Columbus: King–Cameron",
        "atlas_area_id": "ALX",
        "geometry_hash": "3d7f231e156a7ebba8fe6f9b98dde3c55e65bef6d5da614665c5be8a68a57a29",
        "estimate_id": "PSL-20261008-segment-3eefbd5faba67970",
        "start_year": 1892,
        "end_year": 1932,
        "start_earliest_year": 1892,
        "start_latest_year": 1896,
        "end_earliest_year": 1930,
        "end_latest_year": 1932,
        "start_confidence": "medium",
        "end_confidence": "medium",
        "confidence_group": "medium_high",
        "estimate_status": "provisional_not_verified_not_admitted",
        "mixed_subextent": false,
        "has_known_periods": true,
        "citation_review_warning": null,
        "continuous_operation_asserted": false,
        "whole_segment_uniform_lifespan_asserted": false,
        "source_ids": [
          "GAP-SRC-ALEX2021",
          "VA-AM-S01",
          "VA-AM-S08"
        ],
        "context_source_ids": [
          "GAP-SRC-ALEX2021"
        ],
        "basis_claim_ids": [],
        "evidence_id": "segment-3eefbd5faba67970",
        "start_estimated_date": null,
        "end_estimated_date": null,
        "start_precision": "year",
        "end_precision": "year",
        "verified_start_date": null,
        "verified_end_date": null,
        "passenger_use_existence": "supported_at_named_corridor_scope",
        "geometry_correspondence": "source_scoped_not_full_segment_proof",
        "uncertainty_reason_group": "ordinary_date_and_scope_uncertainty"
      },
      "geometry": {
        "coordinates": [
          [
            -77.048118,
            38.805203
          ],
          [
            -77.047867,
            38.806342
          ]
        ],
        "type": "LineString"
      }
    },
    {
      "type": "Feature",
      "id": "segment-23fa4a3e4de5bf8f",
      "properties": {
        "segment_id": "segment-23fa4a3e4de5bf8f",
        "fid": 251,
        "name": "Whole displayed feature (ALX portion)",
        "estimate_label": "Cameron: Columbus–Payne",
        "atlas_area_id": "ALX",
        "geometry_hash": "b67c8c3fc1ebc59b45993ac27ea6bd274057b2e51d9810a89a0fc6e5a98bff80",
        "estimate_id": "PSL-20261008-segment-23fa4a3e4de5bf8f",
        "start_year": 1892,
        "end_year": 1932,
        "start_earliest_year": 1892,
        "start_latest_year": 1896,
        "end_earliest_year": 1930,
        "end_latest_year": 1932,
        "start_confidence": "medium",
        "end_confidence": "medium",
        "confidence_group": "medium_high",
        "estimate_status": "provisional_not_verified_not_admitted",
        "mixed_subextent": false,
        "has_known_periods": true,
        "citation_review_warning": null,
        "continuous_operation_asserted": false,
        "whole_segment_uniform_lifespan_asserted": false,
        "source_ids": [
          "GAP-SRC-ALEX2021",
          "VA-AM-S01",
          "VA-AM-S08"
        ],
        "context_source_ids": [
          "GAP-SRC-ALEX2021"
        ],
        "basis_claim_ids": [],
        "evidence_id": "segment-23fa4a3e4de5bf8f",
        "start_estimated_date": null,
        "end_estimated_date": null,
        "start_precision": "year",
        "end_precision": "year",
        "verified_start_date": null,
        "verified_end_date": null,
        "passenger_use_existence": "supported_at_named_corridor_scope",
        "geometry_correspondence": "source_scoped_not_full_segment_proof",
        "uncertainty_reason_group": "ordinary_date_and_scope_uncertainty"
      },
      "geometry": {
        "coordinates": [
          [
            -77.047867,
            38.806342
          ],
          [
            -77.048949,
            38.806483
          ],
          [
            -77.050041,
            38.806618
          ],
          [
            -77.051133,
            38.806759
          ],
          [
            -77.052208,
            38.806901
          ],
          [
            -77.053293,
            38.807037
          ]
        ],
        "type": "LineString"
      }
    },
    {
      "type": "Feature",
      "id": "segment-ce2b62898997ce50",
      "properties": {
        "segment_id": "segment-ce2b62898997ce50",
        "fid": 252,
        "name": "Whole displayed feature (ALX portion)",
        "estimate_label": "Alexandria: inferred Cameron west continuation",
        "atlas_area_id": "ALX",
        "geometry_hash": "6b1c782d4ba133062f53abbac75ed848ddb68e1bd1f831a49e95ca1d4525350c",
        "estimate_id": "PSL-20261008-segment-ce2b62898997ce50",
        "start_year": 1900,
        "end_year": 1932,
        "start_earliest_year": 1892,
        "start_latest_year": 1920,
        "end_earliest_year": 1910,
        "end_latest_year": 1932,
        "start_confidence": "very_low",
        "end_confidence": "very_low",
        "confidence_group": "very_low",
        "estimate_status": "provisional_not_verified_not_admitted",
        "mixed_subextent": false,
        "has_known_periods": true,
        "citation_review_warning": null,
        "continuous_operation_asserted": false,
        "whole_segment_uniform_lifespan_asserted": false,
        "source_ids": [
          "GAP-SRC-ALEX2021",
          "VA-AM-S01",
          "VA-AM-S08"
        ],
        "context_source_ids": [],
        "basis_claim_ids": [],
        "evidence_id": "segment-ce2b62898997ce50",
        "start_estimated_date": null,
        "end_estimated_date": null,
        "start_precision": "year",
        "end_precision": "year",
        "verified_start_date": null,
        "verified_end_date": null,
        "passenger_use_existence": "corridor_passenger_use_supported_specific_drawing_unresolved",
        "geometry_correspondence": "hypothetical_or_unregistered_specific_geometry",
        "uncertainty_reason_group": "specific_geometry_correspondence"
      },
      "geometry": {
        "coordinates": [
          [
            -77.053293,
            38.807037
          ],
          [
            -77.054382,
            38.807175
          ],
          [
            -77.055453,
            38.80732
          ]
        ],
        "type": "LineString"
      }
    },
    {
      "type": "Feature",
      "id": "segment-18f8ed1a19650ac1",
      "properties": {
        "segment_id": "segment-18f8ed1a19650ac1",
        "fid": 253,
        "name": "Whole displayed feature (ALX portion)",
        "estimate_label": "Alexandria: inferred private King–Cameron return",
        "atlas_area_id": "ALX",
        "geometry_hash": "923d62f77bdd63e90a60966d087668faaf63c67316c4a4294aa307e61e736ce6",
        "estimate_id": "PSL-20261008-segment-18f8ed1a19650ac1",
        "start_year": 1900,
        "end_year": 1932,
        "start_earliest_year": 1892,
        "start_latest_year": 1920,
        "end_earliest_year": 1910,
        "end_latest_year": 1932,
        "start_confidence": "very_low",
        "end_confidence": "very_low",
        "confidence_group": "very_low",
        "estimate_status": "provisional_not_verified_not_admitted",
        "mixed_subextent": false,
        "has_known_periods": true,
        "citation_review_warning": null,
        "continuous_operation_asserted": false,
        "whole_segment_uniform_lifespan_asserted": false,
        "source_ids": [
          "GAP-SRC-ALEX2021",
          "VA-AM-S01",
          "VA-AM-S08"
        ],
        "context_source_ids": [],
        "basis_claim_ids": [],
        "evidence_id": "segment-18f8ed1a19650ac1",
        "start_estimated_date": null,
        "end_estimated_date": null,
        "start_precision": "year",
        "end_precision": "year",
        "verified_start_date": null,
        "verified_end_date": null,
        "passenger_use_existence": "corridor_passenger_use_supported_specific_drawing_unresolved",
        "geometry_correspondence": "hypothetical_or_unregistered_specific_geometry",
        "uncertainty_reason_group": "specific_geometry_correspondence"
      },
      "geometry": {
        "coordinates": [
          [
            -77.055453,
            38.80732
          ],
          [
            -77.05557283794364,
            38.80732943545381
          ],
          [
            -77.05568105070752,
            38.80732619934359
          ],
          [
            -77.05577844948401,
            38.80731141182379
          ],
          [
            -77.05586584548203,
            38.80728619304252
          ],
          [
            -77.05594404992411,
            38.80725166314225
          ],
          [
            -77.05601387404364,
            38.80720894226076
          ],
          [
            -77.05607612908258,
            38.80715915053158
          ],
          [
            -77.05613162628927,
            38.807103408084934
          ],
          [
            -77.0561811769165,
            38.80704283504797
          ],
          [
            -77.05622559221996,
            38.806978551545456
          ],
          [
            -77.0562656834568,
            38.80691167770024
          ],
          [
            -77.05630226188462,
            38.8068433336334
          ],
          [
            -77.05633613876051,
            38.80677463946477
          ],
          [
            -77.05636812534058,
            38.80670671531308
          ],
          [
            -77.05639903287951,
            38.80664068129608
          ],
          [
            -77.05642967263057,
            38.806577657530724
          ],
          [
            -77.05646085584578,
            38.80651876413316
          ],
          [
            -77.0564933937764,
            38.80646512121875
          ],
          [
            -77.05652809767358,
            38.806417848901866
          ],
          [
            -77.05656577878935,
            38.80637806729591
          ],
          [
            -77.05660724837786,
            38.80634689651289
          ],
          [
            -77.0566533176969,
            38.80632545666331
          ],
          [
            -77.05670479800959,
            38.80631486785569
          ],
          [
            -77.05676250058642,
            38.80631625019619
          ]
        ],
        "type": "LineString"
      }
    },
    {
      "type": "Feature",
      "id": "segment-9871dd3f4451db9f",
      "properties": {
        "segment_id": "segment-9871dd3f4451db9f",
        "fid": 254,
        "name": "Whole displayed feature (ALX portion)",
        "estimate_label": "Early Fairfax: King–Prince",
        "atlas_area_id": "ALX",
        "geometry_hash": "210e643967a31b971218880d544c87ff870214a07d38a0ce34d9f0e9f8e7ffde",
        "estimate_id": "PSL-20261008-segment-9871dd3f4451db9f",
        "start_year": 1892,
        "end_year": 1900,
        "start_earliest_year": 1892,
        "start_latest_year": 1895,
        "end_earliest_year": 1895,
        "end_latest_year": 1930,
        "start_confidence": "medium",
        "end_confidence": "very_low",
        "confidence_group": "very_low",
        "estimate_status": "provisional_not_verified_not_admitted",
        "mixed_subextent": false,
        "has_known_periods": true,
        "citation_review_warning": null,
        "continuous_operation_asserted": false,
        "whole_segment_uniform_lifespan_asserted": false,
        "source_ids": [
          "ALEX-FAIRFAX1895",
          "GAP-SRC-ALEX1895",
          "GAP-SRC-ALEX2021",
          "VA-AG-TT19100501",
          "VA-AM-S01",
          "VA-AM-S08"
        ],
        "context_source_ids": [
          "GAP-SRC-ALEX2021"
        ],
        "basis_claim_ids": [],
        "evidence_id": "segment-9871dd3f4451db9f",
        "start_estimated_date": null,
        "end_estimated_date": null,
        "start_precision": "year",
        "end_precision": "year",
        "verified_start_date": null,
        "verified_end_date": null,
        "passenger_use_existence": "supported_at_named_corridor_scope",
        "geometry_correspondence": "source_scoped_not_full_segment_proof",
        "uncertainty_reason_group": "date_or_course_attribution_only"
      },
      "geometry": {
        "coordinates": [
          [
            -77.042545,
            38.804505
          ],
          [
            -77.042615,
            38.804176
          ],
          [
            -77.042685,
            38.803846
          ],
          [
            -77.042786,
            38.803372
          ]
        ],
        "type": "LineString"
      }
    },
    {
      "type": "Feature",
      "id": "segment-d9c43424b1163eb6",
      "properties": {
        "segment_id": "segment-d9c43424b1163eb6",
        "fid": 255,
        "name": "Whole displayed feature (ALX portion)",
        "estimate_label": "Early Fairfax: Prince–Franklin",
        "atlas_area_id": "ALX",
        "geometry_hash": "c146b5aaab4ec4c695c678743c3b439423c22241803b32f7d428e9d860115492",
        "estimate_id": "PSL-20261008-segment-d9c43424b1163eb6",
        "start_year": 1892,
        "end_year": 1900,
        "start_earliest_year": 1892,
        "start_latest_year": 1895,
        "end_earliest_year": 1895,
        "end_latest_year": 1930,
        "start_confidence": "medium",
        "end_confidence": "very_low",
        "confidence_group": "very_low",
        "estimate_status": "provisional_not_verified_not_admitted",
        "mixed_subextent": false,
        "has_known_periods": true,
        "citation_review_warning": null,
        "continuous_operation_asserted": false,
        "whole_segment_uniform_lifespan_asserted": false,
        "source_ids": [
          "ALEX-FAIRFAX1895",
          "GAP-SRC-ALEX1895",
          "GAP-SRC-ALEX2021",
          "VA-AG-TT19100501",
          "VA-AM-S01",
          "VA-AM-S08"
        ],
        "context_source_ids": [
          "GAP-SRC-ALEX2021"
        ],
        "basis_claim_ids": [],
        "evidence_id": "segment-d9c43424b1163eb6",
        "start_estimated_date": null,
        "end_estimated_date": null,
        "start_precision": "year",
        "end_precision": "year",
        "verified_start_date": null,
        "verified_end_date": null,
        "passenger_use_existence": "supported_at_named_corridor_scope",
        "geometry_correspondence": "source_scoped_not_full_segment_proof",
        "uncertainty_reason_group": "date_or_course_attribution_only"
      },
      "geometry": {
        "coordinates": [
          [
            -77.042786,
            38.803372
          ],
          [
            -77.04304,
            38.802229
          ],
          [
            -77.043292,
            38.801082
          ],
          [
            -77.043515,
            38.799957
          ],
          [
            -77.043759,
            38.798822
          ],
          [
            -77.044018,
            38.797629
          ]
        ],
        "type": "LineString"
      }
    },
    {
      "type": "Feature",
      "id": "segment-30993df2b074feeb",
      "properties": {
        "segment_id": "segment-30993df2b074feeb",
        "fid": 256,
        "name": "Whole displayed feature (ALX portion)",
        "estimate_label": "Early Franklin: Fairfax–Royal",
        "atlas_area_id": "ALX",
        "geometry_hash": "fa263795e30fed9966d924c82f09705a7eb90f0d751f3ee07fd3b60bda9df47e",
        "estimate_id": "PSL-20261008-segment-30993df2b074feeb",
        "start_year": 1892,
        "end_year": 1900,
        "start_earliest_year": 1892,
        "start_latest_year": 1895,
        "end_earliest_year": 1895,
        "end_latest_year": 1930,
        "start_confidence": "low",
        "end_confidence": "very_low",
        "confidence_group": "very_low",
        "estimate_status": "provisional_not_verified_not_admitted",
        "mixed_subextent": false,
        "has_known_periods": true,
        "citation_review_warning": null,
        "continuous_operation_asserted": false,
        "whole_segment_uniform_lifespan_asserted": false,
        "source_ids": [
          "ALEX-FAIRFAX1895",
          "GAP-SRC-ALEX1895",
          "GAP-SRC-ALEX2021",
          "VA-AG-TT19100501",
          "VA-AM-S01",
          "VA-AM-S08"
        ],
        "context_source_ids": [],
        "basis_claim_ids": [],
        "evidence_id": "segment-30993df2b074feeb",
        "start_estimated_date": null,
        "end_estimated_date": null,
        "start_precision": "year",
        "end_precision": "year",
        "verified_start_date": null,
        "verified_end_date": null,
        "passenger_use_existence": "inferred_from_corridor_history",
        "geometry_correspondence": "corridor_correspondence_requires_review",
        "uncertainty_reason_group": "date_or_course_attribution_only"
      },
      "geometry": {
        "coordinates": [
          [
            -77.044018,
            38.797629
          ],
          [
            -77.045096,
            38.797766
          ]
        ],
        "type": "LineString"
      }
    },
    {
      "type": "Feature",
      "id": "segment-6b788a288fafb076",
      "properties": {
        "segment_id": "segment-6b788a288fafb076",
        "fid": 257,
        "name": "Western shared Carroll approach: NW-018 handoff through the existing vertex used for the later Sanitarium branch (MONT portion)",
        "estimate_label": "Takoma old Wildwood branch west of paper fold",
        "atlas_area_id": "MONT",
        "geometry_hash": "973999ba924b6de9e399bc882486b1e3a47ae3e6b65ad1a2426d3fc7f97aec12",
        "estimate_id": "PSL-20261008-segment-6b788a288fafb076",
        "start_year": 1897,
        "end_year": 1927,
        "start_earliest_year": 1897,
        "start_latest_year": 1898,
        "end_earliest_year": 1927,
        "end_latest_year": 1927,
        "start_confidence": "medium",
        "end_confidence": "medium",
        "confidence_group": "medium_high",
        "estimate_status": "provisional_not_verified_not_admitted",
        "mixed_subextent": false,
        "has_known_periods": true,
        "citation_review_warning": null,
        "continuous_operation_asserted": false,
        "whole_segment_uniform_lifespan_asserted": false,
        "source_ids": [
          "GAP-SRC-ELLENBERGER1974",
          "MD-MONT-S01",
          "MD-MONT-S07"
        ],
        "context_source_ids": [
          "GAP-SRC-DINKY2000",
          "INF-SRC-MD-TAKOMA-MINUTES1918",
          "MDW-S12",
          "MDW-S16"
        ],
        "basis_claim_ids": [
          "TA-MD-MD-MONT-C19",
          "TA-MD-MD-MONT-C25-withdrawal"
        ],
        "evidence_id": "segment-6b788a288fafb076",
        "start_estimated_date": null,
        "end_estimated_date": null,
        "start_precision": "year",
        "end_precision": "year",
        "verified_start_date": null,
        "verified_end_date": null,
        "passenger_use_existence": "supported_at_named_corridor_scope",
        "geometry_correspondence": "source_scoped_not_full_segment_proof",
        "uncertainty_reason_group": "ordinary_date_and_scope_uncertainty"
      },
      "geometry": {
        "coordinates": [
          [
            -77.00917196297914,
            38.97547158180335
          ],
          [
            -77.00798257289834,
            38.97545361178482
          ],
          [
            -77.00709594621637,
            38.9757751084873
          ],
          [
            -77.00621696773378,
            38.97657354703222
          ],
          [
            -77.0053397476483,
            38.9774855670723
          ]
        ],
        "type": "LineString"
      }
    },
    {
      "type": "Feature",
      "id": "segment-84bb73d159bf68e9",
      "properties": {
        "segment_id": "segment-84bb73d159bf68e9",
        "fid": 258,
        "name": "Old Wildwood continuation: east from the later Sanitarium divergence proxy to the NW-020 paper-fold handoff (MONT portion)",
        "estimate_label": "Takoma old Wildwood branch west of paper fold",
        "atlas_area_id": "MONT",
        "geometry_hash": "c4396b207afa34341ffada9bb2fe0866527a308a2994334aeab9486442189971",
        "estimate_id": "PSL-20261008-segment-84bb73d159bf68e9",
        "start_year": 1897,
        "end_year": 1907,
        "start_earliest_year": 1897,
        "start_latest_year": 1898,
        "end_earliest_year": 1900,
        "end_latest_year": 1910,
        "start_confidence": "medium",
        "end_confidence": "low",
        "confidence_group": "low",
        "estimate_status": "provisional_not_verified_not_admitted",
        "mixed_subextent": false,
        "has_known_periods": false,
        "citation_review_warning": null,
        "continuous_operation_asserted": false,
        "whole_segment_uniform_lifespan_asserted": false,
        "source_ids": [
          "GAP-SRC-ELLENBERGER1974",
          "MD-MONT-S01",
          "MD-MONT-S07"
        ],
        "context_source_ids": [
          "GAP-SRC-DINKY2000"
        ],
        "basis_claim_ids": [
          "TA-MD-MD-MONT-C19",
          "TA-MD-MD-MONT-C20",
          "TA-MD-MD-MONT-C21"
        ],
        "evidence_id": "segment-84bb73d159bf68e9",
        "start_estimated_date": null,
        "end_estimated_date": null,
        "start_precision": "year",
        "end_precision": "year",
        "verified_start_date": null,
        "verified_end_date": null,
        "passenger_use_existence": "supported_at_named_corridor_scope",
        "geometry_correspondence": "source_scoped_not_full_segment_proof",
        "uncertainty_reason_group": "ordinary_date_and_scope_uncertainty"
      },
      "geometry": {
        "coordinates": [
          [
            -77.0053397476483,
            38.9774855670723
          ],
          [
            -77.00445703344361,
            38.97805690740869
          ],
          [
            -77.0026735183935,
            38.978063892158694
          ],
          [
            -77.0014841822196,
            38.978045807889046
          ],
          [
            -76.99935502307133,
            38.977804176794514
          ]
        ],
        "type": "LineString"
      }
    },
    {
      "type": "Feature",
      "id": "segment-6288a855c0d37201",
      "properties": {
        "segment_id": "segment-6288a855c0d37201",
        "fid": 259,
        "name": "Fourteenth E-to-B SW surface reach (DC portion)",
        "estimate_label": "Belt/Bureau Fourteenth Street and waterfront leg",
        "atlas_area_id": "DC",
        "geometry_hash": "6458dae046e8d60686f5ab6a6bef0f6d7c607e453e17d15e55d8fbbbdae6bd16",
        "estimate_id": "PSL-20261008-segment-6288a855c0d37201",
        "start_year": 1875,
        "end_year": 1962,
        "start_earliest_year": 1875,
        "start_latest_year": 1880,
        "end_earliest_year": 1961,
        "end_latest_year": 1962,
        "start_confidence": "medium",
        "end_confidence": "medium",
        "confidence_group": "medium_high",
        "estimate_status": "provisional_not_verified_not_admitted",
        "mixed_subextent": true,
        "has_known_periods": true,
        "citation_review_warning": null,
        "continuous_operation_asserted": false,
        "whole_segment_uniform_lifespan_asserted": false,
        "source_ids": [
          "AUDIT-DC-NPS2005-DUPONT",
          "AUDIT-NPS2005-MET-EARLY",
          "AUDIT-PUC1935-P35",
          "AUDIT-WILDWOOD-TERMINAL-NPS2005",
          "DC-RECON-NPS2005-E19",
          "GAP-CONV-S08",
          "GDR-SRC-PUC1935",
          "INF-SRC-MD-NPS-STREETCAR",
          "LATE-CONV-S01",
          "LATE-CONV-S07",
          "LATE-CONV-S08",
          "LATE-PH-S08",
          "LATE-PH-S11",
          "LOOP-S07",
          "MD-EAST-S18",
          "MD-MONT-S02",
          "WB-S01",
          "date-source-aa82a23988ba1f53"
        ],
        "context_source_ids": [
          "CORE-S05",
          "DC-LATE-MAP-S03"
        ],
        "basis_claim_ids": [
          "DC-TIME-INH-LATE-PH-E20",
          "DC-TIME-DCLV-C14"
        ],
        "evidence_id": "segment-6288a855c0d37201",
        "start_estimated_date": null,
        "end_estimated_date": null,
        "start_precision": "year",
        "end_precision": "year",
        "verified_start_date": null,
        "verified_end_date": null,
        "passenger_use_existence": "supported_at_named_corridor_scope",
        "geometry_correspondence": "source_scoped_not_full_segment_proof",
        "uncertainty_reason_group": "ordinary_date_and_scope_uncertainty"
      },
      "geometry": {
        "coordinates": [
          [
            -77.03128542992053,
            38.89518686587494
          ],
          [
            -77.03134001173524,
            38.893806494872685
          ],
          [
            -77.03160308630363,
            38.88715335394125
          ]
        ],
        "type": "LineString"
      }
    },
    {
      "type": "Feature",
      "id": "segment-ce24ccfb9e4c6383",
      "properties": {
        "segment_id": "segment-ce24ccfb9e4c6383",
        "fid": 260,
        "name": "B Street Fourteenth-to-Twelfth (DC portion)",
        "estimate_label": "Belt/Bureau Fourteenth Street and waterfront leg",
        "atlas_area_id": "DC",
        "geometry_hash": "2824026f9dc742b23a668023e31a8c23a3d980685682e28b4c6c8f24ea48b722",
        "estimate_id": "PSL-20261008-segment-ce24ccfb9e4c6383",
        "start_year": 1875,
        "end_year": 1935,
        "start_earliest_year": 1875,
        "start_latest_year": 1888,
        "end_earliest_year": 1900,
        "end_latest_year": 1935,
        "start_confidence": "medium",
        "end_confidence": "low",
        "confidence_group": "low",
        "estimate_status": "provisional_not_verified_not_admitted",
        "mixed_subextent": false,
        "has_known_periods": false,
        "citation_review_warning": null,
        "continuous_operation_asserted": false,
        "whole_segment_uniform_lifespan_asserted": false,
        "source_ids": [
          "AUDIT-DC-NPS2005-DUPONT",
          "AUDIT-NPS2005-MET-EARLY",
          "AUDIT-PUC1935-P35",
          "AUDIT-WILDWOOD-TERMINAL-NPS2005",
          "DC-RECON-NPS2005-E19",
          "GAP-CONV-S08",
          "GDR-SRC-PUC1935",
          "INF-SRC-MD-NPS-STREETCAR",
          "LATE-CONV-S01",
          "LATE-PH-S08",
          "LATE-PH-S11",
          "LOOP-S07",
          "MD-EAST-S18",
          "MD-MONT-S02",
          "WB-S01"
        ],
        "context_source_ids": [],
        "basis_claim_ids": [
          "DC-TIME-INH-LATE-PH-E20"
        ],
        "evidence_id": "segment-ce24ccfb9e4c6383",
        "start_estimated_date": null,
        "end_estimated_date": null,
        "start_precision": "year",
        "end_precision": "year",
        "verified_start_date": null,
        "verified_end_date": null,
        "passenger_use_existence": "inferred_from_corridor_history",
        "geometry_correspondence": "corridor_correspondence_requires_review",
        "uncertainty_reason_group": "ordinary_date_and_scope_uncertainty"
      },
      "geometry": {
        "coordinates": [
          [
            -77.03160308630363,
            38.88715335394125
          ],
          [
            -77.02886730502911,
            38.887159025699475
          ]
        ],
        "type": "LineString"
      }
    },
    {
      "type": "Feature",
      "id": "segment-da721da5a85e2bdc",
      "properties": {
        "segment_id": "segment-da721da5a85e2bdc",
        "fid": 261,
        "name": "Virginia Avenue Twelfth-to-Eleventh shared surface edge (DC portion)",
        "estimate_label": "Belt/Bureau Fourteenth Street and waterfront leg",
        "atlas_area_id": "DC",
        "geometry_hash": "9dd047dd5de97d11e3d236b2cc33b41cc2a1a9b8c0fd6d038b223099ef2d7d02",
        "estimate_id": "PSL-20261008-segment-da721da5a85e2bdc",
        "start_year": 1875,
        "end_year": 1935,
        "start_earliest_year": 1875,
        "start_latest_year": 1888,
        "end_earliest_year": 1900,
        "end_latest_year": 1935,
        "start_confidence": "medium",
        "end_confidence": "low",
        "confidence_group": "low",
        "estimate_status": "provisional_not_verified_not_admitted",
        "mixed_subextent": false,
        "has_known_periods": false,
        "citation_review_warning": null,
        "continuous_operation_asserted": false,
        "whole_segment_uniform_lifespan_asserted": false,
        "source_ids": [
          "AUDIT-DC-NPS2005-DUPONT",
          "AUDIT-NPS2005-MET-EARLY",
          "AUDIT-PUC1935-P35",
          "AUDIT-WILDWOOD-TERMINAL-NPS2005",
          "DC-RECON-NPS2005-E19",
          "GAP-CONV-S08",
          "GDR-SRC-PUC1935",
          "INF-SRC-MD-NPS-STREETCAR",
          "LATE-CONV-S01",
          "LATE-PH-S08",
          "LATE-PH-S11",
          "LOOP-S07",
          "MD-EAST-S18",
          "MD-MONT-S02",
          "WB-S01"
        ],
        "context_source_ids": [],
        "basis_claim_ids": [
          "DC-TIME-INH-LATE-PH-E20"
        ],
        "evidence_id": "segment-da721da5a85e2bdc",
        "start_estimated_date": null,
        "end_estimated_date": null,
        "start_precision": "year",
        "end_precision": "year",
        "verified_start_date": null,
        "verified_end_date": null,
        "passenger_use_existence": "inferred_from_corridor_history",
        "geometry_correspondence": "corridor_correspondence_requires_review",
        "uncertainty_reason_group": "ordinary_date_and_scope_uncertainty"
      },
      "geometry": {
        "coordinates": [
          [
            -77.02886730502911,
            38.887159025699475
          ],
          [
            -77.02679677173171,
            38.88661711998621
          ]
        ],
        "type": "LineString"
      }
    },
    {
      "type": "Feature",
      "id": "segment-dd23f2e9f424185d",
      "properties": {
        "segment_id": "segment-dd23f2e9f424185d",
        "fid": 262,
        "name": "Eleventh Street Virginia-to-Water (DC portion)",
        "estimate_label": "Belt/Bureau Fourteenth Street and waterfront leg",
        "atlas_area_id": "DC",
        "geometry_hash": "3abf353d4687a25a6f73de9f8ef80a74129253bf379350b62be6cd66cf52f2c0",
        "estimate_id": "PSL-20261008-segment-dd23f2e9f424185d",
        "start_year": 1875,
        "end_year": 1935,
        "start_earliest_year": 1875,
        "start_latest_year": 1888,
        "end_earliest_year": 1900,
        "end_latest_year": 1935,
        "start_confidence": "medium",
        "end_confidence": "low",
        "confidence_group": "low",
        "estimate_status": "provisional_not_verified_not_admitted",
        "mixed_subextent": false,
        "has_known_periods": false,
        "citation_review_warning": null,
        "continuous_operation_asserted": false,
        "whole_segment_uniform_lifespan_asserted": false,
        "source_ids": [
          "AUDIT-DC-NPS2005-DUPONT",
          "AUDIT-NPS2005-MET-EARLY",
          "AUDIT-PUC1935-P35",
          "AUDIT-WILDWOOD-TERMINAL-NPS2005",
          "DC-RECON-NPS2005-E19",
          "GAP-CONV-S08",
          "GDR-SRC-PUC1935",
          "INF-SRC-MD-NPS-STREETCAR",
          "LATE-CONV-S01",
          "LATE-PH-S08",
          "LATE-PH-S11",
          "LOOP-S07",
          "MD-EAST-S18",
          "MD-MONT-S02",
          "WB-S01"
        ],
        "context_source_ids": [],
        "basis_claim_ids": [
          "DC-TIME-INH-LATE-PH-E20"
        ],
        "evidence_id": "segment-dd23f2e9f424185d",
        "start_estimated_date": null,
        "end_estimated_date": null,
        "start_precision": "year",
        "end_precision": "year",
        "verified_start_date": null,
        "verified_end_date": null,
        "passenger_use_existence": "inferred_from_corridor_history",
        "geometry_correspondence": "corridor_correspondence_requires_review",
        "uncertainty_reason_group": "ordinary_date_and_scope_uncertainty"
      },
      "geometry": {
        "coordinates": [
          [
            -77.02679677173171,
            38.88661711998621
          ],
          [
            -77.02691890553902,
            38.88077008823089
          ]
        ],
        "type": "LineString"
      }
    },
    {
      "type": "Feature",
      "id": "segment-38b0104e7f53bee8",
      "properties": {
        "segment_id": "segment-38b0104e7f53bee8",
        "fid": 263,
        "name": "Corrected Fourth Street New York-to-G; northern Fourth is reused from DC1912-094 (DC portion)",
        "estimate_label": "Early Belt Fourth and old First Street remainders",
        "atlas_area_id": "DC",
        "geometry_hash": "a22fa697dcafcc8c5de3f9c8a4f4c4d1d4231e3140119f0205be43b5a49e9725",
        "estimate_id": "PSL-20261008-segment-38b0104e7f53bee8",
        "start_year": 1875,
        "end_year": 1900,
        "start_earliest_year": 1875,
        "start_latest_year": 1880,
        "end_earliest_year": 1892,
        "end_latest_year": 1935,
        "start_confidence": "medium",
        "end_confidence": "low",
        "confidence_group": "low",
        "estimate_status": "provisional_not_verified_not_admitted",
        "mixed_subextent": false,
        "has_known_periods": false,
        "citation_review_warning": null,
        "continuous_operation_asserted": false,
        "whole_segment_uniform_lifespan_asserted": false,
        "source_ids": [
          "AUDIT-DC-NPS2005-DUPONT",
          "AUDIT-NPS2005-MET-EARLY",
          "AUDIT-WILDWOOD-TERMINAL-NPS2005",
          "DC-RECON-NPS2005-E19",
          "GAP-CONV-S08",
          "INF-SRC-MD-NPS-STREETCAR",
          "LATE-PH-S08",
          "LOOP-S07",
          "MD-EAST-S18",
          "MD-MONT-S02",
          "WB-S01"
        ],
        "context_source_ids": [],
        "basis_claim_ids": [],
        "evidence_id": "segment-38b0104e7f53bee8",
        "start_estimated_date": null,
        "end_estimated_date": null,
        "start_precision": "year",
        "end_precision": "year",
        "verified_start_date": null,
        "verified_end_date": null,
        "passenger_use_existence": "inferred_from_corridor_history",
        "geometry_correspondence": "corridor_correspondence_requires_review",
        "uncertainty_reason_group": "ordinary_date_and_scope_uncertainty"
      },
      "geometry": {
        "coordinates": [
          [
            -77.016179,
            38.9048915
          ],
          [
            -77.01618047640272,
            38.89781217581942
          ]
        ],
        "type": "LineString"
      }
    },
    {
      "type": "Feature",
      "id": "segment-c925de84d13516da",
      "properties": {
        "segment_id": "segment-c925de84d13516da",
        "fid": 264,
        "name": "Unchanged old First Street G-to-C remainder (DC portion)",
        "estimate_label": "Early Belt Fourth and old First Street remainders",
        "atlas_area_id": "DC",
        "geometry_hash": "1dc095d5735de2cac41427be12e98f07dd87fd611eb1f350078570df700492d9",
        "estimate_id": "PSL-20261008-segment-c925de84d13516da",
        "start_year": 1875,
        "end_year": 1900,
        "start_earliest_year": 1875,
        "start_latest_year": 1880,
        "end_earliest_year": 1892,
        "end_latest_year": 1935,
        "start_confidence": "medium",
        "end_confidence": "low",
        "confidence_group": "low",
        "estimate_status": "provisional_not_verified_not_admitted",
        "mixed_subextent": false,
        "has_known_periods": false,
        "citation_review_warning": null,
        "continuous_operation_asserted": false,
        "whole_segment_uniform_lifespan_asserted": false,
        "source_ids": [
          "AUDIT-DC-NPS2005-DUPONT",
          "AUDIT-NPS2005-MET-EARLY",
          "AUDIT-WILDWOOD-TERMINAL-NPS2005",
          "DC-RECON-NPS2005-E19",
          "GAP-CONV-S08",
          "INF-SRC-MD-NPS-STREETCAR",
          "LATE-PH-S08",
          "LOOP-S07",
          "MD-EAST-S18",
          "MD-MONT-S02",
          "WB-S01"
        ],
        "context_source_ids": [
          "GAR1892-LOC"
        ],
        "basis_claim_ids": [],
        "evidence_id": "segment-c925de84d13516da",
        "start_estimated_date": null,
        "end_estimated_date": null,
        "start_precision": "year",
        "end_precision": "year",
        "verified_start_date": null,
        "verified_end_date": null,
        "passenger_use_existence": "supported_at_named_corridor_scope",
        "geometry_correspondence": "source_scoped_not_full_segment_proof",
        "uncertainty_reason_group": "ordinary_date_and_scope_uncertainty"
      },
      "geometry": {
        "coordinates": [
          [
            -77.01264272249549,
            38.897830964175995
          ],
          [
            -77.01217540385895,
            38.896843532280435
          ],
          [
            -77.01190559227996,
            38.89303515330328
          ]
        ],
        "type": "LineString"
      }
    },
    {
      "type": "Feature",
      "id": "segment-5d20dd338508588c",
      "properties": {
        "segment_id": "segment-5d20dd338508588c",
        "fid": 265,
        "name": "Congressional Cemetery branch: G–Seventeenth–E (DC portion)",
        "estimate_label": "Congressional Cemetery branch: G–Seventeenth–E",
        "atlas_area_id": "DC",
        "geometry_hash": "de438a34e1d03fc2fd113c148ffd0d254cf88bed253754a5ccd01c9d5ab32e28",
        "estimate_id": "PSL-20261008-segment-5d20dd338508588c",
        "start_year": 1876,
        "end_year": 1935,
        "start_earliest_year": 1875,
        "start_latest_year": 1892,
        "end_earliest_year": 1920,
        "end_latest_year": 1935,
        "start_confidence": "low",
        "end_confidence": "low",
        "confidence_group": "low",
        "estimate_status": "provisional_not_verified_not_admitted",
        "mixed_subextent": false,
        "has_known_periods": false,
        "citation_review_warning": null,
        "continuous_operation_asserted": false,
        "whole_segment_uniform_lifespan_asserted": false,
        "source_ids": [
          "AUDIT-DC-NPS2005-DUPONT",
          "AUDIT-NPS2005-MET-EARLY",
          "AUDIT-PUC1935-P35",
          "AUDIT-WILDWOOD-TERMINAL-NPS2005",
          "DC-RECON-NPS2005-E19",
          "GAP-CONV-S08",
          "GDR-SRC-PUC1935",
          "INF-SRC-MD-NPS-STREETCAR",
          "LATE-CONV-S01",
          "LATE-PH-S08",
          "LATE-PH-S11",
          "LOOP-S07",
          "MD-EAST-S18",
          "MD-MONT-S02",
          "WB-S01"
        ],
        "context_source_ids": [
          "GAR1892-LOC"
        ],
        "basis_claim_ids": [
          "DC-TIME-DCLV-C03"
        ],
        "evidence_id": "segment-5d20dd338508588c",
        "start_estimated_date": null,
        "end_estimated_date": null,
        "start_precision": "year",
        "end_precision": "year",
        "verified_start_date": null,
        "verified_end_date": null,
        "passenger_use_existence": "supported_at_named_corridor_scope",
        "geometry_correspondence": "source_scoped_not_full_segment_proof",
        "uncertainty_reason_group": "ordinary_date_and_scope_uncertainty"
      },
      "geometry": {
        "coordinates": [
          [
            -76.99123394648527,
            38.880902503992715
          ],
          [
            -76.98371385977748,
            38.88126266820286
          ],
          [
            -76.98081560236128,
            38.88127710948012
          ],
          [
            -76.98071216578555,
            38.88135179204575
          ],
          [
            -76.98076218837737,
            38.88272936536761
          ],
          [
            -76.98066023739842,
            38.88283633673562
          ],
          [
            -76.97715866999026,
            38.88280402517669
          ]
        ],
        "type": "LineString"
      }
    },
    {
      "type": "Feature",
      "id": "segment-1cf23eaa87eaa184",
      "properties": {
        "segment_id": "segment-1cf23eaa87eaa184",
        "fid": 266,
        "name": "Ninth–Louisiana–eastern Ohio–Twelfth connector (DC portion)",
        "estimate_label": "Ninth–Louisiana–eastern Ohio–Twelfth connector",
        "atlas_area_id": "DC",
        "geometry_hash": "a463c18fb33881c7079070f69a8389b36bf5dafedd1180ea0da741cdbcc78797",
        "estimate_id": "PSL-20261008-segment-1cf23eaa87eaa184",
        "start_year": 1875,
        "end_year": 1935,
        "start_earliest_year": 1875,
        "start_latest_year": 1888,
        "end_earliest_year": 1900,
        "end_latest_year": 1935,
        "start_confidence": "medium",
        "end_confidence": "low",
        "confidence_group": "low",
        "estimate_status": "provisional_not_verified_not_admitted",
        "mixed_subextent": false,
        "has_known_periods": false,
        "citation_review_warning": null,
        "continuous_operation_asserted": false,
        "whole_segment_uniform_lifespan_asserted": false,
        "source_ids": [
          "AUDIT-DC-NPS2005-DUPONT",
          "AUDIT-NPS2005-MET-EARLY",
          "AUDIT-PUC1935-P35",
          "AUDIT-WILDWOOD-TERMINAL-NPS2005",
          "DC-RECON-NPS2005-E19",
          "GAP-CONV-S08",
          "GDR-SRC-PUC1935",
          "INF-SRC-MD-NPS-STREETCAR",
          "LATE-CONV-S01",
          "LATE-PH-S08",
          "LATE-PH-S11",
          "LOOP-S07",
          "MD-EAST-S18",
          "MD-MONT-S02",
          "WB-S01"
        ],
        "context_source_ids": [],
        "basis_claim_ids": [
          "DC-TIME-INH-LATE-PH-E20"
        ],
        "evidence_id": "segment-1cf23eaa87eaa184",
        "start_estimated_date": null,
        "end_estimated_date": null,
        "start_precision": "year",
        "end_precision": "year",
        "verified_start_date": null,
        "verified_end_date": null,
        "passenger_use_existence": "inferred_from_corridor_history",
        "geometry_correspondence": "corridor_correspondence_requires_review",
        "uncertainty_reason_group": "ordinary_date_and_scope_uncertainty"
      },
      "geometry": {
        "coordinates": [
          [
            -77.02351446493753,
            38.89317623229891
          ],
          [
            -77.02549809503253,
            38.89276386411473
          ],
          [
            -77.0279114954144,
            38.89274117380453
          ],
          [
            -77.02814758612068,
            38.892679895746774
          ]
        ],
        "type": "LineString"
      }
    },
    {
      "type": "Feature",
      "id": "segment-49bbbf1381ecfb30",
      "properties": {
        "segment_id": "segment-49bbbf1381ecfb30",
        "fid": 267,
        "name": "New Jersey Avenue: New York to Massachusetts (DC portion)",
        "estimate_label": "New Jersey Avenue: New York to Massachusetts",
        "atlas_area_id": "DC",
        "geometry_hash": "e35aa4713ddc120f6dfced667a7fe5655d1a8e0fa6c2e33c8e45c2378eab6662",
        "estimate_id": "PSL-20261008-segment-49bbbf1381ecfb30",
        "start_year": 1908,
        "end_year": 1962,
        "start_earliest_year": 1907,
        "start_latest_year": 1909,
        "end_earliest_year": 1962,
        "end_latest_year": 1962,
        "start_confidence": "medium",
        "end_confidence": "medium",
        "confidence_group": "medium_high",
        "estimate_status": "provisional_not_verified_not_admitted",
        "mixed_subextent": false,
        "has_known_periods": true,
        "citation_review_warning": null,
        "continuous_operation_asserted": false,
        "whole_segment_uniform_lifespan_asserted": false,
        "source_ids": [
          "AUDIT-DC-NPS2005-DUPONT",
          "AUDIT-NPS2005-MET-EARLY",
          "AUDIT-WILDWOOD-TERMINAL-NPS2005",
          "DC-RECON-NPS2005-E19",
          "GAP-CONV-S07",
          "GAP-CONV-S08",
          "INF-SRC-MD-NPS-STREETCAR",
          "LATE-CONV-S07",
          "LATE-PH-S08",
          "LOOP-S07",
          "MD-EAST-S18",
          "MD-MONT-S02",
          "WB-S01",
          "date-source-aa82a23988ba1f53"
        ],
        "context_source_ids": [
          "DC-LATE-MAP-S03"
        ],
        "basis_claim_ids": [
          "DC-TIME-DCLV-C15"
        ],
        "evidence_id": "segment-49bbbf1381ecfb30",
        "start_estimated_date": null,
        "end_estimated_date": null,
        "start_precision": "year",
        "end_precision": "year",
        "verified_start_date": null,
        "verified_end_date": null,
        "passenger_use_existence": "supported_at_named_corridor_scope",
        "geometry_correspondence": "source_scoped_not_full_segment_proof",
        "uncertainty_reason_group": "ordinary_date_and_scope_uncertainty"
      },
      "geometry": {
        "coordinates": [
          [
            -77.014786,
            38.905370500000004
          ],
          [
            -77.0144632996907,
            38.90454187000706
          ],
          [
            -77.01410894876278,
            38.903680980028234
          ],
          [
            -77.01372294721625,
            38.90278783006353
          ],
          [
            -77.01330529505111,
            38.90186242011294
          ],
          [
            -77.01285599226738,
            38.90090475017647
          ],
          [
            -77.012375038865,
            38.899914820254125
          ],
          [
            -77.01186243484403,
            38.898892630345884
          ],
          [
            -77.01131818020447,
            38.897838180451764
          ]
        ],
        "type": "LineString"
      }
    },
    {
      "type": "Feature",
      "id": "segment-ffcf7f8dfd6cb385",
      "properties": {
        "segment_id": "segment-ffcf7f8dfd6cb385",
        "fid": 268,
        "name": "Second Street NE R–T return (DC portion)",
        "estimate_label": "Second Street NE R–T return",
        "atlas_area_id": "DC",
        "geometry_hash": "c6d9e1f50f463fbe6775ed1d9100975a7c0075a49af8b3e85310d52a5ea1b2be",
        "estimate_id": "PSL-20261008-segment-ffcf7f8dfd6cb385",
        "start_year": 1897,
        "end_year": 1958,
        "start_earliest_year": 1888,
        "start_latest_year": 1902,
        "end_earliest_year": 1958,
        "end_latest_year": 1958,
        "start_confidence": "low",
        "end_confidence": "medium",
        "confidence_group": "low",
        "estimate_status": "provisional_not_verified_not_admitted",
        "mixed_subextent": false,
        "has_known_periods": true,
        "citation_review_warning": null,
        "continuous_operation_asserted": false,
        "whole_segment_uniform_lifespan_asserted": false,
        "source_ids": [
          "AUDIT-DC-NPS2005-DUPONT",
          "AUDIT-NPS2005-MET-EARLY",
          "AUDIT-WILDWOOD-TERMINAL-NPS2005",
          "DC-RECON-NPS2005-E19",
          "G7-S-1955-INHERITED",
          "GAP-CONV-S08",
          "INF-SRC-MD-NPS-STREETCAR",
          "LATE-CONV-S04",
          "LATE-PH-S08",
          "LOOP-S07",
          "MD-EAST-S18",
          "MD-MONT-S02",
          "WB-S01",
          "date-source-9d66f86d24fa03bc",
          "date-source-d8569aec0d752768"
        ],
        "context_source_ids": [
          "DC-LATE-MAP-S03"
        ],
        "basis_claim_ids": [
          "TA-MD-NEW-CR-MARYLAND-1958"
        ],
        "evidence_id": "segment-ffcf7f8dfd6cb385",
        "start_estimated_date": null,
        "end_estimated_date": null,
        "start_precision": "year",
        "end_precision": "year",
        "verified_start_date": null,
        "verified_end_date": null,
        "passenger_use_existence": "supported_at_named_corridor_scope",
        "geometry_correspondence": "source_scoped_not_full_segment_proof",
        "uncertainty_reason_group": "ordinary_date_and_scope_uncertainty"
      },
      "geometry": {
        "coordinates": [
          [
            -77.00407133901315,
            38.91216385927602
          ],
          [
            -77.0039509856816,
            38.912713053367504
          ],
          [
            -77.00383063235002,
            38.91326224745899
          ],
          [
            -77.00371027901845,
            38.91381144155048
          ],
          [
            -77.00358992568688,
            38.914360635641955
          ],
          [
            -77.00346957235531,
            38.91490982973344
          ]
        ],
        "type": "LineString"
      }
    },
    {
      "type": "Feature",
      "id": "segment-7eec0077156b161d",
      "properties": {
        "segment_id": "segment-7eec0077156b161d",
        "fid": 269,
        "name": "East Capitol car-barn Fifteenth and southern return (DC portion)",
        "estimate_label": "East Capitol car-barn Fifteenth and southern return",
        "atlas_area_id": "DC",
        "geometry_hash": "31715cbd4e2627bf636fbd960b152723869a7d7f8c00e567cdb969783c55e827",
        "estimate_id": "PSL-20261008-segment-7eec0077156b161d",
        "start_year": 1896,
        "end_year": 1962,
        "start_earliest_year": 1890,
        "start_latest_year": 1947,
        "end_earliest_year": 1961,
        "end_latest_year": 1962,
        "start_confidence": "very_low",
        "end_confidence": "very_low",
        "confidence_group": "very_low",
        "estimate_status": "provisional_not_verified_not_admitted",
        "mixed_subextent": false,
        "has_known_periods": true,
        "citation_review_warning": null,
        "continuous_operation_asserted": false,
        "whole_segment_uniform_lifespan_asserted": false,
        "source_ids": [
          "AUDIT-DC-NPS2005-DUPONT",
          "AUDIT-NPS2005-MET-EARLY",
          "AUDIT-WILDWOOD-TERMINAL-NPS2005",
          "DC-RECON-NPS2005-E19",
          "GAP-CONV-S08",
          "INF-SRC-MD-NPS-STREETCAR",
          "LATE-PH-S08",
          "LOOP-S07",
          "MD-EAST-S18",
          "MD-MONT-S02",
          "WB-S01"
        ],
        "context_source_ids": [],
        "basis_claim_ids": [],
        "evidence_id": "segment-7eec0077156b161d",
        "start_estimated_date": null,
        "end_estimated_date": null,
        "start_precision": "year",
        "end_precision": "year",
        "verified_start_date": null,
        "verified_end_date": null,
        "passenger_use_existence": "terminal_service_role_inferred_occupancy_unresolved",
        "geometry_correspondence": "estimated_turnback_or_barn_access",
        "uncertainty_reason_group": "possible_empty_turnback_or_barn_movement"
      },
      "geometry": {
        "coordinates": [
          [
            -76.983649,
            38.890929
          ],
          [
            -76.983645,
            38.889801
          ],
          [
            -76.985506,
            38.889803
          ]
        ],
        "type": "LineString"
      }
    }
  ]
}
